Date,actual,pure_trend,gated_macro_trend
2023-06-01,14984.0,14982.944497505276,14983.348472673824
2023-06-02,14907.0,15001.607823272481,15003.779047937396
2023-06-05,14983.0,14980.557017435298,14982.125207854417
2023-06-06,14849.5,14995.878972727678,14999.1317565943
2023-06-07,14872.0,15026.698877422294,15030.659214643232
2023-06-08,14889.0,15026.867293044406,15030.55462742734
2023-06-09,14836.0,15051.989498547218,15056.914536074866
2023-06-12,14833.0,15040.94805170264,15045.456067629426
2023-06-13,14871.5,15041.300944859722,15046.113353588707
2023-06-14,14869.0,15065.882553206073,15073.239914927915
2023-06-15,14909.0,15062.894809871732,15069.435768194724
2023-06-16,14897.0,15082.12319575923,15091.065275231384
2023-06-19,14928.0,15066.810533186153,15074.963302923597
2023-06-20,15008.0,15074.188281145909,15082.943783637691
2023-06-21,15016.0,15083.111527817673,15092.265193940893
2023-06-22,14943.0,15080.204538183096,15089.179400714389
2023-06-23,14935.0,15084.290223358874,15093.889765897608
2023-06-26,14987.0,15079.507374732731,15088.724701057143
2023-06-27,15039.0,15088.133001222895,15098.631554114105
2023-06-28,14982.5,15095.118125351799,15105.748147991879
2023-06-29,14981.0,15091.047842236521,15101.539296193276
2023-06-30,15064.0,15103.358141534058,15114.862391054003
2023-07-03,14986.0,15113.080458514261,15124.364069412983
2023-07-04,15056.0,15117.812357661496,15129.586522501282
2023-07-05,15010.0,15124.632752652818,15136.713123328094
2023-07-06,15077.0,15126.026298910137,15137.886863918713
2023-07-07,15189.2998046875,15137.286987854379,15150.858130866527
2023-07-10,15128.0,15138.047000585551,15150.824284482906
2023-07-11,15216.0,15138.381990852638,15151.575495897514
2023-07-12,15156.7998046875,15141.298542329376,15154.887864924885
2023-07-13,14928.0,15137.065450699822,15150.269629354249
2023-07-14,14954.0,15152.357314723437,15166.689964058958
2023-07-17,14951.0,15151.944362462782,15165.605829648814
2023-07-18,14982.5,15149.7525671518,15163.61052348434
2023-07-19,14986.0,15155.579250977169,15169.72411845487
2023-07-20,14992.0,15151.19965870973,15164.951636418305
2023-07-21,15051.5,15160.516453729093,15175.153070095776
2023-07-24,15018.0,15161.386768398728,15175.607207804695
2023-07-25,15021.5,15160.975794338436,15175.250563831942
2023-07-26,15032.0,15166.829074085688,15181.43690781341
2023-07-27,15007.0,15169.94817133795,15184.317768666308
2023-07-28,15095.0,15174.522303942957,15189.833760072845
2023-07-31,15088.0,15175.514519619403,15190.274973430187
2023-08-01,15104.0,15176.516763739068,15191.462425592928
2023-08-02,15131.0,15181.102232753126,15196.236002150208
2023-08-03,15220.0,15182.997009331975,15198.14535290896
2023-08-04,15161.0,15186.471054960399,15202.256841365752
2023-08-07,15163.0,15188.664272641407,15204.104265966738
2023-08-08,15232.0,15189.42047606283,15204.952254963695
2023-08-09,15207.2001953125,15192.961966824529,15208.84373479713
2023-08-10,15207.0,15192.645139441582,15208.081256762109
2023-08-11,15259.0,15196.204338187747,15212.416325092172
2023-08-14,15317.0,15197.679023466299,15213.492418647156
2023-08-15,15347.0,15199.73398200907,15215.761951526081
2023-08-16,15311.5,15204.514346215768,15221.06650225294
2023-08-17,15362.0,15203.706530657848,15219.702718444327
2023-08-18,15362.5,15207.531127616454,15224.320308833536
2023-08-21,15278.0,15210.553402558558,15227.13025123468
2023-08-22,15318.900390625,15212.880491256003,15229.609520715358
2023-08-23,15317.0,15217.352454027396,15234.585050048836
2023-08-24,15294.099609375,15217.897535027092,15234.697193389551
2023-08-25,15239.0,15221.725769719564,15239.254744124328
2023-08-28,15288.0,15225.426429618516,15242.960741968493
2023-08-29,15255.5,15227.319078667355,15244.90396379804
2023-08-30,15196.5,15230.65956174032,15248.613016795616
2023-08-31,15216.0,15231.922685587797,15249.507535175851
2023-09-01,15231.0,15235.16219093537,15253.168542755155
2023-09-04,15233.0,15238.636084578045,15256.508882936392
2023-09-05,15227.0,15240.104070262729,15257.972168204826
2023-09-06,15298.0,15242.851587642688,15261.028307932436
2023-09-07,15336.0,15244.817591047431,15262.779277663882
2023-09-08,15342.0,15247.583687291928,15266.030307802503
2023-09-11,15318.0,15250.906675907218,15269.169987597865
2023-09-12,15339.099609375,15252.839381663029,15271.117122369238
2023-09-13,15350.2001953125,15256.269759668874,15274.982726006818
2023-09-14,15353.0,15258.448760420606,15276.818819799068
2023-09-15,15395.0,15261.913451025825,15280.661446341857
2023-09-18,15346.0,15264.740379571489,15283.378031706847
2023-09-19,15377.0,15266.614262384577,15285.208136454215
2023-09-20,15384.5,15270.32371239099,15289.455772355801
2023-09-21,15361.0,15272.496939874642,15291.386426182153
2023-09-22,15400.5,15275.563935542275,15294.9469155319
2023-09-25,15368.0,15278.338935580945,15298.26657195533
2023-09-26,15405.0,15280.349962626227,15300.09392235175
2023-09-27,15493.0,15283.752105237838,15303.992451912462
2023-09-28,15569.0,15285.886948913,15305.938066905195
2023-09-29,15474.0,15288.353212320635,15308.74749853919
2023-10-02,15448.0,15291.218964583077,15311.735912550701
2023-10-03,15516.0,15293.4325638647,15313.93233804526
2023-10-04,15622.0,15296.682725346538,15317.61066630957
2023-10-05,15591.0,15299.156252864928,15319.965527189142
2023-10-06,15631.0,15301.586325162514,15322.663213929089
2023-10-09,15603.0,15304.688153271636,15325.927949969411
2023-10-10,15691.400390625,15307.246588769563,15328.512559249128
2023-10-11,15718.5,15310.495533845504,15332.16679879082
2023-10-12,15693.0,15313.281894985363,15334.860539920835
2023-10-13,15739.0,15316.046245699985,15337.941842446508
2023-10-16,15676.0,15319.254231793224,15342.065384725332
2023-10-17,15675.0,15322.013486297014,15344.655195947138
2023-10-18,15728.2001953125,15325.253810969954,15348.371197942439
2023-10-19,15807.0,15327.941052437889,15351.030538986852
2023-10-20,15856.0,15330.882671414478,15354.335415643787
2023-10-23,15868.0,15334.094352227174,15358.577938187067
2023-10-24,15874.0,15336.788081428065,15361.057086384772
2023-10-25,15868.0,15339.952018289028,15364.737947329573
2023-10-26,15877.5,15342.704265137289,15367.513618655743
2023-10-27,15920.0,15345.675246944767,15370.828113435888
2023-10-30,15903.5,15348.871234055592,15375.171591283945
2023-10-31,15843.0,15351.63932606241,15377.726971017451
2023-11-01,15748.7001953125,15354.879440948336,15381.515665122752
2023-11-02,15900.0,15357.908893384825,15384.620359603708
2023-11-03,15838.0,15360.95112044733,15388.003259492072
2023-11-06,15582.099609375,15364.26751330754,15391.893036149033
2023-11-07,15570.0,15367.132146161879,15394.77577747929
2023-11-08,15643.599609375,15370.347650862852,15398.506529519047
2023-11-09,15616.0,15373.516529581135,15401.808858468185
2023-11-10,15713.7001953125,15376.504359376682,15405.150052785986
2023-11-13,15683.0,15379.726646622068,15408.927306372198
2023-11-14,15667.0,15382.61095468608,15411.8771283887
2023-11-15,15281.0,15385.727066589057,15415.479839038551
2023-11-16,15487.7998046875,15388.775157565115,15418.656041906552
2023-11-17,15475.0,15391.676910999777,15421.856514580022
2023-11-20,15399.400390625,15394.715427167182,15425.21894978335
2023-11-21,15382.099609375,15397.54511457967,15428.000321240625
2023-11-22,15501.2998046875,15400.620741540153,15431.387371039105
2023-11-23,15612.7998046875,15403.564167905733,15434.343306777744
2023-11-24,15495.0,15406.407572188184,15437.266375965562
2023-11-27,15560.0,15409.362340033664,15440.502907575508
2023-11-28,15466.5,15412.147620999216,15443.186649017358
2023-11-29,15259.0,15415.10067685282,15446.366363685254
2023-11-30,15407.0,15417.932981710219,15449.176161452304
2023-12-01,15549.2998046875,15420.67021485334,15451.905435620143
2023-12-04,15437.400390625,15423.539315454134,15454.979591064264
2023-12-05,15519.900390625,15426.231066841216,15457.597001734115
2023-12-06,15457.0,15428.995631385571,15460.486375326103
2023-12-07,15480.0,15431.689697883154,15463.136422806378
2023-12-08,15500.0,15434.262602324738,15465.665157325198
2023-12-11,15560.2001953125,15436.96550989891,15468.492923385007
2023-12-12,15647.0,15439.497436001415,15470.924987869774
2023-12-13,15569.0,15442.04737381104,15473.516724893758
2023-12-14,15275.0,15444.570864448764,15475.952480030954
2023-12-15,15468.0,15446.962515231977,15478.255563013157
2023-12-18,15282.7998046875,15449.453640122647,15480.769256797817
2023-12-19,15454.400390625,15451.777343210619,15482.93631475216
2023-12-20,15455.0,15454.133728954235,15485.24822761359
2023-12-21,15518.0,15456.482330281113,15487.477153319325
2023-12-22,15440.0,15458.727883977446,15489.576555811238
2023-12-25,15409.2001953125,15461.024371772397,15491.843456240735
2023-12-26,15460.0,15463.197900319148,15493.793383308976
2023-12-27,15400.0,15465.364447611706,15495.872269773387
2023-12-28,15373.0,15467.513440856039,15497.867736656639
2023-12-29,15425.0,15469.582787591042,15499.749321652083
2024-01-01,15383.099609375,15471.675686607157,15501.761028950743
2024-01-02,15383.0,15473.670965117428,15503.498984484908
2024-01-03,15498.0,15475.696024429077,15505.38383130401
2024-01-04,15555.0,15477.698786114248,15507.318838913334
2024-01-05,15511.0,15479.626788238495,15509.078744395523
2024-01-08,15477.5,15481.56494039346,15510.847982299552
2024-01-09,15495.5,15483.423373462634,15512.448961165717
2024-01-10,15534.5,15485.275041452724,15514.113600563944
2024-01-11,15555.0,15487.135892791279,15515.76735570647
2024-01-12,15556.5,15488.911599064144,15517.278558034817
2024-01-15,15503.2001953125,15490.722040416475,15518.883042332367
2024-01-16,15546.0,15492.471281159806,15520.381631684002
2024-01-17,15625.0,15494.210165389271,15521.94371597084
2024-01-18,15624.0,15495.949765657273,15523.61669561806
2024-01-19,15613.099609375,15497.61138553535,15525.139704058822
2024-01-22,15601.0,15499.294923539475,15526.680931599945
2024-01-23,15655.5,15500.951183434261,15528.192811967667
2024-01-24,15715.0,15502.582100690634,15529.737167335383
2024-01-25,15714.5,15504.184291686288,15531.290592502726
2024-01-26,15808.0,15505.717740440148,15532.740630049493
2024-01-29,15767.599609375,15507.29446910191,15534.284308600989
2024-01-30,15828.0,15508.850699141434,15535.764819966082
2024-01-31,15785.0,15510.395636360221,15537.272797946203
2024-02-01,15769.0,15511.941120000118,15538.892695394698
2024-02-02,15726.0,15513.453228603128,15540.304883434097
2024-02-05,15727.2001953125,15514.995150716308,15541.836571384069
2024-02-06,15711.5,15516.512928871656,15543.293463977117
2024-02-07,15733.0,15518.035158819754,15544.777298740433
2024-02-08,15647.0,15519.564355023016,15546.311225500287
2024-02-09,15660.2998046875,15521.069049008629,15547.766866862423
2024-02-12,15598.0,15522.588202987963,15549.286925135935
2024-02-13,15579.5,15524.102217863128,15550.7708786137
2024-02-14,15661.5,15525.60601695396,15552.344327932396
2024-02-15,15553.099609375,15527.11574927678,15553.93540722747
2024-02-16,15672.0,15528.610912891088,15555.469362904527
2024-02-19,15628.599609375,15530.120168311312,15557.0586778307
2024-02-20,15634.0,15531.621888475758,15558.609623543362
2024-02-21,15661.0,15533.104614828753,15560.160443010236
2024-02-22,15642.0,15534.614472041238,15561.7760104903
2024-02-23,15588.0,15536.08694101751,15563.310043104977
2024-02-26,15586.099609375,15537.564183567982,15564.793880449623
2024-02-27,15638.5,15539.035532196664,15566.274058686255
2024-02-28,15653.0,15540.494586969327,15567.748834273758
2024-02-29,15712.2001953125,15541.969385034072,15569.265082767035
2024-03-01,15704.0,15543.433748387171,15570.734308567657
2024-03-04,15691.900390625,15544.905828116896,15572.227392026514
2024-03-05,15766.0,15546.360625023986,15573.68639885833
2024-03-06,15751.5,15547.821506340353,15575.251809586913
2024-03-07,15668.0,15549.294690075705,15576.823146302588
2024-03-08,15621.0,15550.755479343778,15578.35458468699
2024-03-11,15536.2998046875,15552.227969168849,15579.916686726778
2024-03-12,15518.0,15553.70331744991,15581.472158226106
2024-03-13,15546.0,15555.205073969166,15582.982264139888
2024-03-14,15574.0,15556.696094622097,15584.550268911313
2024-03-15,15630.0,15558.188446940127,15586.211461141182
2024-03-18,15639.2998046875,15559.69365901344,15587.895502416739
2024-03-19,15743.0,15561.215476153147,15589.614065817526
2024-03-20,15718.0,15562.760731477443,15591.269355338509
2024-03-21,15687.0,15564.338810480438,15593.019259005288
2024-03-22,15723.5,15565.946175887946,15594.795679514837
2024-03-25,15802.599609375,15567.578306913432,15596.598962590246
2024-03-26,15784.0,15569.245377422765,15598.454381671692
2024-03-27,15828.0,15570.946529135552,15600.348313284156
2024-03-28,15877.0,15572.692963254032,15602.316892459019
2024-03-29,15877.0,15574.467644342702,15604.325146458345
2024-04-01,15848.0,15576.293260201193,15606.406864134353
2024-04-02,15945.7998046875,15578.176388030297,15608.559816940215
2024-04-03,15955.0,15580.118798988893,15610.898703358678
2024-04-04,15936.0,15582.117572285417,15613.29845464785
2024-04-05,15904.5,15584.144624230079,15615.750837676704
2024-04-08,15881.0,15586.231283050634,15618.298204743018
2024-04-09,15918.0,15588.359214976974,15620.907843650937
2024-04-10,15892.2998046875,15590.55649359754,15623.60574857006
2024-04-11,15998.2001953125,15592.828609876471,15626.422692102313
2024-04-12,16007.0,15595.142873576813,15629.302870501604
2024-04-15,16111.0,15597.528648021385,15632.282593538635
2024-04-16,16075.0,15599.99232980136,15635.360760046913
2024-04-17,16312.2001953125,15602.54876716864,15638.55507096275
2024-04-18,16246.0,15605.181214636725,15641.847970886847
2024-04-19,16220.0,15607.88448520022,15645.228548640847
2024-04-22,16210.2998046875,15610.655014264214,15649.382312811706
2024-04-23,16246.0,15613.516326588802,15652.76083891993
2024-04-24,16140.2001953125,15616.455552898287,15656.360888776095
2024-04-25,16220.0,15619.483256559055,15660.060546410285
2024-04-26,16202.0,15622.573994802256,15663.820231809987
2024-04-29,16203.0,15625.744719335231,15667.723770596785
2024-04-30,16246.0,15629.00573552431,15671.626505971208
2024-05-01,16273.0,15632.331682104914,15675.629122787323
2024-05-02,16190.400390625,15635.744082501338,15679.698937698091
2024-05-03,16097.0,15639.212909029307,15683.81689398641
2024-05-06,16077.0,15642.740052005358,15687.799507997128
2024-05-07,16034.0,15646.338679451479,15691.812601948393
2024-05-08,16073.0,15649.995035791015,15695.880030307479
2024-05-09,16074.0,15653.717244516594,15699.924959151616
2024-05-10,16030.0,15657.493158279676,15704.034663792514
2024-05-13,16038.0,15661.319624788443,15708.221764744798
2024-05-14,16121.0,15665.189051753325,15712.304820006128
2024-05-15,16102.0,15669.099452679644,15716.440286343175
2024-05-16,15914.0,15673.056152549616,15720.568942680082
2024-05-17,15930.7998046875,15677.03983646068,15724.697231883638
2024-05-20,15958.0,15681.05156204837,15728.843238366902
2024-05-21,16031.0,15685.088114798717,15732.891272211988
2024-05-22,16005.0,15689.139955584094,15736.958908007451
2024-05-23,16040.7001953125,15693.215473508897,15741.017937640969
2024-05-24,16095.0,15697.293061880131,15745.014719954728
2024-05-27,16038.0,15701.368959141199,15749.02239793947
2024-05-28,16071.0,15705.446526990027,15752.959108890655
2024-05-29,16117.0,15709.511415110353,15756.867566003368
2024-05-30,16232.099609375,15713.5736643085,15760.9567417391
2024-05-31,16228.0,15717.618665578279,15764.893804597441
2024-06-03,16243.0,15721.638991296697,15768.633418323532
2024-06-04,16203.0,15725.639810018025,15772.349786273642
2024-06-05,16276.0,15729.607579749894,15776.017664994812
2024-06-06,16315.0,15733.55375227427,15779.641357820628
2024-06-07,16241.7001953125,15737.461587323669,15783.199481541247
2024-06-10,16270.0,15741.330918692664,15786.699797407722
2024-06-11,16312.0,15745.1618776225,15790.15253785006
2024-06-12,16305.400390625,15748.947176922316,15793.510392962022
2024-06-13,16230.0,15752.691801821156,15796.834123613833
2024-06-14,16286.0,15756.383805689824,15800.079647184382
2024-06-17,16479.900390625,15760.02392001712,15803.262749416645
2024-06-18,16479.0,15763.613374994131,15806.360020766222
2024-06-19,16379.0,15767.143057151043,15809.392215919006
2024-06-20,16380.900390625,15770.616904459032,15812.388963538331
2024-06-21,16491.900390625,15774.029720079985,15815.291677912588
2024-06-24,16443.0,15777.380455503562,15818.129219336364
2024-06-25,16394.099609375,15780.670370849677,15820.855808098167
2024-06-26,16401.0,15783.892873361008,15823.529390245003
2024-06-27,16434.0,15787.054339587074,15826.173275725483
2024-06-28,16374.400390625,15790.149711047488,15828.70921625666
2024-07-01,16343.0,15793.17872021084,15831.186332990215
2024-07-02,16390.0,15796.144234736645,15833.588980005063
2024-07-03,16391.0,15799.03733635097,15835.90224021056
2024-07-04,16340.0,15801.867027422008,15838.172746150269
2024-07-05,16328.5,15804.629500914356,15840.36682557419
2024-07-08,16245.0,15807.323411643547,15842.496536158476
2024-07-09,16277.2001953125,15809.953713222523,15844.56110431186
2024-07-10,16277.0,15812.512777446009,15846.546462917777
2024-07-11,16198.0,15815.007736912414,15848.488679256001
2024-07-12,16104.0,15817.436380510155,15850.366940796905
2024-07-15,16108.0,15819.797747579481,15852.167643462622
2024-07-16,16195.0,15822.094709778889,15853.917489706908
2024-07-17,16173.0,15824.324354789022,15855.599705594277
2024-07-18,16138.0,15826.491735261381,15857.335680039438
2024-07-19,16185.0,15828.595451244828,15858.977710547813
2024-07-22,16206.0,15830.635675258667,15860.880741343772
2024-07-23,16220.2001953125,15832.615192932959,15862.301595651974
2024-07-24,16222.0,15834.532039924601,15863.85546342685
2024-07-25,16246.0,15836.390420721531,15865.393138717982
2024-07-26,16337.7998046875,15838.190146574381,15866.905228465832
2024-07-29,16283.0,15839.93139902903,15868.44869161706
2024-07-30,16301.7001953125,15841.61803206292,15869.92729549425
2024-07-31,16328.5,15843.247405976465,15871.42510262113
2024-08-01,16255.0,15844.824042861721,15872.9291442419
2024-08-02,16281.0,15846.347606752177,15874.41006754221
2024-08-05,16012.0,15847.851469813439,15876.218575667097
2024-08-06,16208.0,15849.349694167584,15877.575012446547
2024-08-07,16152.2998046875,15850.83361708042,15879.087345216702
2024-08-08,16023.0,15852.30800709544,15880.5675602262
2024-08-09,15979.0,15853.77280202086,15882.066817383891
2024-08-12,15918.0,15855.230868582148,15883.630247444056
2024-08-13,15949.099609375,15856.685810958525,15885.085948632102
2024-08-14,15749.0,15858.13460103751,15886.60908142806
2024-08-15,15619.5,15859.580456804288,15888.126069309048
2024-08-16,15755.0,15861.024031225006,15889.652637364889
2024-08-19,15683.0,15862.467870723329,15891.232705503286
2024-08-20,15523.0,15863.91464657669,15892.729947036589
2024-08-21,15442.0,15865.362200752264,15894.291426920237
2024-08-22,15484.0,15866.810930585301,15895.822037674756
2024-08-23,15728.5,15868.260662595823,15897.376345507348
2024-08-26,15377.2001953125,15869.715127292991,15899.013847053602
2024-08-27,15462.599609375,15871.176199920428,15900.560177319147
2024-08-28,15467.099609375,15872.642179329783,15902.170171009524
2024-08-29,15440.0,15874.11467114787,15903.767457121901
2024-08-30,15444.7998046875,15875.594358530408,15905.366659641073
2024-09-02,15525.0,15877.083358326658,15907.041110594679
2024-09-03,15520.099609375,15878.582976896983,15908.634255447872
2024-09-04,15532.900390625,15880.091067908532,15910.291628859815
2024-09-05,15444.400390625,15881.60913579755,15911.933527567315
2024-09-06,15417.0,15883.135512941644,15913.580728302328
2024-09-09,15405.0,15884.670272674755,15915.625410360888
2024-09-10,15456.7998046875,15886.215351104722,15917.169284151883
2024-09-11,15489.0,15887.769059020471,15918.884334291777
2024-09-12,15437.0,15889.332258303291,15920.575553327666
2024-09-13,15418.7001953125,15890.90301165615,15922.264569388006
2024-09-16,15393.0,15892.481423184236,15924.04962573072
2024-09-17,15385.0,15894.069048675081,15925.735048356062
2024-09-18,15345.0,15895.664464901372,15927.49405801479
2024-09-19,15300.2001953125,15897.267993785714,15929.231799448062
2024-09-20,15197.599609375,15898.879268036648,15930.9806557043
2024-09-23,15154.0,15900.498321580695,15932.79383143062
2024-09-24,15174.099609375,15902.12758297737,15934.532021771895
2024-09-25,15121.099609375,15903.766233142967,15936.342471770202
2024-09-26,15201.5,15905.414054647748,15938.178262818908
2024-09-27,15070.0,15907.070671634081,15940.072144646745
2024-09-30,15118.0,15908.735897062128,15942.086649132976
2024-10-01,15170.599609375,15910.410625602612,15944.056324593506
2024-10-02,15260.599609375,15912.094167436764,15946.141397201163
2024-10-03,15324.0,15913.78647712968,15948.263494786628
2024-10-04,15457.0,15915.48696396584,15950.448633044194
2024-10-07,15650.0,15917.19547589796,15952.752066034709
2024-10-08,15744.0,15918.911607744838,15955.032417266186
2024-10-09,15682.400390625,15920.672407543425,15957.443964947932
2024-10-10,15664.599609375,15922.47970640893,15959.91520829201
2024-10-11,15670.900390625,15924.333695877694,15962.438741881715
2024-10-14,15562.0,15926.236906143582,15965.099329440432
2024-10-15,15573.0,15928.192491190966,15967.786640218748
2024-10-16,15578.599609375,15930.205447760736,15970.585464946664
2024-10-17,15583.900390625,15932.277571151644,15973.453857861075
2024-10-18,15493.0,15934.411326380785,15976.383619121294
2024-10-21,15467.0,15936.608914441924,15979.458105788406
2024-10-22,15556.0,15938.873192769133,15982.562938872039
2024-10-23,15586.0,15941.208799589564,15985.786205220445
2024-10-24,15663.0,15943.617154011326,15989.083108435127
2024-10-25,15621.5,15946.100595943777,15992.459761871922
2024-10-28,15688.099609375,15948.657761930983,15995.94594896971
2024-10-29,15747.0,15951.289642125557,15999.498017233667
2024-10-30,15768.0,15954.00141270671,16003.124518846333
2024-10-31,15695.5,15956.792806729552,16006.830008133928
2024-11-01,15713.0,15959.664757935494,16010.593686571721
2024-11-04,15842.0,15962.616914373024,16015.227365326926
2024-11-05,15790.0,15965.649616908722,16018.89647914573
2024-11-06,15665.0,15968.765353560451,16022.942192796363
2024-11-07,15818.2001953125,15971.962092387592,16026.99034250293
2024-11-08,15558.0,15975.238848206996,16031.078038819722
2024-11-11,15647.2001953125,15978.59347930829,16035.311132360877
2024-11-12,15765.0,15982.022241629427,16039.426182076217
2024-11-13,15788.900390625,15985.52409788264,16043.65989744958
2024-11-14,15847.2001953125,15989.09572131925,16047.909326831603
2024-11-15,15933.2998046875,15992.73417549031,16052.166643841867
2024-11-18,15891.2998046875,15996.435118130268,16057.404660383758
2024-11-19,15806.099609375,16000.192637869603,16061.389598936978
2024-11-20,15817.099609375,16004.003949809592,16065.798873796852
2024-11-21,15913.0,16007.86391867564,16070.086842360846
2024-11-22,15816.900390625,16011.768063987538,16074.4201284777
2024-11-25,15940.0,16015.710791030997,16078.933020552187
2024-11-26,15901.2001953125,16019.686769396092,16083.133904464565
2024-11-27,15930.0,16023.69182581709,16087.484315081125
2024-11-28,15863.5,16027.72201420849,16091.754948901238
2024-11-29,15878.0,16031.772460127435,16096.01188785442
2024-12-02,15829.0,16035.837884416065,16100.126111233987
2024-12-03,15910.0,16039.912929297341,16104.051463901655
2024-12-04,15940.0,16043.993648850992,16108.055834063662
2024-12-05,15906.599609375,16048.075211968673,16111.903565459008
2024-12-06,15839.7998046875,16052.153645636694,16115.728404962196
2024-12-09,15825.7998046875,16056.224337857884,16119.662541278549
2024-12-10,15864.0,16060.282483930885,16123.529738364845
2024-12-11,15908.0,16064.324845582116,16127.403775128018
2024-12-12,15963.0,16068.345982871779,16130.947707757165
2024-12-13,15967.400390625,16072.341465314934,16134.483770548833
2024-12-16,16025.7998046875,16076.307840756364,16138.08677315402
2024-12-17,15955.0,16080.240834560265,16141.642744768491
2024-12-18,15926.2001953125,16084.137557719152,16145.177030834324
2024-12-19,16145.2998046875,16087.994556487845,16148.588245222674
2024-12-20,15981.2998046875,16091.808746053197,16151.910442296765
2024-12-23,16159.2998046875,16095.577341476388,16155.275178818696
2024-12-24,16217.599609375,16099.297283034657,16158.513717852722
2024-12-25,15970.7998046875,16102.966563524655,16161.681174104566
2024-12-26,15069.400390625,16106.582774366974,16164.742484376551
2024-12-27,16189.0,16110.143976354502,16167.672579507118
2024-12-30,16178.0,16113.648419707379,16171.258596157399
2024-12-31,16085.599609375,16117.094297771833,16173.909720994161
2025-01-02,16230.5,16120.47986785697,16176.77818386859
2025-01-03,16201.099609375,16123.80361128231,16179.47350859841
2025-01-06,16178.7998046875,16127.064400260424,16182.10658743729
2025-01-07,16179.099609375,16130.26126191632,16184.785938378787
2025-01-08,16157.7001953125,16133.392981008423,16187.267899603157
2025-01-09,16187.599609375,16136.458799879692,16189.71037407015
2025-01-10,16237.0,16139.457833060385,16192.080148068133
2025-01-13,16268.0,16142.389561088417,16194.813123874084
2025-01-14,16295.2001953125,16145.25369773268,16196.975310725591
2025-01-15,16320.0,16148.049659873794,16199.142708150142
2025-01-16,16360.7998046875,16150.77752367598,16201.285342446554
2025-01-17,16368.7998046875,16153.437123626336,16203.286011727017
2025-01-20,16367.099609375,16156.028542489426,16205.2850477416
2025-01-21,16245.0,16158.552094868248,16207.249674292416
2025-01-22,16330.7998046875,16161.007846280156,16208.992049914967
2025-01-23,16232.7998046875,16163.39632930393,16210.786444506713
2025-01-24,16230.900390625,16165.717971119517,16212.491052896965
2025-01-27,16164.900390625,16167.973268280257,16214.145642482768
2025-01-28,16155.599609375,16170.162989250213,16215.747983196856
2025-01-29,15881.2001953125,16172.287653841078,16217.223682242817
2025-01-30,16238.0,16174.348067855008,16218.719739245435
2025-01-31,16274.5,16176.345015083445,16220.210736015226
2025-02-03,16341.2998046875,16178.279222744035,16221.6785487884
2025-02-04,16320.0,16180.151645532178,16223.150293716464
2025-02-05,16299.099609375,16181.963195209602,16224.586050763213
2025-02-06,16298.099609375,16183.7149167727,16226.058571465906
2025-02-07,16327.0,16185.407806045347,16227.50305501919
2025-02-10,16314.7001953125,16187.04290488458,16228.937189950439
2025-02-11,16330.099609375,16188.621399318046,16230.381700781194
2025-02-12,16343.2998046875,16190.14440606729,16231.801911962633
2025-02-13,16375.0,16191.624630942564,16233.2409994469
2025-02-14,16219.0,16193.104856084914,16234.640741402913
2025-02-17,16173.0,16194.57029986521,16236.094876081474
2025-02-18,16220.0,16196.024939751946,16237.54180266039
2025-02-19,16317.0,16197.469488026296,16238.99908928344
2025-02-20,16346.400390625,16198.906061281772,16240.427460011337
2025-02-21,16245.099609375,16200.338990261265,16241.85290552049
2025-02-24,16278.0,16201.766549968725,16243.611416626334
2025-02-25,16279.2998046875,16203.190803951962,16244.972263403206
2025-02-26,16314.0,16204.612443435288,16246.4616229331
2025-02-27,16367.400390625,16206.033375497134,16247.945274984964
2025-02-28,16553.69921875,16207.457388906932,16249.43678873531
2025-03-03,16522.0,16208.882927676344,16250.975507900012
2025-03-04,16451.19921875,16210.311160548084,16252.511763892486
2025-03-05,16379.0,16211.739771231874,16254.008719928699
2025-03-06,16268.900390625,16213.171324151908,16255.547979433984
2025-03-07,16322.099609375,16214.61085193901,16257.109964723804
2025-03-10,16292.599609375,16216.05568326211,16259.01393655548
2025-03-11,16324.0,16217.507862147526,16260.466347955515
2025-03-12,16433.900390625,16218.967271123074,16262.07861506568
2025-03-13,16305.599609375,16220.435752504005,16263.644806847762
2025-03-14,16259.2998046875,16221.916501703367,16265.259451174963
2025-03-17,16321.0,16223.406940046574,16266.945671977883
2025-03-18,16370.0,16224.908533411173,16268.51203913552
2025-03-19,16514.5,16226.420089629211,16270.15929188766
2025-03-20,16330.2998046875,16227.940433211446,16271.805311386586
2025-03-21,16428.5,16229.472304331954,16273.4626985191
2025-03-24,16519.0,16231.014201192611,16275.19157989936
2025-03-25,16575.80078125,16232.56703923997,16276.821527232178
2025-03-26,16621.0,16234.129272453456,16278.534391398058
2025-03-27,16629.0,16235.699417046606,16280.213303168852
2025-03-28,16560.900390625,16237.280210306146,16281.922174429597
2025-03-31,16575.0,16238.869816809784,16284.067391176277
2025-04-01,16652.0,16240.469047170065,16285.627363085792
2025-04-02,16731.400390625,16242.076928834947,16287.424198814566
2025-04-03,16739.0,16243.693554258612,16289.172428713588
2025-04-04,16739.80078125,16245.320726356049,16290.934609536269
2025-04-07,16738.0,16246.958989994866,16293.18395194683
2025-04-08,16855.69921875,16248.607842693558,16294.8750817603
2025-04-09,17051.900390625,16250.266839593445,16296.849261557798
2025-04-10,16805.5,16251.935510775762,16298.817398742573
2025-04-11,16833.80078125,16253.615012031318,16300.841819371743
2025-04-14,16788.0,16255.304513264122,16303.482244678547
2025-04-15,16780.0,16257.004446711859,16305.47415034504
2025-04-16,16813.5,16258.713941630778,16307.791290786401
2025-04-17,16794.599609375,16260.432478031513,16310.09271298328
2025-04-21,16794.599609375,16262.16067571127,16312.97287240966
2025-04-22,16814.900390625,16263.916735481127,16315.480028993527
2025-04-23,16858.099609375,16265.728320129012,16318.019528570021
2025-04-24,16846.0,16267.588493931462,16320.764035901428
2025-04-25,16778.5,16269.500597799484,16323.504524694774
2025-04-28,16823.0,16271.468152991103,16326.427067782144
2025-04-29,16795.0,16273.494931264324,16329.505267753657
2025-04-30,16711.900390625,16275.585666413928,16332.492627339527
2025-05-01,16545.900390625,16277.741684807163,16335.689221744893
2025-05-02,16606.0,16279.965735306376,16338.904905671774
2025-05-05,16460.0,16282.261043201102,16342.27317106532
2025-05-06,16421.5,16284.631155068611,16345.82740370402
2025-05-07,16432.0,16287.080253056925,16349.298318402802
2025-05-08,16492.599609375,16289.609468448023,16352.943553321014
2025-05-09,16538.30078125,16292.219671492858,16356.649510334837
2025-05-12,16543.0,16294.910240431871,16360.478239175352
2025-05-13,16688.80078125,16297.684770995606,16364.4417010905
2025-05-14,16599.400390625,16300.546682795608,16368.346718750836
2025-05-15,16558.19921875,16303.49508051964,16372.420290968523
2025-05-16,16511.80078125,16306.53056088628,16376.5230568983
2025-05-19,16487.0,16309.65301576009,16380.689058376185
2025-05-20,16428.0,16312.863664691642,16384.970010937894
2025-05-21,16403.0,16316.163170007894,16389.234900851283
2025-05-22,16347.599609375,16319.548777663293,16393.57641507753
2025-05-23,16356.900390625,16323.018868552155,16397.905943756792
2025-05-26,16211.0,16326.570108627982,16402.295539796254
2025-05-27,16243.5,16330.199096546261,16406.76915854188
2025-05-28,16279.0,16333.904041747091,16411.196226689022
2025-05-29,16286.0,16337.680672011998,16415.66546560432
2025-05-30,16293.0,16341.524903189664,16420.09659650129
2025-06-02,16322.0,16345.430931831273,16424.58082545499
2025-06-03,16288.5,16349.393342071313,16429.075122188075
2025-06-04,16332.400390625,16353.408408900521,16433.5234977824
2025-06-05,16291.5,16357.470120102698,16437.972792224547
2025-06-06,16246.400390625,16361.572955197911,16442.403082507302
2025-06-09,16309.0,16365.710804742146,16446.802372383692
2025-06-10,16278.7998046875,16369.878278706894,16451.24030833011
2025-06-11,16247.7998046875,16374.071148334411,16455.551334983767
2025-06-12,15778.0,16378.284531138996,16459.878849875004
2025-06-13,16164.5,16382.512579293969,16464.149337243194
2025-06-16,16282.599609375,16386.74965396766,16468.3660992762
2025-06-17,15801.0,16390.990520376716,16472.578593084017
2025-06-18,16275.0,16395.230789111243,16476.67446411676
2025-06-19,15598.5,16399.46551650524,16480.746012128788
2025-06-20,16390.0,16403.69020115766,16484.759746470427
2025-06-23,16431.0,16407.899810963565,16488.70075949465
2025-06-24,16370.0,16412.089960730897,16492.584489507237
2025-06-25,16290.0,16416.25640861665,16496.387193616065
2025-06-26,16290.0,16420.393529066405,16500.148181816443
2025-06-27,16222.7998046875,16424.49736514678,16503.82286419735
2025-06-30,16229.0,16428.564105002253,16507.426167109414
2025-07-01,16230.0,16432.589686307667,16510.968615505808
2025-07-02,16236.400390625,16436.57117204013,16514.41739795427
2025-07-03,16235.0,16440.505004331408,16517.808015644627
2025-07-04,16203.7001953125,16444.388253973677,16521.114253485266
2025-07-07,16178.0,16448.21814177486,16524.3379399376
2025-07-08,16318.900390625,16451.9919756588,16527.49161189642
2025-07-09,16261.0,16455.70781319494,16530.55492104448
2025-07-10,16235.0,16459.36339908358,16533.55169636385
2025-07-11,16209.099609375,16462.956966483413,16536.465955098283
2025-07-14,16222.0,16466.486881606557,16539.280799557768
2025-07-15,16256.2001953125,16469.951331200686,16542.04373405789
2025-07-16,16252.099609375,16473.348769314343,16544.706226674218
2025-07-17,16271.2001953125,16476.67801214449,16547.301950114525
2025-07-18,16329.7001953125,16479.93808469206,16549.817095688864
2025-07-21,16321.0,16483.128067622816,16552.23885183142
2025-07-22,16329.5,16486.246946920415,16554.604523748047
2025-07-23,16245.2998046875,16489.29408939693,16556.876849988
2025-07-24,16266.099609375,16492.268869052677,16559.080767022846
2025-07-25,16307.0,16495.17101164102,16561.208995166595
2025-07-28,16353.0,16498.000262329453,16563.256167741536
2025-07-29,16398.80078125,16500.7563627666,16565.240390097842
2025-07-30,16367.900390625,16503.439528420455,16567.142631117553
2025-07-31,16426.80078125,16506.049785835206,16568.97674365738
2025-08-01,16483.0,16508.587472368956,16570.74294609259
2025-08-04,16483.0,16511.052982535828,16572.771786370886
2025-08-05,16362.0,16513.446642052648,16574.287673772713
2025-08-06,16377.5,16515.769168183404,16575.875428988285
2025-08-07,16334.7001953125,16518.02112459701,16577.375992856138
2025-08-08,16300.0,16520.203248946247,16578.870258345214
2025-08-11,16249.0,16522.316401093398,16580.37588441216
2025-08-12,16298.0,16524.36127200359,16581.817163078744
2025-08-13,16248.2001953125,16526.33884684468,16583.26843481038
2025-08-14,16109.0,16528.24999269941,16584.702063102268
2025-08-15,16169.0,16530.095616833587,16586.135190175934
2025-08-18,16196.0,16531.876838456854,16587.58027422709
2025-08-19,16205.400390625,16533.59470164075,16588.977966166804
2025-08-20,16275.2001953125,16535.25035225767,16590.45189337524
2025-08-21,16263.599609375,16536.844911402903,16591.866746723783
2025-08-22,16339.7001953125,16538.379563736722,16593.32594771513
2025-08-25,16227.0,16539.859190814455,16594.813253305598
2025-08-26,16267.0,16541.341416985706,16596.23693301664
2025-08-27,16299.2001953125,16542.806367355966,16597.70949847332
2025-08-28,16314.0,16544.258940579057,16599.157814802522
2025-08-29,16344.2998046875,16545.699971132468,16600.63145825789
2025-09-01,16409.0,16547.130990342957,16602.130715115607
2025-09-02,16405.19921875,16548.558087642225,16603.584640739515
2025-09-03,16443.900390625,16549.978605545803,16605.0925341225
2025-09-04,16463.0,16551.394954979176,16606.582937037598
2025-09-05,16452.099609375,16552.807905917092,16608.085185109754
2025-09-08,16392.0,16554.218889787182,16609.63301827076
2025-09-09,16446.099609375,16555.633224573434,16611.15480345104
2025-09-10,16449.900390625,16557.048503121157,16612.724511065368
2025-09-11,16439.0,16558.466792593295,16614.277368016858
2025-09-12,16413.599609375,16559.88484952337,16615.84156154496
2025-09-15,16401.0,16561.30468990078,16617.45918553465
2025-09-16,16364.599609375,16562.733439898868,16619.047695478763
2025-09-17,16398.099609375,16564.167092719465,16620.68276024554
2025-09-18,16418.599609375,16565.608437053685,16622.301260077948
2025-09-19,16569.099609375,16567.057068107413,16623.946592356788
2025-09-22,16637.0,16568.514482284165,16625.61358232891
2025-09-23,16582.0,16569.985475688987,16627.282625291613
2025-09-24,16633.0,16571.466293879697,16628.96097342078
2025-09-25,16695.099609375,16572.95906038843,16630.64381638907
2025-09-26,16759.099609375,16574.46268738966,16632.34196847183
2025-09-29,16723.0,16575.97495448698,16634.067792943722
2025-09-30,16628.0,16577.49986667819,16635.783821922418
2025-10-01,16683.0,16579.03516806071,16637.534182263757
2025-10-02,16644.099609375,16580.582315729258,16639.2767850027
2025-10-03,16601.5,16582.13984951465,16641.039367516012
2025-10-06,16558.0,16583.705114116725,16642.8290458289
2025-10-07,16596.5,16585.282192796574,16644.595914314374
2025-10-08,16587.0,16586.86841807434,16646.404895669984
2025-10-09,16556.0,16588.46509845907,16648.222228057446
2025-10-10,16577.69921875,16590.071009154864,16650.043394918313
2025-10-13,16598.0,16591.685921640943,16652.263649525066
2025-10-14,16548.0,16593.312011441205,16653.97705948029
2025-10-15,16585.900390625,16594.950047687715,16655.946496789737
2025-10-16,16575.0,16596.59947486089,16657.93631911791
2025-10-17,16561.900390625,16598.25987101757,16659.991029943914
2025-10-20,16566.0,16599.930349741127,16662.162295738348
2025-10-21,16542.0,16601.612672510295,16664.325589676486
2025-10-22,16598.900390625,16603.305580650245,16666.619849247716
2025-10-23,16596.599609375,16605.009853271386,16668.971895662176
2025-10-24,16593.80078125,16606.72451226859,16671.411129110627
2025-10-27,16597.80078125,16608.448621638272,16673.972146464763
2025-10-28,16158.2001953125,16610.183691427126,16676.56386325704
2025-10-29,16561.779296875,16611.926155936555,16679.298378580508
2025-10-30,16562.0,16613.688214738067,16682.085877617792
2025-10-31,16150.0,16615.51325220796,16685.00617904236
2025-11-03,16630.0,16617.388066993768,16687.95627995143
2025-11-04,16640.900390625,16619.319345183885,16690.955044446335
2025-11-05,16707.0,16621.308723941736,16694.104587021488
2025-11-06,16669.0,16623.36036068311,16697.325479462404
2025-11-07,16694.099609375,16625.4807827364,16700.65453801898
2025-11-10,16653.0,16627.669632080015,16704.106666787415
2025-11-11,16690.0,16629.931761015676,16707.59113973529
2025-11-12,16694.900390625,16632.26894583523,16711.22310196215
2025-11-13,16729.0,16634.685086967755,16714.923939169155
2025-11-14,16719.0,16637.185873890845,16718.704893386155
2025-11-17,16679.5,16639.771090936087,16723.398967307814
2025-11-18,16738.900390625,16642.442855824662,16727.10570596346
2025-11-19,16727.69921875,16645.19955060144,16731.245667783045
2025-11-20,16686.69921875,16648.04423424619,16735.39368230591
2025-11-21,16731.0,16650.98244005902,16739.60102461164
2025-11-24,16639.0,16654.011254776153,16743.989342842964
2025-11-25,16645.0,16657.132514497887,16748.262252484652
2025-11-26,16633.5,16660.34508457957,16752.68623541458
2025-11-27,16614.69921875,16663.649954925688,16757.113477011804
2025-11-28,16603.900390625,16667.049295607485,16761.586167742316
2025-12-01,16635.0,16670.53827384589,16766.166076982012
2025-12-02,16609.0,16674.116590766112,16770.65121519341
2025-12-03,16609.900390625,16677.779915060695,16775.2147316546
2025-12-04,16594.0,16681.523767506253,16779.713173649823
2025-12-05,16654.400390625,16685.347224842295,16784.283136709404
2025-12-08,16683.0,16689.244341819896,16788.957762541573
2025-12-09,16686.0,16693.21188183898,16793.443881384082
2025-12-10,16662.0,16697.24321105275,16798.03393604505
2025-12-11,16639.0,16701.331367889623,16802.55280470583
2025-12-12,16649.0,16705.47374185538,16807.078432723927
2025-12-15,16623.099609375,16709.662521868784,16811.65475642546
2025-12-16,16645.80078125,16713.89279347545,16816.034646985612
2025-12-17,16644.599609375,16718.157521927325,16820.49582999183
2025-12-18,16657.0,16722.450452988876,16824.873132033987
2025-12-19,16685.19921875,16726.76769781666,16829.167675359597
2025-12-22,16678.5,16731.10399176076,16833.530180574522
2025-12-23,16756.400390625,16735.453404986023,16837.720281407186
2025-12-24,16735.0,16739.80990305927,16841.687282893603
2025-12-26,16753.099609375,16744.167563429713,16845.631548656394
2025-12-29,16741.099609375,16748.522564755065,16849.463042874308
2025-12-30,16770.0,16752.86913991486,16853.56936689137
2025-12-31,16709.0,16757.203158207434,16857.406745278233
2026-01-02,16668.0,16761.5191625859,16861.236887374842
2026-01-05,16683.0,16765.812227952323,16864.96912276267
2026-01-06,16727.19921875,16770.07908938959,16868.628575033297
2026-01-07,16742.0,16774.31281531584,16872.27664034793
2026-01-08,16753.0,16778.50962974301,16875.812457251457
2026-01-09,16805.69921875,16782.665637002287,16879.247299397462
2026-01-12,16826.69921875,16786.776189591576,16882.61332969334
2026-01-13,16859.400390625,16790.83892153489,16885.87928071861
2026-01-14,16840.80078125,16794.849653037436,16889.152622206202
2026-01-15,16845.099609375,16798.805726793635,16892.273061341148
2026-01-16,16878.900390625,16802.704386912555,16895.328547308774
2026-01-19,16876.599609375,16806.542546117656,16898.277119546055
2026-01-20,16939.0,16810.318860851043,16901.128012412988
2026-01-21,16960.099609375,16814.030598472666,16903.981933945284
2026-01-22,16897.0,16817.676227990396,16906.64037316757
2026-01-23,16820.0,16821.254249989983,16909.263344945855
2026-01-26,16770.0,16824.76268391379,16911.81962220547
2026-01-27,16734.0,16828.2001749753,16914.25445661093
2026-01-28,16674.69921875,16831.565333757568,16916.69275476813
2026-01-29,16722.80078125,16834.857355121905,16918.99411405973
2026-01-30,16778.30078125,16838.07547106194,16921.23382637121
2026-02-02,16758.400390625,16841.218448188032,16923.39968084854
2026-02-03,16758.400390625,16844.285956315358,16925.447391119906
2026-02-04,16759.0,16847.277147775476,16927.483610478932
2026-02-05,16800.0,16850.191918110144,16929.407862819866
2026-02-06,16879.900390625,16853.030173235515,16931.26717777224
2026-02-09,16843.5,16855.791413219584,16933.058158209198
2026-02-10,16796.0,16858.476261933753,16934.74510546967
2026-02-11,16778.0,16861.084564739664,16936.396771875156
2026-02-12,16793.900390625,16863.61686909297,16937.958006311517
2026-02-13,16809.0,16866.073712382433,16939.45836151921
2026-02-16,16826.099609375,16868.455266687943,16941.239769799136
2026-02-17,16806.599609375,16870.762606765908,16942.57370704411
2026-02-18,16840.0,16872.996203864335,16944.06609431916
2026-02-19,16915.30078125,16875.156924620682,16945.50248466139
2026-02-20,16887.19921875,16877.24582715268,16946.93371647083
2026-02-23,16843.400390625,16879.26346724698,16948.392298771247
2026-02-24,16804.30078125,16881.211110743025,16949.762451572555
2026-02-25,16816.80078125,16883.089604494464,16951.201310480134
2026-02-26,16749.80078125,16884.89988056981,16952.595356270387
2026-02-27,16749.0,16886.643224464235,16954.000283678888
2026-03-02,16795.0,16888.32061036269,16955.445160275824
2026-03-03,16863.0,16889.933394388383,16956.822647407367
2026-03-04,16898.099609375,16891.48266660591,16958.263939581175
2026-03-05,16865.0,16892.969663501088,16959.643693850634
2026-03-06,16913.099609375,16894.45092153495,16961.05503031116
2026-03-09,16923.69921875,16895.916388913476,16962.812584054238
2026-03-10,16886.0,16897.367685728732,16964.0750135347
2026-03-11,16852.0,16898.80617038734,16965.55653544848
2026-03-12,16884.0,16900.233035971996,16966.982654551994
2026-03-13,16908.0,16901.65483228179,16968.431543232055
2026-03-16,16952.099609375,16903.069564311118,16970.26367010222
2026-03-17,16953.099609375,16904.479350599846,16971.560094388667
2026-03-18,16971.30078125,16905.885081968405,16973.107130420267
2026-03-19,17041.69921875,16907.28790874606,16974.59241410614
2026-03-20,16915.900390625,16908.69354616407,16976.095241842027
2026-03-23,16959.30078125,16910.10016458084,16978.034340108068
2026-03-24,16865.099609375,16911.509768977012,16979.381442765694
2026-03-25,16797.30078125,16912.919378164737,16981.000894567598
2026-03-26,16749.599609375,16914.329916945408,16982.528305069412
2026-03-27,16925.0,16915.749035695928,16984.0995540867
2026-03-30,16958.0,16917.1736131731,16986.16667443146
2026-03-31,16975.400390625,16918.605832233414,16987.530428941256
2026-04-01,16936.400390625,16920.04567922723,16989.22980713381
2026-04-02,16924.099609375,16921.494190805115,16990.80641947464
2026-04-03,16959.0,16922.95661166369,16992.454619421904
2026-04-06,16988.0,16924.429794405998,16994.25234166433
2026-04-07,17015.30078125,16925.91535975981,16995.803413629394
2026-04-08,17027.400390625,16927.412717648407,16997.53820016083
2026-04-09,17005.5,16928.91928482691,16999.17949521279
2026-04-10,17059.0,16930.438862775096,17000.875080074613
2026-04-13,17083.0,16931.96967200449,17002.731955195566
2026-04-14,17079.19921875,16933.51296666037,17004.34521824796
2026-04-15,17129.0,16935.067693382927,17006.152551393112
2026-04-16,17146.099609375,16936.630780486335,17007.84886425408
2026-04-17,17123.0,16938.206054736263,17009.593118808043
2026-04-20,17133.0,16939.791334633865,17011.512368737338
2026-04-21,17123.80078125,16941.387676483748,17013.17707650718
2026-04-22,17133.099609375,16942.99406588492,17015.03763157264
2026-04-23,17199.5,16944.60991884118,17016.810549731195
2026-04-24,17329.0,16946.23739096513,17018.65343232779
2026-04-27,17246.0,16947.877441819244,17020.697068558904
2026-04-28,17216.0,16949.529797444007,17022.622628709625
2026-04-29,17244.0,16951.19398430757,17024.72810707115
2026-04-30,17334.19921875,16952.868911516416,17026.83004516283
2026-05-01,17311.0,16954.556353887467,17028.992350492394
2026-05-04,17288.5,16956.25522072764,17031.368113195713
2026-05-05,17346.19921875,16957.966195436355,17033.68448685024
2026-05-06,17389.80078125,16959.688491271714,17036.172695643403
2026-05-07,17296.900390625,16961.420895788135,17038.687451366346
2026-05-08,17294.900390625,16963.165056855974,17041.292525808916
2026-05-11,17358.0,16964.917670576724,17044.097865274365
2026-05-12,17413.0,16966.67829638629,17046.881258484762
2026-05-13,17549.0,16968.470112504736,17049.838078577624
2026-05-14,17500.0,16970.324746886046,17052.852755051983
2026-05-15,17530.599609375,16972.234561021593,17055.9646326984
2026-05-18,17586.0,16974.203791156568,17059.262804911432
2026-05-19,17701.0,16976.235402060676,17062.57099554455
2026-05-20,17777.0,16978.334697460665,17066.039092078958
2026-05-21,17658.400390625,16980.50609988921,17069.59015954068
2026-05-22,17692.0,16982.75189415305,17073.224069172073
2026-05-25,17692.0,16985.07511128368,17077.044564383956
2026-05-26,17762.0,16987.478698007122,17080.863159132165
2026-05-27,17699.69921875,16989.96744179111,17084.85009048768
2026-05-28,17804.0,16992.545436165437,17088.905474658335
2026-05-29,17840.0,16995.213411780325,17093.02558393269
