Date,actual,naive_last,ar_p,ar_plus_trend,ar_plus_verified_exog,elasticnet_full
2023-06-01,14984.0,14979.0,14990.435506197053,14988.947148250638,14989.047940115846,14993.683634714902
2023-06-02,14907.0,14979.0,14987.657081207473,14986.175310147622,14989.699824238269,14990.398840078344
2023-06-05,14983.0,14979.0,14966.684720470777,14961.611227372285,14967.107365997701,14960.142436107379
2023-06-06,14849.5,14979.0,15000.456450128038,14995.00704143155,15000.473670968307,15002.01161173988
2023-06-07,14872.0,14979.0,15033.454779789377,15028.797166571963,15032.474547359787,15035.366382986082
2023-06-08,14889.0,14979.0,15038.421322317141,15031.652325902218,15038.731298471648,15034.080669422636
2023-06-09,14836.0,14979.0,15042.467499936876,15037.538751479986,15043.506866022224,15035.397530566752
2023-06-12,14833.0,14979.0,15018.800517472315,15013.449414804341,15024.094017444666,15006.942057822454
2023-06-13,14871.5,14979.0,15034.106464075396,15026.771937688098,15039.574731954952,15026.551774807534
2023-06-14,14869.0,14979.0,15057.793513430472,15051.053940708234,15061.7026055733,15058.432121945823
2023-06-15,14909.0,14979.0,15050.769099473087,15041.645351123358,15060.32817319666,15052.63750702254
2023-06-16,14897.0,14979.0,15071.197751418262,15061.750640804983,15076.524311350417,15071.185584629817
2023-06-19,14928.0,14979.0,15050.95933220734,15043.133086133897,15057.340202036827,15049.811788376757
2023-06-20,15008.0,14979.0,15068.520058231776,15059.482157380926,15073.681527838677,15072.470938094006
2023-06-21,15016.0,14979.0,15078.378916636564,15070.843882416386,15081.17497453506,15077.228628430787
2023-06-22,14943.0,14979.0,15063.614197143723,15056.002185776564,15068.176771738244,15079.397817893343
2023-06-23,14935.0,14979.0,15066.650224853725,15057.9136926543,15069.685051863005,15073.828689188724
2023-06-26,14987.0,14979.0,15058.838540951581,15050.946711815612,15062.525312919173,15054.814732609033
2023-06-27,15039.0,14979.0,15071.858004241829,15064.125375016321,15077.297264907367,15080.2951199849
2023-06-28,14982.5,14979.0,15077.14652362969,15068.772028720023,15081.161421851819,15087.479241130011
2023-06-29,14981.0,14979.0,15076.3412128423,15068.225058773296,15082.114283615823,15093.132822470447
2023-06-30,15064.0,14979.0,15086.66686210045,15078.151040859577,15095.662358682288,15101.635165675007
2023-07-03,14986.0,14979.0,15092.286307989672,15085.05892499937,15100.838951355972,15100.7874930662
2023-07-04,15056.0,14979.0,15087.045690945182,15080.985555121306,15095.236306453977,15109.32915351836
2023-07-05,15010.0,14979.0,15094.942770603078,15088.697888093813,15103.743586311493,15119.619620330735
2023-07-06,15077.0,14979.0,15097.19205864837,15091.068276171156,15106.041915609774,15122.88729405303
2023-07-07,15189.2998046875,14979.0,15103.630128544653,15098.040248417308,15110.645713854232,15135.971848199544
2023-07-10,15128.0,14979.0,15101.836106872806,15097.26394249553,15110.903286960285,15128.361124165993
2023-07-11,15216.0,14979.0,15087.94280779478,15085.155103315412,15098.221804451114,15115.56322233178
2023-07-12,15156.7998046875,14979.0,15090.558456657493,15088.230868574443,15100.235952232553,15131.931636811702
2023-07-13,14928.0,14979.0,15088.18371044181,15086.99333745423,15101.0877528155,15142.48699152988
2023-07-14,14954.0,14979.0,15094.498981067562,15093.686155026691,15105.62094463256,15134.291236927795
2023-07-17,14951.0,14979.0,15089.6800645912,15089.13239931817,15102.981821841173,15131.865141050685
2023-07-18,14982.5,14979.0,15082.616352168405,15083.901640012988,15097.374940377702,15146.14189905353
2023-07-19,14986.0,14979.0,15086.120812580724,15087.603817849982,15101.259214582004,15159.458201450545
2023-07-20,14992.0,14979.0,15084.066694064384,15085.445795891093,15097.4598702702,15157.237960172288
2023-07-21,15051.5,14979.0,15087.735476649608,15089.461299174716,15101.13765872208,15156.973515625883
2023-07-24,15018.0,14979.0,15079.25419566712,15081.288754961564,15095.526765518322,15143.972564453958
2023-07-25,15021.5,14979.0,15079.641082901595,15081.856731155256,15095.850368413052,15154.576491402677
2023-07-26,15032.0,14979.0,15085.203872112956,15089.117757473332,15099.824948169606,15167.814401425803
2023-07-27,15007.0,14979.0,15086.676790246434,15090.252530150567,15102.119888938007,15186.521657529256
2023-07-28,15095.0,14979.0,15087.478187152496,15091.183377363872,15103.633235811572,15185.318594986893
2023-07-31,15088.0,14979.0,15082.245846986942,15086.933049208157,15099.796270908186,15170.960102119601
2023-08-01,15104.0,14979.0,15080.099711125835,15085.003481729267,15096.947551860127,15196.25615235077
2023-08-02,15131.0,14979.0,15085.2012159649,15090.702860263562,15101.06109858683,15209.537334291466
2023-08-03,15220.0,14979.0,15084.654224497419,15089.64113846616,15099.692707791943,15206.483528119315
2023-08-04,15161.0,14979.0,15084.746142439712,15089.764499733677,15100.314694130024,15210.839520153177
2023-08-07,15163.0,14979.0,15085.583453611618,15091.45173281238,15101.496957503352,15199.830109925959
2023-08-08,15232.0,14979.0,15083.304104946961,15089.840670173546,15098.152171273628,15211.259661899066
2023-08-09,15207.2001953125,14979.0,15084.569197325858,15091.901384672501,15096.903050266574,15218.303501547809
2023-08-10,15207.0,14979.0,15081.921249151006,15089.328044778731,15094.65052433688,15220.39484108885
2023-08-11,15259.0,14979.0,15082.570591796328,15089.795754630244,15093.188858744857,15218.546198706732
2023-08-14,15317.0,14979.0,15084.537570940689,15092.188441249189,15097.497920077687,15209.400859296898
2023-08-15,15347.0,14979.0,15084.677334841923,15092.441753631847,15096.157804032771,15215.921034928273
2023-08-16,15311.5,14979.0,15088.562582229291,15096.509658365012,15097.506865091262,15230.819084308254
2023-08-17,15362.0,14979.0,15086.173223280653,15094.528534410814,15095.15285217918,15232.424212077125
2023-08-18,15362.5,14979.0,15089.71492671826,15097.97414114306,15097.35863774676,15238.30270963486
2023-08-21,15278.0,14979.0,15092.243101492417,15100.630222623715,15102.207693113014,15231.12603717796
2023-08-22,15318.900390625,14979.0,15090.479921411703,15099.44899964201,15098.485681922373,15228.945689596741
2023-08-23,15317.0,14979.0,15093.060932751041,15102.066282698583,15102.725154892478,15248.473093972738
2023-08-24,15294.099609375,14979.0,15093.631220710256,15102.541388429176,15100.53228194598,15253.464338379574
2023-08-25,15239.0,14979.0,15098.403266782785,15107.304876413737,15104.658664028238,15254.844928010258
2023-08-28,15288.0,14979.0,15101.147734905662,15110.182082521469,15109.06679195823,15245.784248574768
2023-08-29,15255.5,14979.0,15099.944134258263,15109.45571845251,15110.716338074604,15253.336750233257
2023-08-30,15196.5,14979.0,15101.339783243211,15111.133527368575,15111.122615453965,15265.713325141374
2023-08-31,15216.0,14979.0,15102.896294597624,15112.696823543001,15110.944779591959,15275.406544925805
2023-09-01,15231.0,14979.0,15105.8473306581,15115.592365955265,15113.614041299648,15264.394735652
2023-09-04,15233.0,14979.0,15107.913984387455,15117.625446409398,15115.969030518032,15251.070171532414
2023-09-05,15227.0,14979.0,15107.815326986753,15117.737946731366,15116.346208519455,15259.221796933383
2023-09-06,15298.0,14979.0,15110.415142264297,15120.682510232346,15116.903778588166,15266.33862043608
2023-09-07,15336.0,14979.0,15112.991492386573,15123.262615785545,15117.915426068943,15280.333517621837
2023-09-08,15342.0,14979.0,15114.657566279668,15125.095314258642,15119.322838829285,15277.865618018948
2023-09-11,15318.0,14979.0,15117.27376774779,15127.670293403396,15124.74517143836,15260.752889128647
2023-09-12,15339.099609375,14979.0,15117.553524974082,15128.236239906097,15123.401483829783,15272.956829602892
2023-09-13,15350.2001953125,14979.0,15121.512674863465,15132.4952517499,15126.223153297207,15284.984022127164
2023-09-14,15353.0,14979.0,15124.357686469219,15135.312004156138,15130.168365834184,15288.76293529884
2023-09-15,15395.0,14979.0,15126.754113013065,15137.99854560868,15129.600061973239,15276.024608704553
2023-09-18,15346.0,14979.0,15129.390889112028,15140.95701809964,15134.206179178484,15277.83996815367
2023-09-19,15377.0,14979.0,15130.027410546323,15142.079763556805,15134.176554327425,15272.810178202955
2023-09-20,15384.5,14979.0,15133.551320168477,15146.057015039427,15136.164800659133,15279.716776134062
2023-09-21,15361.0,14979.0,15135.136351971709,15148.066492543363,15136.83614314355,15285.819436292299
2023-09-22,15400.5,14979.0,15137.3052784917,15150.599932675006,15137.64158673162,15273.952685406843
2023-09-25,15368.0,14979.0,15139.958666991068,15153.660731094498,15142.166185180628,15272.244651759273
2023-09-26,15405.0,14979.0,15141.702570556961,15155.932827156992,15142.50070681562,15285.938711654993
2023-09-27,15493.0,14979.0,15144.230706496766,15159.190868292859,15143.673683386725,15291.760931014902
2023-09-28,15569.0,14979.0,15145.384017023052,15161.670179345158,15145.012944508042,15299.923774715735
2023-09-29,15474.0,14979.0,15147.316460345302,15164.996599433274,15145.941833763694,15292.107914419516
2023-10-02,15448.0,14979.0,15150.091382326189,15169.518923521968,15149.723577614352,15278.658528597336
2023-10-03,15516.0,14979.0,15152.072884612387,15173.836479627505,15151.07601570414,15284.068458582813
2023-10-04,15622.0,14979.0,15154.348201265635,15178.9912073245,15153.662142065372,15307.720993528144
2023-10-05,15591.0,14979.0,15156.039500651623,15184.140647012899,15154.246832947936,15309.9148586358
2023-10-06,15631.0,14979.0,15158.016660565132,15189.990728594683,15157.826309764949,15303.801476065428
2023-10-09,15603.0,14979.0,15160.88785542299,15197.291878382317,15163.0617126005,15296.669062435
2023-10-10,15691.400390625,14979.0,15162.246866803333,15204.329212018169,15164.46409029587,15296.049210412704
2023-10-11,15718.5,14979.0,15164.173995670217,15212.353546094593,15166.093781971262,15307.83919157449
2023-10-12,15693.0,14979.0,15166.196723872898,15221.000785919054,15167.09886824703,15310.65987129759
2023-10-13,15739.0,14979.0,15168.200734603884,15230.024743652844,15172.18915967518,15303.17220408953
2023-10-16,15676.0,14979.0,15171.0474077959,15240.209916185335,15174.393855461814,15302.853869560673
2023-10-17,15675.0,14979.0,15172.06280663294,15249.303831079584,15177.015266000139,15297.282776997785
2023-10-18,15728.2001953125,14979.0,15173.771206042398,15259.347277321114,15176.492771978517,15308.944575571752
2023-10-19,15807.0,14979.0,15175.511367577363,15269.647329604939,15179.917706088101,15332.459938379823
2023-10-20,15856.0,14979.0,15177.231653496605,15280.19621512544,15177.863187807186,15317.043816411513
2023-10-23,15868.0,14979.0,15179.542263756186,15291.36820804487,15178.852628693774,15331.181762330845
2023-10-24,15874.0,14979.0,15180.682935817062,15301.700393725665,15180.478911407656,15321.904580607339
2023-10-25,15868.0,14979.0,15182.569383034099,15312.84323635616,15179.763723318483,15330.125216952209
2023-10-26,15877.5,14979.0,15184.421945201608,15323.723096428406,15179.49120038056,15361.40205530703
2023-10-27,15920.0,14979.0,15186.019469361967,15334.398871506042,15181.137371558138,15340.867145301752
2023-10-30,15903.5,14979.0,15187.828428297233,15345.102786484476,15184.492592795727,15347.603450126846
2023-10-31,15843.0,14979.0,15189.128581726043,15355.352559920073,15184.46430616154,15349.671928263499
2023-11-01,15748.7001953125,14979.0,15191.018911052985,15365.797385460797,15187.00315131836,15388.908492353376
2023-11-02,15900.0,14979.0,15192.890755143499,15376.111180596848,15191.970473291665,15376.231781070945
2023-11-03,15838.0,14979.0,15194.454854169564,15385.985047155462,15194.024619857124,15372.559987858534
2023-11-06,15582.099609375,14979.0,15196.270039965602,15395.884830806499,15196.383970039778,15353.434488251727
2023-11-07,15570.0,14979.0,15197.725121161355,15405.375570056332,15198.83180425349,15369.998537951467
2023-11-08,15643.599609375,14979.0,15199.3662466191,15414.805083717029,15199.663839220872,15392.377323182347
2023-11-09,15616.0,14979.0,15201.08354432967,15423.930459250101,15200.848293169314,15388.127945480848
2023-11-10,15713.7001953125,14979.0,15202.373264746322,15432.52498646886,15205.227954504011,15396.784025679179
2023-11-13,15683.0,14979.0,15204.255899796028,15441.206859741444,15207.200978134255,15383.342203455013
2023-11-14,15667.0,14979.0,15205.844583879238,15449.318251318264,15213.983370733255,15395.124201792492
2023-11-15,15281.0,14979.0,15207.442031528166,15457.145567511914,15214.193272608563,15393.12040452934
2023-11-16,15487.7998046875,14979.0,15209.005933313614,15464.726818036812,15216.418100879731,15407.092492569918
2023-11-17,15475.0,14979.0,15210.23278963871,15471.71704185906,15217.09957201658,15397.353045310787
2023-11-20,15399.400390625,14979.0,15212.096846114338,15478.87611599119,15221.121403848689,15391.283462807334
2023-11-21,15382.099609375,14979.0,15213.631387842182,15485.399315386463,15221.660598917955,15404.711742787364
2023-11-22,15501.2998046875,14979.0,15215.264331734204,15491.343859488006,15223.377369023827,15431.740189487024
2023-11-23,15612.7998046875,14979.0,15216.86163203293,15497.122719968049,15225.414116347123,15419.948195721527
2023-11-24,15495.0,14979.0,15218.317045383314,15502.534985653801,15226.457451203667,15419.152823452963
2023-11-27,15560.0,14979.0,15220.207735873742,15508.078870409194,15228.806223732277,15413.304641603449
2023-11-28,15466.5,14979.0,15221.709220949293,15512.993707730917,15231.119499314966,15414.9443790862
2023-11-29,15259.0,14979.0,15223.258803126364,15517.62605011036,15232.37417159586,15430.572561746412
2023-11-30,15407.0,14979.0,15224.89082748443,15522.039681883221,15235.275873298131,15431.700267569297
2023-12-01,15549.2998046875,14979.0,15226.484262372367,15526.23236255267,15237.76836748876,15437.512001040548
2023-12-04,15437.400390625,14979.0,15228.305681789674,15530.123559486661,15238.571869813448,15423.120060974396
2023-12-05,15519.900390625,14979.0,15229.871812680154,15533.457647936846,15240.29869151232,15432.051290794905
2023-12-06,15457.0,14979.0,15231.38200094502,15536.639088588345,15240.633431806373,15446.551914350892
2023-12-07,15480.0,14979.0,15233.064540128733,15539.630284426818,15245.357510089174,15450.022386372766
2023-12-08,15500.0,14979.0,15234.623052099392,15542.210094871567,15246.041963157812,15444.024805288325
2023-12-11,15560.2001953125,14979.0,15236.367279241453,15544.646588747897,15249.538285091394,15452.522902889508
2023-12-12,15647.0,14979.0,15237.9802195846,15546.652243540075,15251.165914087978,15455.47620495436
2023-12-13,15569.0,14979.0,15239.562576125298,15548.387398753777,15257.097349815464,15487.830419045053
2023-12-14,15275.0,14979.0,15241.355882529886,15550.033038019576,15259.226099596726,15475.127642750427
2023-12-15,15468.0,14979.0,15242.920844452285,15551.301966982233,15260.077818271136,15475.156524592554
2023-12-18,15282.7998046875,14979.0,15244.643611264344,15552.464266221728,15263.942487990877,15483.504074543542
2023-12-19,15454.400390625,14979.0,15246.268161162023,15553.543903239293,15266.92461653342,15481.204030306715
2023-12-20,15455.0,14979.0,15247.927671498286,15554.164608181598,15265.107277162128,15489.185832347168
2023-12-21,15518.0,14979.0,15249.744992234157,15554.635361718902,15271.406921767055,15505.418614181024
2023-12-22,15440.0,14979.0,15251.34754655214,15554.98457614937,15271.564732726529,15498.123482307936
2023-12-25,15409.2001953125,14979.0,15253.105269371043,15555.42152132834,15273.56467524698,15491.564600835703
2023-12-26,15460.0,14979.0,15254.788845509527,15555.75494332041,15277.138455424732,15504.101279375758
2023-12-27,15400.0,14979.0,15256.481340246864,15556.142393405547,15277.435941781621,15517.508071857512
2023-12-28,15373.0,14979.0,15258.240035852865,15556.533592373577,15279.931661318551,15515.496563632456
2023-12-29,15425.0,14979.0,15259.845329675934,15556.815806315119,15279.997074505578,15519.515233261487
2024-01-01,15383.099609375,14979.0,15261.59881975698,15557.172949010628,15282.285456268053,15491.43659784712
2024-01-02,15383.0,14979.0,15263.346673617194,15557.399232402568,15283.287326865968,15484.995011512723
2024-01-03,15498.0,14979.0,15265.055593224655,15557.311120556082,15284.012043281504,15502.348977902364
2024-01-04,15555.0,14979.0,15266.793051933735,15557.287824178735,15284.975054386918,15479.468624102625
2024-01-05,15511.0,14979.0,15268.429055594472,15557.227420676512,15285.237713988536,15476.917448682078
2024-01-08,15477.5,14979.0,15270.16889695563,15557.409730786514,15291.776180075314,15482.268135706006
2024-01-09,15495.5,14979.0,15271.931254561097,15557.534010900852,15290.702582164315,15491.49741535572
2024-01-10,15534.5,14979.0,15273.626114814117,15557.671158123358,15294.328564607655,15494.135829170436
2024-01-11,15555.0,14979.0,15275.387287704274,15557.771052030592,15294.981642844425,15491.430265180617
2024-01-12,15556.5,14979.0,15277.073303040042,15557.876607845721,15297.37787285407,15478.708102080596
2024-01-15,15503.2001953125,14979.0,15278.836269922267,15558.051268184785,15299.037682330634,15467.263082137351
2024-01-16,15546.0,14979.0,15280.594226513302,15558.269671508673,15300.906439910317,15463.482385048243
2024-01-17,15625.0,14979.0,15282.265326452132,15558.490361057056,15301.92387522723,15478.18064857312
2024-01-18,15624.0,14979.0,15284.027148567026,15558.886958102214,15305.640442281016,15467.408488579778
2024-01-19,15613.099609375,14979.0,15285.727762928505,15559.358609653618,15309.183892642095,15469.063864835029
2024-01-22,15601.0,14979.0,15287.497035262793,15559.9254000848,15310.913210877945,15450.398525482386
2024-01-23,15655.5,14979.0,15289.243598606132,15560.37816673527,15312.051482008652,15450.564053531869
2024-01-24,15715.0,14979.0,15290.923783751583,15560.922637024396,15314.922125727644,15463.104786914913
2024-01-25,15714.5,14979.0,15292.682019831684,15561.828437461481,15318.61721126319,15467.987739424916
2024-01-26,15808.0,14979.0,15294.377799176349,15562.850717263818,15318.84656324187,15461.794320978599
2024-01-29,15767.599609375,14979.0,15296.115477457364,15563.874595256282,15324.303368105515,15447.812441602711
2024-01-30,15828.0,14979.0,15297.84284908387,15564.93512543696,15324.132238169404,15442.95908841605
2024-01-31,15785.0,14979.0,15299.541513368838,15566.064811218692,15322.143048327118,15442.912542147425
2024-02-01,15769.0,14979.0,15301.299572987975,15567.34017303356,15328.8562652959,15453.925796502532
2024-02-02,15726.0,14979.0,15303.007700188204,15568.66381014458,15332.687777876143,15440.833317593562
2024-02-05,15727.2001953125,14979.0,15304.721368312135,15570.015770993525,15332.119558550257,15436.241128159649
2024-02-06,15711.5,14979.0,15306.44450464543,15571.488201881068,15333.818727708102,15429.377107173572
2024-02-07,15733.0,14979.0,15308.145390517535,15572.90903141061,15337.80302876593,15447.531820101276
2024-02-08,15647.0,14979.0,15309.893990872652,15574.451181183062,15339.233372493394,15448.962329534948
2024-02-09,15660.2998046875,14979.0,15311.602278575854,15576.041574208033,15343.371382154857,15443.724083719562
2024-02-12,15598.0,14979.0,15313.308564349034,15577.773719855062,15345.847305990777,15419.717698108674
2024-02-13,15579.5,14979.0,15315.04138765905,15579.474078971005,15345.326103921512,15436.758734578598
2024-02-14,15661.5,14979.0,15316.737826760816,15581.231244208147,15348.18834916122,15447.274735885332
2024-02-15,15553.099609375,14979.0,15318.469836028306,15583.121717818665,15351.05191560198,15432.562746693353
2024-02-16,15672.0,14979.0,15320.161662249759,15584.967624752988,15351.017079993446,15423.057837024151
2024-02-19,15628.599609375,14979.0,15321.859988855453,15586.92521424629,15353.488339924761,15421.020668478004
2024-02-20,15634.0,14979.0,15323.592484025337,15588.89530124884,15354.661685737243,15410.533441960702
2024-02-21,15661.0,14979.0,15325.287389686946,15590.961336004118,15356.250702375306,15425.812236324044
2024-02-22,15642.0,14979.0,15327.008664159297,15592.968030597678,15364.232425971924,15437.708312563023
2024-02-23,15588.0,14979.0,15328.696080808753,15595.144180831441,15363.054224097443,15434.073338834673
2024-02-26,15586.099609375,14979.0,15330.394094365547,15597.433077988402,15363.743156899991,15424.950639092127
2024-02-27,15638.5,14979.0,15332.114701568478,15599.724753541761,15365.544988670881,15428.54320044806
2024-02-28,15653.0,14979.0,15333.805098319273,15602.038757245073,15367.044365116031,15431.852425716137
2024-02-29,15712.2001953125,14979.0,15335.51756634571,15604.340298547768,15370.413427407837,15441.925108071635
2024-03-01,15704.0,14979.0,15337.21340675716,15606.587905919583,15373.9675668455,15440.148930415975
2024-03-04,15691.900390625,14979.0,15338.915439326112,15608.817294588333,15375.437875065189,15438.055949491098
2024-03-05,15766.0,14979.0,15340.629692783734,15611.179763046419,15374.607708113354,15446.713720733804
2024-03-06,15751.5,14979.0,15342.316384251548,15613.413185520718,15378.516355294865,15447.118276859714
2024-03-07,15668.0,14979.0,15344.019961709257,15615.651657926379,15384.14948333102,15455.516391049667
2024-03-08,15621.0,14979.0,15345.719734073766,15617.885932100615,15382.747848242469,15449.261491276005
2024-03-11,15536.2998046875,14979.0,15347.418169607472,15620.053184497303,15385.598167538765,15443.128599589169
2024-03-12,15518.0,14979.0,15349.129385223818,15622.318731222938,15387.708722180923,15452.109052061593
2024-03-13,15546.0,14979.0,15350.816656974444,15624.637045538791,15387.955615176053,15453.660975430625
2024-03-14,15574.0,14979.0,15352.519536928376,15627.444735127518,15390.896228100337,15462.406488308237
2024-03-15,15630.0,14979.0,15354.219741843479,15630.520319665211,15390.038535451358,15477.2227732428
2024-03-18,15639.2998046875,14979.0,15355.910752937581,15633.923791193009,15394.460628333129,15474.470668535818
2024-03-19,15743.0,14979.0,15357.617044655353,15637.711315093096,15395.78621228056,15473.854414875497
2024-03-20,15718.0,14979.0,15359.30588853365,15641.89884983116,15398.91478957083,15494.118949684807
2024-03-21,15687.0,14979.0,15361.012425422272,15646.533707168815,15401.599587037874,15500.892852227838
2024-03-22,15723.5,14979.0,15362.71452342491,15651.552317655342,15402.698092202147,15495.675572214885
2024-03-25,15802.599609375,14979.0,15364.405424261106,15657.135545600348,15403.61207330528,15485.236825215312
2024-03-26,15784.0,14979.0,15366.109872453053,15663.21554662676,15403.663032546265,15497.305024771846
2024-03-27,15828.0,14979.0,15367.80163209087,15669.767924030293,15408.187727585873,15524.190776364634
2024-03-28,15877.0,14979.0,15369.507828546442,15676.77612761009,15410.549537183697,15537.102677415309
2024-03-29,15877.0,14979.0,15371.209173089574,15684.26862523081,15411.540662468671,15535.83648485163
2024-04-01,15848.0,14979.0,15372.903185510164,15692.091253400557,15413.59151814242,15544.344476691429
2024-04-02,15945.7998046875,14979.0,15374.609538982004,15700.154034872738,15413.634090107445,15541.228126072214
2024-04-03,15955.0,14979.0,15376.306503173579,15708.38016082361,15415.639022949368,15571.607721024924
2024-04-04,15936.0,14979.0,15378.010157649722,15716.834576977843,15416.964190737346,15558.419857200024
2024-04-05,15904.5,14979.0,15379.710494977258,15725.667999002768,15421.645199080782,15560.011097605238
2024-04-08,15881.0,14979.0,15381.405226347842,15734.614911126087,15420.555311435817,15555.742684561299
2024-04-09,15918.0,14979.0,15383.112403053075,15743.794939352914,15422.210782985274,15563.261738880306
2024-04-10,15892.2998046875,14979.0,15384.812808692866,15752.889622508425,15422.00146518092,15573.995288727212
2024-04-11,15998.2001953125,14979.0,15386.515462150737,15761.877486364847,15425.887369298145,15586.429202166375
2024-04-12,16007.0,14979.0,15388.2182047109,15770.978313263864,15425.957711217055,15578.703311157686
2024-04-15,16111.0,14979.0,15389.914855020881,15779.963190945606,15426.262266818458,15569.059758183177
2024-04-16,16075.0,14979.0,15391.622520661775,15788.753934128008,15425.372495089396,15600.42097237909
2024-04-17,16312.2001953125,14979.0,15393.323107085753,15797.198193261935,15425.098646482355,15611.869664604572
2024-04-18,16246.0,14979.0,15395.025631702,15805.508282791987,15426.892888075154,15610.846601441579
2024-04-19,16220.0,14979.0,15396.731356256914,15813.647372216183,15426.753974495698,15623.981657262128
2024-04-22,16210.2998046875,14979.0,15398.431579874805,15821.675137786004,15428.401049026059,15621.479047937732
2024-04-23,16246.0,14979.0,15400.140392529187,15829.354248277925,15431.636863364989,15628.05481419832
2024-04-24,16140.2001953125,14979.0,15401.841360940007,15836.779057046517,15432.926208407012,15634.577536840106
2024-04-25,16220.0,14979.0,15403.544485751216,15843.918444378281,15431.85127139052,15645.02430716311
2024-04-26,16202.0,14979.0,15405.250972382344,15850.920104172626,15436.991728102903,15672.402318144612
2024-04-29,16203.0,14979.0,15406.95298052686,15857.637756923941,15438.016461180736,15639.649083037004
2024-04-30,16246.0,14979.0,15408.661212448822,15863.959640035097,15435.407295467943,15633.996211391996
2024-05-01,16273.0,14979.0,15410.363720301519,15870.087947897457,15436.335800782434,15653.414714699973
2024-05-02,16190.400390625,14979.0,15412.068248483576,15875.857648736916,15440.605936487511,15687.20829496061
2024-05-03,16097.0,14979.0,15413.77537637208,15881.46183523231,15443.918787056931,15683.05903855457
2024-05-06,16077.0,14979.0,15415.47774487507,15886.868744714358,15448.369109543779,15679.881571557551
2024-05-07,16034.0,14979.0,15417.184292591926,15891.950502121164,15448.961744101427,15691.865806004498
2024-05-08,16073.0,14979.0,15418.888103958361,15896.764537025254,15449.86115149603,15713.386169023574
2024-05-09,16074.0,14979.0,15420.593380761406,15901.263639261218,15453.409013642799,15727.055067825919
2024-05-10,16030.0,14979.0,15422.30142730781,15905.490468160297,15455.115078915473,15726.73766955868
2024-05-13,16038.0,14979.0,15424.004432098189,15909.44518112667,15458.341947744811,15719.673524491602
2024-05-14,16121.0,14979.0,15425.710648909511,15913.191745002161,15460.8204499584,15735.305152382824
2024-05-15,16102.0,14979.0,15427.415488269753,15916.64439397563,15464.471846255508,15736.608982800557
2024-05-16,15914.0,14979.0,15429.120540504846,15919.761289619637,15464.951458225043,15738.669979712342
2024-05-17,15930.7998046875,14979.0,15430.828290575979,15922.65947690964,15467.551368084438,15728.482093686043
2024-05-20,15958.0,14979.0,15432.531468730425,15925.295616405412,15470.215834149503,15732.04676530605
2024-05-21,16031.0,14979.0,15434.23823427915,15927.668178028898,15471.526771990915,15753.671868286405
2024-05-22,16005.0,14979.0,15435.94388870581,15929.732435183365,15472.415639677678,15754.60465077888
2024-05-23,16040.7001953125,14979.0,15437.648727817004,15931.46066974676,15472.701122786068,15763.725630929368
2024-05-24,16095.0,14979.0,15439.355522516347,15933.018281837336,15476.53466270423,15761.909558096879
2024-05-27,16038.0,14979.0,15441.058545717866,15934.371092753787,15478.248607364445,15763.590622907514
2024-05-28,16071.0,14979.0,15442.765068349268,15935.45949634669,15481.717794753056,15758.11548958553
2024-05-29,16117.0,14979.0,15444.470686511133,15936.288509615515,15482.306968348053,15792.266263853096
2024-05-30,16232.099609375,14979.0,15446.175335433223,15936.800007626553,15481.893765450095,15813.264042107021
2024-05-31,16228.0,14979.0,15447.88161168174,15937.127788356423,15484.816184221872,15820.32347054783
2024-06-03,16243.0,14979.0,15449.585151597634,15937.274243376449,15487.410231794214,15802.300749700566
2024-06-04,16203.0,14979.0,15451.291098743373,15937.162849799284,15489.621582372707,15802.226698860924
2024-06-05,16276.0,14979.0,15452.996232866773,15937.008181686042,15494.773004782755,15853.147056099178
2024-06-06,16315.0,14979.0,15454.700314348005,15936.754622310007,15494.761439651744,15845.256102295045
2024-06-07,16241.7001953125,14979.0,15456.406259017109,15936.529916228686,15496.179964126797,15860.399511013162
2024-06-10,16270.0,14979.0,15458.110405265967,15936.292660430729,15500.396882082627,15846.614116047844
2024-06-11,16312.0,14979.0,15459.815929365266,15935.994879989901,15502.878986286958,15868.406179228623
2024-06-12,16305.400390625,14979.0,15461.52086515055,15935.690775356992,15505.775446469921,15884.248569741967
2024-06-13,16230.0,14979.0,15463.224495345296,15935.353539485232,15507.310320035256,15896.344083957396
2024-06-14,16286.0,14979.0,15464.93009313691,15935.085074035114,15510.582159743304,15914.575354313469
2024-06-17,16479.900390625,14979.0,15466.634131079787,15934.831942471365,15515.630810126902,15903.595418554827
2024-06-18,16479.0,14979.0,15468.339034950066,15934.601857757654,15516.805557363577,15910.071290259186
2024-06-19,16379.0,14979.0,15470.043775946264,15934.41976804585,15518.337972252411,15927.255297825592
2024-06-20,16380.900390625,14979.0,15471.747370484576,15934.271358070866,15520.549470888936,15919.193605573926
2024-06-21,16491.900390625,14979.0,15473.452806440064,15934.16897550871,15521.612403111,15910.614346663877
2024-06-24,16443.0,14979.0,15475.156534108208,15934.124383620863,15523.04886948589,15898.888197416192
2024-06-25,16394.099609375,14979.0,15476.860829280784,15934.123425400532,15525.852756916982,15910.898724218048
2024-06-26,16401.0,14979.0,15478.56522963622,15934.187337880427,15527.457776347976,15921.121174656084
2024-06-27,16434.0,14979.0,15480.268861763507,15934.290960603568,15528.40338687569,15914.962809658431
2024-06-28,16374.400390625,14979.0,15481.97404638001,15934.441716107023,15528.880281698299,15893.730158569835
2024-07-01,16343.0,14979.0,15483.677733076416,15934.67157806191,15531.700340091682,15877.893931179546
2024-07-02,16390.0,14979.0,15485.381817840751,15934.958386622047,15535.570609423681,15901.191254004914
2024-07-03,16391.0,14979.0,15487.086124572243,15935.331167195274,15538.958891803519,15901.616500374732
2024-07-04,16340.0,14979.0,15488.789755542473,15935.740214906657,15539.371223139551,15905.189858014583
2024-07-05,16328.5,14979.0,15490.494476812351,15936.222211597598,15543.983024025672,15902.354970605313
2024-07-08,16245.0,14979.0,15492.198142485573,15936.788830096748,15545.252143930671,15896.384193404208
2024-07-09,16277.2001953125,14979.0,15493.902145615088,15937.409835362636,15547.673897074912,15904.833213560061
2024-07-10,16277.0,14979.0,15495.606571618053,15938.112611186503,15554.093505031313,15923.23615000495
2024-07-11,16198.0,14979.0,15497.310221961096,15938.842617511498,15550.37968386402,15922.670416372663
2024-07-12,16104.0,14979.0,15499.014614918691,15939.651293537581,15554.518434844022,15919.930143492475
2024-07-15,16108.0,14979.0,15500.71826884294,15940.53820869219,15558.246795725174,15924.056785692512
2024-07-16,16195.0,14979.0,15502.422146548193,15941.471211013679,15562.07319544899,15946.145844067007
2024-07-17,16173.0,14979.0,15504.126570826938,15942.465836995032,15560.221793959156,15953.939502189885
2024-07-18,16138.0,14979.0,15505.83018332919,15943.492595382599,15561.37385851155,15942.907472817797
2024-07-19,16185.0,14979.0,15507.534499898253,15944.578603109436,15560.963807975053,15950.168890107594
2024-07-22,16206.0,14979.0,15509.238303233311,15945.731152420816,15564.597678695689,15941.393318601842
2024-07-23,16220.2001953125,14979.0,15510.94220891544,15946.916884166805,15565.362321706336,15955.258072387973
2024-07-24,16222.0,14979.0,15512.646551836315,15948.151704581327,15563.973293477171,15969.733159827405
2024-07-25,16246.0,14979.0,15514.350125330993,15949.432108973639,15564.626296041308,15979.931574905064
2024-07-26,16337.7998046875,14979.0,15516.054417375475,15950.757403270653,15566.913480228712,15973.437090544576
2024-07-29,16283.0,14979.0,15517.758395289624,15952.132506955972,15569.21326455794,15972.58001814386
2024-07-30,16301.7001953125,14979.0,15519.462414220481,15953.530211122003,15570.712785200281,15992.71839438988
2024-07-31,16328.5,14979.0,15521.166740022363,15954.964287302697,15575.982626568322,16009.655773326473
2024-08-01,16255.0,14979.0,15522.870424907782,15956.430438867628,15574.354796587544,15996.349673041477
2024-08-02,16281.0,14979.0,15524.574706865847,15957.925569366946,15577.965064159673,15994.017596395457
2024-08-05,16012.0,14979.0,15526.278779644666,15959.461823748203,15595.39367967568,16035.270829830479
2024-08-06,16208.0,14979.0,15527.98280458676,15961.008384143912,15576.962821171315,16019.947767584545
2024-08-07,16152.2998046875,14979.0,15529.687121855612,15962.588455678393,15580.597834155236,16021.682630008168
2024-08-08,16023.0,14979.0,15531.390990923073,15964.178237214188,15583.36633955504,16041.677260825578
2024-08-09,15979.0,14979.0,15533.095318786407,15965.769197265858,15579.914820821441,16022.089450329187
2024-08-12,15918.0,14979.0,15534.799491296217,15967.374208034918,15584.371309352364,16013.79048403783
2024-08-13,15949.099609375,14979.0,15536.503492035343,15968.974780500806,15586.39574826919,16021.01748915259
2024-08-14,15749.0,14979.0,15538.207815719856,15970.593834604737,15585.799554014164,16022.555731064798
2024-08-15,15619.5,14979.0,15539.911810649008,15972.210439936334,15591.34655216294,16043.769347513362
2024-08-16,15755.0,14979.0,15541.616169721989,15973.8211089848,15591.966777795296,16031.540740090319
2024-08-19,15683.0,14979.0,15543.320432840574,15975.434610683478,15597.292812004333,16025.5569045981
2024-08-20,15523.0,14979.0,15545.024490941048,15977.041726352505,15598.252950607332,16023.759043155495
2024-08-21,15442.0,14979.0,15546.728888438272,15978.652552161228,15602.86035690139,16040.455309624349
2024-08-22,15484.0,14979.0,15548.432978105453,15980.253394504733,15601.285647314126,16052.87888095349
2024-08-23,15728.5,14979.0,15550.137329279143,15981.843797217396,15605.633000545038,16040.82751530536
2024-08-26,15377.2001953125,14979.0,15551.841615348168,15983.51274652696,15608.109730594082,16029.44302180619
2024-08-27,15462.599609375,14979.0,15553.545747315366,15985.579246381636,15607.834010503115,16042.888325808774
2024-08-28,15467.099609375,14979.0,15555.250209243823,15988.033098970709,15611.081577852154,16043.125909571436
2024-08-29,15440.0,14979.0,15556.954388725058,15990.94150052353,15608.953691756185,16058.996639723804
2024-08-30,15444.7998046875,14979.0,15558.658735781599,15994.376157016815,15614.315263169181,16049.652535854246
2024-09-02,15525.0,14979.0,15560.363037994231,15998.434433667018,15616.34137246812,16030.218866760719
2024-09-03,15520.099609375,14979.0,15562.067220708299,16003.199909747571,15618.54624824319,16048.786954295812
2024-09-04,15532.900390625,14979.0,15563.771675484237,16008.747921350865,15620.893275174865,16047.696758490321
2024-09-05,15444.400390625,14979.0,15565.475901105623,16015.139812836658,15616.954412910243,16052.73442466858
2024-09-06,15417.0,14979.0,15567.180240334026,16022.401020039506,15617.407936644568,16028.455341390876
2024-09-09,15405.0,14979.0,15568.884592145841,16030.559584857243,15620.299698307603,16034.681845155357
2024-09-10,15456.7998046875,14979.0,15570.588825775149,16039.5758822062,15622.107992534135,16028.642544581515
2024-09-11,15489.0,14979.0,15572.293257891613,16049.375035123707,15625.497763800266,16046.157416816359
2024-09-12,15437.0,14979.0,15573.997497846256,16059.845111966795,15627.443706987015,16048.503390981083
2024-09-13,15418.7001953125,14979.0,15575.701815416773,16070.838225490264,15630.34195334316,16038.226502761056
2024-09-16,15393.0,14979.0,15577.406201654027,16082.230030238807,15635.086941326119,16037.051267617795
2024-09-17,15385.0,14979.0,15579.1104622961,16093.903117017171,15636.073325134448,16036.926611870755
2024-09-18,15345.0,14979.0,15580.814882011668,16105.73932868249,15637.433207678681,16049.390167951824
2024-09-19,15300.2001953125,14979.0,15582.519140373313,16117.636418973943,15642.03076171996,16050.509080712682
2024-09-20,15197.599609375,14979.0,15584.22345105947,16129.495537797284,15642.076443243555,16076.573083236484
2024-09-23,15154.0,14979.0,15585.927836153787,16141.252458033867,15646.158813097401,16060.38746737251
2024-09-24,15174.099609375,14979.0,15587.632085526384,16152.856259365155,15647.56415340575,16070.7367014043
2024-09-25,15121.099609375,14979.0,15589.336474892887,16164.259345323142,15647.673288526503,16088.670399162633
2024-09-26,15201.5,14979.0,15591.040745859074,16175.437153247538,15651.69856640798,16099.355200061214
2024-09-27,15070.0,14979.0,15592.745060759757,16186.348695071394,15654.435263840882,16103.580839409238
2024-09-30,15118.0,14979.0,15594.449432805442,16196.978805624194,15657.459583902011,16129.33567250475
2024-10-01,15170.599609375,14979.0,15596.153670413521,16207.325276321953,15659.759156709655,16089.435518391414
2024-10-02,15260.599609375,14979.0,15597.858022708158,16217.375325982519,15660.08470779111,16125.062252958875
2024-10-03,15324.0,14979.0,15599.56229506802,16227.11581814641,15664.593819962336,16136.503183980216
2024-10-04,15457.0,14979.0,15601.266596474548,16236.513709595065,15666.655831000951,16145.480829432398
2024-10-07,15650.0,14979.0,15602.970947042462,16245.560282952534,15670.503876922821,16130.54260893646
2024-10-08,15744.0,14979.0,15604.675185464068,16254.262794947575,15673.146774949088,16130.831134103273
2024-10-09,15682.400390625,14979.0,15606.379517425068,16262.606895215087,15676.770483243781,16161.39759138478
2024-10-10,15664.599609375,14979.0,15608.083794986556,16270.578830599148,15677.641387835805,16170.074545741545
2024-10-11,15670.900390625,14979.0,15609.788070836783,16278.15155934138,15681.278018458592,16166.664227466126
2024-10-14,15562.0,14979.0,15611.492393547393,16285.327004746228,15685.189123312424,16155.826713600334
2024-10-15,15573.0,14979.0,15613.19662724708,16292.116838713953,15684.784186588178,16150.377006516319
2024-10-16,15578.599609375,14979.0,15614.900943824881,16298.526963223318,15687.16393156027,16166.909362887776
2024-10-17,15583.900390625,14979.0,15616.605223714883,16304.553038879443,15687.661094543317,16158.023853504254
2024-10-18,15493.0,14979.0,15618.309480183263,16310.194911916546,15688.810866994001,16158.262450648532
2024-10-21,15467.0,14979.0,15620.013784348334,16315.46197094297,15691.366228286428,16147.59393667883
2024-10-22,15556.0,14979.0,15621.718012252251,16320.366331626581,15691.907795062174,16148.59327112981
2024-10-23,15586.0,14979.0,15623.422309370086,16324.923357892132,15691.618194538534,16162.045351522765
2024-10-24,15663.0,14979.0,15625.126577926763,16329.137702363803,15694.315809935699,16181.407633403522
2024-10-25,15621.5,14979.0,15626.83082061967,16333.020689546262,15697.156177170156,16181.629786959846
2024-10-28,15688.099609375,14979.0,15628.535115485145,16336.579398592998,15698.73369344651,16183.502343355889
2024-10-29,15747.0,14979.0,15630.239346938777,16339.818641974607,15700.373162475285,16192.500636410738
2024-10-30,15768.0,14979.0,15631.943629516618,16342.73254624484,15702.249127159354,16214.379141540652
2024-10-31,15695.5,14979.0,15633.647886401854,16345.322363940944,15701.16802594985,16209.64905699899
2024-11-01,15713.0,14979.0,15635.352120247173,16347.586606787543,15703.055246031445,16218.196323156528
2024-11-04,15842.0,14979.0,15637.056405439736,16349.525404956266,15704.361614389272,16212.743112709311
2024-11-05,15790.0,14979.0,15638.760641313656,16351.145643472859,15707.948379314841,16220.759889551335
2024-11-06,15665.0,14979.0,15640.464912850684,16352.44827418696,15711.417520636891,16264.58141466982
2024-11-07,15818.2001953125,14979.0,15642.169168093382,16353.440364589747,15713.397050853753,16293.952833311172
2024-11-08,15558.0,14979.0,15643.87340187632,16354.121998518485,15716.218900082924,16282.9616207431
2024-11-11,15647.2001953125,14979.0,15645.577679667276,16354.498471170356,15718.133990659706,16287.445759203067
2024-11-12,15765.0,14979.0,15647.281915685928,16354.582323029817,15717.928633471129,16277.969060357878
2024-11-13,15788.900390625,14979.0,15648.986175379689,16354.384701307697,15718.112606139734,16300.522538785644
2024-11-14,15847.2001953125,14979.0,15650.690432357736,16353.92199156142,15717.841757063472,16323.917273960811
2024-11-15,15933.2998046875,14979.0,15652.394669709425,16353.296581564113,15717.67877695321,16324.476817070821
2024-11-18,15891.2998046875,14979.0,15654.098945177402,16352.648534755663,15720.490334353128,16327.260698391881
2024-11-19,15806.099609375,14979.0,15655.80318299932,16351.952621616818,15724.961253277412,16321.803086684089
2024-11-20,15817.099609375,14979.0,15657.507436770831,16351.231932350012,15726.778659624511,16347.831332488822
2024-11-21,15913.0,14979.0,15659.211695824017,16350.500278614823,15729.407429945597,16367.272018742447
2024-11-22,15816.900390625,14979.0,15660.915935348212,16349.771278087288,15728.882794120205,16352.30464623777
2024-11-25,15940.0,14979.0,15662.620208427625,16349.0593426198,15731.087417641831,16326.796035329691
2024-11-26,15901.2001953125,14979.0,15664.324450571223,16348.37339899133,15734.486898832782,16352.223091684988
2024-11-27,15930.0,14979.0,15666.028706478168,16347.72133331498,15733.840764639772,16364.45895182211
2024-11-28,15863.5,14979.0,15667.732970073223,16347.107117047688,15735.946567440642,16385.302994969577
2024-11-29,15878.0,14979.0,15669.437213101795,16346.54198607561,15738.907545495047,16397.866676886824
2024-12-02,15829.0,14979.0,15671.141482958596,16346.030366022898,15741.108049672492,16392.311493707602
2024-12-03,15910.0,14979.0,15672.845729609831,16345.57389349923,15742.852490204881,16368.197239168834
2024-12-04,15940.0,14979.0,15674.54998853634,16345.17117784875,15746.933609250484,16371.396753359812
2024-12-05,15906.599609375,14979.0,15676.254256218508,16344.819068263032,15746.917624665975,16387.824941714196
2024-12-06,15839.7998046875,14979.0,15677.958504327877,16344.531740942073,15748.065146881543,16368.344351049655
2024-12-09,15825.7998046875,14979.0,15679.662773521997,16344.32262742044,15749.869952299125,16352.657288840459
2024-12-10,15864.0,14979.0,15681.367026323305,16344.193692089038,15750.354698609342,16352.835474156456
2024-12-11,15908.0,14979.0,15683.071286757695,16344.146778674794,15754.793371595772,16370.094990589212
2024-12-12,15963.0,14979.0,15684.77555597467,16344.18206488866,15753.607265076687,16388.58388588077
2024-12-13,15967.400390625,14979.0,15686.479807664497,16344.307346593505,15755.363055744963,16389.1434983489
2024-12-16,16025.7998046875,14979.0,15688.184078061015,16344.528201696805,15760.30924172853,16392.544249229857
2024-12-17,15955.0,14979.0,15689.888337883214,16344.843204741963,15761.613762716981,16409.43786414621
2024-12-18,15926.2001953125,14979.0,15691.592600417458,16345.253019905387,15771.849749231236,16421.35775507866
2024-12-19,16145.2998046875,14979.0,15693.29687114441,16345.750194141452,15764.069402326739,16454.95239547586
2024-12-20,15981.2998046875,14979.0,15695.001125784056,16346.334751175638,15762.123448716184,16446.19359167373
2024-12-23,16159.2998046875,14979.0,15696.705397310541,16347.008789059893,15765.902989742355,16421.74468181781
2024-12-24,16217.599609375,14979.0,15698.409661620024,16347.765724240162,15767.628649862936,16441.158660019348
2024-12-25,15970.7998046875,14979.0,15700.113925886273,16348.597559722068,15770.230496806718,16451.024693337215
2024-12-26,15069.400390625,14979.0,15701.818198428831,16349.494310229256,15771.55705903784,16466.238946192218
2024-12-27,16189.0,14979.0,15703.522457108913,16350.457887287917,15770.133742545187,16458.61502659343
2024-12-30,16178.0,14979.0,15705.226729788581,16351.49480907633,15770.39671759624,16436.86725748751
2024-12-31,16085.599609375,14979.0,15706.930996187073,16352.598556979867,15771.138703926123,16441.024544933163
2025-01-02,16230.5,14979.0,15708.635260855202,16353.762591080342,15773.749241190562,16402.115414723085
2025-01-03,16201.099609375,14979.0,15710.33953387269,16354.979249336606,15776.131981870481,16413.695765883574
2025-01-06,16178.7998046875,14979.0,15712.043796126185,16356.252117493339,15778.997086525382,16413.76259204806
2025-01-07,16179.099609375,14979.0,15713.748069289586,16357.587399708988,15778.405816702923,16397.10167890047
2025-01-08,16157.7001953125,14979.0,15715.45233728469,16358.982509081645,15781.697247346225,16403.258008060166
2025-01-09,16187.599609375,14979.0,15717.156602409174,16360.42951888412,15784.258664916671,16401.229721438478
2025-01-10,16237.0,14979.0,15718.860875377786,16361.923634908335,15781.357140430031,16387.543118762587
2025-01-13,16268.0,14979.0,15720.565139619472,16363.460717742493,15783.726988575763,16387.45774673259
2025-01-14,16295.2001953125,14979.0,15722.269411720281,16365.040425975643,15784.454487491672,16390.092014479236
2025-01-15,16320.0,14979.0,15723.973680659295,16366.660304252488,15789.566536776014,16372.8477475072
2025-01-16,16360.7998046875,14979.0,15725.677946484575,16368.313474318958,15791.368446255861,16370.733609304381
2025-01-17,16368.7998046875,14979.0,15727.382219756866,16369.997556009606,15795.409028851082,16365.938575454647
2025-01-20,16367.099609375,14979.0,15729.086485129836,16371.706730757756,15796.51393869359,16350.84515044951
2025-01-21,16245.0,14979.0,15730.790755690581,16373.435186631568,15799.75461173462,16352.10028599664
2025-01-22,16330.7998046875,14979.0,15732.495024680651,16375.174004519245,15803.62698146841,16340.85518055067
2025-01-23,16232.7998046875,14979.0,15734.199290567469,16376.918395126524,15807.454164135457,16345.136147940548
2025-01-24,16230.900390625,14979.0,15735.903563433425,16378.664816615516,15806.600450542384,16348.822336244099
2025-01-27,16164.900390625,14979.0,15737.607829206361,16380.41155636635,15807.48539887502,16327.350799115651
2025-01-28,16155.599609375,14979.0,15739.312098691305,16382.15978291279,15810.957002620862,16330.739312910533
2025-01-29,15881.2001953125,14979.0,15741.016367602193,16383.907296567273,15810.891751206884,16332.397631053987
2025-01-30,16238.0,14979.0,15742.720633269899,16385.65237182914,15815.37910670286,16349.817758115556
2025-01-31,16274.5,14979.0,15744.42490473109,16387.39196239268,15814.797052065103,16329.070145338852
2025-02-03,16341.2998046875,14979.0,15746.129170145752,16389.124864429657,15816.519011085054,16335.526028849292
2025-02-04,16320.0,14979.0,15747.833438596894,16390.85221880981,15818.820059431106,16326.434294458668
2025-02-05,16299.099609375,14979.0,15749.537707369067,16392.572690320823,15819.96302058248,16348.583034273337
2025-02-06,16298.099609375,14979.0,15751.241972923432,16394.28514749908,15823.765432979564,16380.383088411063
2025-02-07,16327.0,14979.0,15752.94624293936,16396.07181119532,15822.608884083478,16388.22582306392
2025-02-10,16314.7001953125,14979.0,15754.650508057157,16398.36064886556,15825.643361880631,16399.412412169917
2025-02-11,16330.099609375,14979.0,15756.35477541489,16401.14271365914,15827.440391913033,16416.999025085275
2025-02-12,16343.2998046875,14979.0,15758.059043666788,16404.5145056452,15827.81027998745,16399.985346560698
2025-02-13,16375.0,14979.0,15759.763308777521,16408.577080264527,15833.725513741228,16423.845755309754
2025-02-14,16219.0,14979.0,15761.467577582564,16413.43531374654,15833.771362206611,16408.745487923916
2025-02-17,16173.0,14979.0,15763.171842764723,16419.20568707251,15835.559306701804,16368.332209349279
2025-02-18,16220.0,14979.0,15764.876109348219,16425.95973097986,15839.340089020327,16376.24070996317
2025-02-19,16317.0,14979.0,15766.580376974818,16433.74272948052,15841.064783645872,16400.73229883732
2025-02-20,16346.400390625,14979.0,15768.284641406068,16442.53723164544,15841.87852089525,16401.50008412286
2025-02-21,16245.099609375,14979.0,15769.988909111826,16452.294918023854,15840.371694097183,16379.589740635358
2025-02-24,16278.0,14979.0,15771.69317426433,16462.918381871394,15842.475365311951,16384.75035550916
2025-02-25,16279.2998046875,14979.0,15773.397440262432,16474.251478300535,15842.974401594627,16415.138662723857
2025-02-26,16314.0,14979.0,15775.101707368285,16486.123048121586,15844.655233370611,16413.4826044687
2025-02-27,16367.400390625,14979.0,15776.805971456402,16498.342533811156,15843.668652503775,16439.32340472054
2025-02-28,16553.69921875,14979.0,15778.510238425864,16510.75986004594,15849.163673350662,16471.84910768523
2025-03-03,16522.0,14979.0,15780.214503456456,16523.27131486207,15847.754276267766,16404.743433816533
2025-03-04,16451.19921875,14979.0,15781.918768872189,16535.76067682735,15846.119704744113,16452.851228447165
2025-03-05,16379.0,14979.0,15783.623035444334,16548.142599331317,15850.81166448674,16434.028146946726
2025-03-06,16268.900390625,14979.0,15785.32729953388,16560.337430157542,15850.166148555889,16430.55283132084
2025-03-07,16322.099609375,14979.0,15787.031566124124,16572.297267382975,15851.466206149847,16431.632528699098
2025-03-10,16292.599609375,14979.0,15788.735831206457,16583.999881593652,15849.772299782877,16417.252476492762
2025-03-11,16324.0,14979.0,15790.440096233453,16595.409410888755,15847.371331910415,16435.578297118715
2025-03-12,16433.900390625,14979.0,15792.14436240061,16606.520169971052,15847.487689705113,16418.958531636854
2025-03-13,16305.599609375,14979.0,15793.848626596522,16617.308771341748,15845.17035629861,16435.56179210196
2025-03-14,16259.2998046875,14979.0,15795.552892852123,16627.76462723151,15850.907823524283,16458.586665705818
2025-03-17,16321.0,14979.0,15797.257158039709,16637.89906786009,15851.445328363841,16452.185014090413
2025-03-18,16370.0,14979.0,15798.961422920385,16647.699780344192,15850.49474871269,16504.307578365348
2025-03-19,16514.5,14979.0,15800.665688995185,16657.151427209024,15853.540362579142,16489.484179854127
2025-03-20,16330.2998046875,14979.0,15802.369953413594,16666.223592555412,15853.445636299639,16497.80505940974
2025-03-21,16428.5,14979.0,15804.074219389295,16674.89698508914,15855.08060420859,16528.27596168823
2025-03-24,16519.0,14979.0,15805.778484632609,16683.18791046246,15859.886179189793,16543.175110684548
2025-03-25,16575.80078125,14979.0,15807.482749481509,16691.081852074505,15860.156018378217,16545.98643204451
2025-03-26,16621.0,14979.0,15809.187015615677,16698.566153780914,15859.263859443436,16508.691016199595
2025-03-27,16629.0,14979.0,15810.891280330869,16705.619200581983,15860.927141147198,16533.56078228473
2025-03-28,16560.900390625,14979.0,15812.595546213874,16712.239661463653,15860.510134691614,16527.53803585926
2025-03-31,16575.0,14979.0,15814.299811601313,16718.452535773864,15865.602611993807,16525.193640928002
2025-04-01,16652.0,14979.0,15816.004076558293,16724.27123861704,15867.273533870399,16541.183812542335
2025-04-02,16731.400390625,14979.0,15817.708342737169,16729.695526108037,15870.56874685894,16541.219856068656
2025-04-03,16739.0,14979.0,15819.412607694247,16734.73352209745,15866.65984236489,16535.5413149219
2025-04-04,16739.80078125,14979.0,15821.116873567933,16739.39319820064,15874.951671144921,16517.893592821893
2025-04-07,16738.0,14979.0,15822.821139190528,16743.69346262505,15877.161500422337,16509.15884056224
2025-04-08,16855.69921875,14979.0,15824.525404391743,16747.653634774437,15882.22209585355,16616.595858327833
2025-04-09,17051.900390625,14979.0,15826.229670624896,16751.276186393097,15883.528614143916,16632.723516016562
2025-04-10,16805.5,14979.0,15827.933935800933,16754.57576033637,15883.324655881212,16569.963393247166
2025-04-11,16833.80078125,14979.0,15829.63820167122,16757.5541904816,15887.819998832689,16592.850396681926
2025-04-14,16788.0,14979.0,15831.342467505145,16760.21622258612,15880.27801867383,16560.646301166238
2025-04-15,16780.0,14979.0,15833.046732928931,16762.552182066476,15883.036001858614,16568.836911542665
2025-04-16,16813.5,14979.0,15834.750999217857,16764.55733998666,15880.81887653587,16571.59277183774
2025-04-17,16794.599609375,14979.0,15836.455264642937,16766.231489122227,15878.032885766883,16565.62152588474
2025-04-21,16794.599609375,14979.0,15838.159530572102,16767.570783533793,15880.7336033703,16551.378581370107
2025-04-22,16814.900390625,14979.0,15839.86379659071,16768.58486875262,15885.805044840099,16544.096224895668
2025-04-23,16858.099609375,14979.0,15841.568062155648,16769.276116874604,15888.825391722397,16553.52854884629
2025-04-24,16846.0,14979.0,15843.272328460374,16769.65007763432,15893.715950305514,16565.366394274446
2025-04-25,16778.5,14979.0,15844.97659410203,16769.712322096453,15893.391811832495,16537.152587135493
2025-04-28,16823.0,14979.0,15846.68086012611,16769.469498710492,15896.666166148614,16520.838489087135
2025-04-29,16795.0,14979.0,15848.385126304098,16768.94090421865,15899.346026177172,16519.67227247092
2025-04-30,16711.900390625,14979.0,15850.08939198949,16768.197506696735,15902.656701152388,16538.99599265982
2025-05-01,16545.900390625,14979.0,15851.793658302804,16767.433136865366,15906.386858136035,16542.410129941218
2025-05-02,16606.0,14979.0,15853.49792410159,16766.61650860471,15909.704643014724,16522.920389869538
2025-05-05,16460.0,14979.0,15855.20219017824,16765.767774081403,15910.874009589208,16515.405696293405
2025-05-06,16421.5,14979.0,15856.906456431696,16764.903765212388,15912.131792115704,16499.614879926266
2025-05-07,16432.0,14979.0,15858.610722219502,16764.045976286434,15914.531846594879,16517.981081447873
2025-05-08,16492.599609375,14979.0,15860.314988548766,16763.21260108713,15916.663142725603,16539.326992666473
2025-05-09,16538.30078125,14979.0,15862.019254478466,16762.406284372344,15915.950814967546,16520.720501227937
2025-05-12,16543.0,14979.0,15863.723520568783,16761.631933762474,15924.883755376386,16532.570482388353
2025-05-13,16688.80078125,14979.0,15865.427786826489,16760.89617683213,15927.873388776305,16530.11124233731
2025-05-14,16599.400390625,14979.0,15867.1320526757,16760.214512451428,15930.91893210952,16519.381109995335
2025-05-15,16558.19921875,14979.0,15868.8363189913,16759.592972852504,15932.982780591643,16523.574654230102
2025-05-16,16511.80078125,14979.0,15870.54058501263,16759.027388612725,15935.751796872306,16500.75867005155
2025-05-19,16487.0,14979.0,15872.244851097017,16758.514222211623,15939.929639772718,16491.789788186186
2025-05-20,16428.0,14979.0,15873.949117348186,16758.050472725194,15939.142314407518,16495.487953507538
2025-05-21,16403.0,14979.0,15875.653383241071,16757.64871805854,15940.791398393076,16497.798968461575
2025-05-22,16347.599609375,14979.0,15877.35764951418,16757.326228701277,15941.990720664311,16507.48957937363
2025-05-23,16356.900390625,14979.0,15879.061915566312,16757.08500705047,15944.788703004153,16483.291530732204
2025-05-26,16211.0,14979.0,15880.766181615922,16756.929036363348,15947.07352786176,16485.813547131063
2025-05-27,16243.5,14979.0,15882.470447852036,16756.85815000333,15950.941229585911,16486.936097273632
2025-05-28,16279.0,14979.0,15884.174713778488,16756.87949530786,15950.592259245035,16503.720478674655
2025-05-29,16286.0,14979.0,15885.878980004298,16757.00073628016,15953.894783148597,16520.788285952283
2025-05-30,16293.0,14979.0,15887.583246052682,16757.219105118496,15953.685550930077,16508.72297268972
2025-06-02,16322.0,14979.0,15889.287512056531,16757.53918179816,15957.478213030665,16530.51980975261
2025-06-03,16288.5,14979.0,15890.99177825472,16757.953304164384,15960.253574879904,16533.82030699179
2025-06-04,16332.400390625,14979.0,15892.696044187154,16758.459180626007,15960.91623892778,16539.141189774313
2025-06-05,16291.5,14979.0,15894.400310354908,16759.060115616627,15962.501537355905,16543.524740800243
2025-06-06,16246.400390625,14979.0,15896.104576389265,16759.748998926443,15965.026991226077,16539.456458422883
2025-06-09,16309.0,14979.0,15897.808842362596,16760.51765671925,15968.038041056567,16538.9322162202
2025-06-10,16278.7998046875,14979.0,15899.513108517185,16761.354186038618,15971.270328062876,16526.040945914367
2025-06-11,16247.7998046875,14979.0,15901.217374438436,16762.257223440636,15971.551193688554,16540.917584531613
2025-06-12,15778.0,14979.0,15902.921640536506,16763.23728257712,15976.765417766557,16555.796984930985
2025-06-13,16164.5,14979.0,15904.625906548978,16764.288321799366,15977.142905864413,16544.376613808065
2025-06-16,16282.599609375,14979.0,15906.330172498869,16765.402541779153,15980.257543148871,16555.41765031089
2025-06-17,15801.0,14979.0,15908.034438612662,16766.569325157678,15982.538246150107,16545.46516137403
2025-06-18,16275.0,14979.0,15909.738704524227,16767.7911128016,15981.053906415866,16572.094002088706
2025-06-19,15598.5,14979.0,15911.442970562943,16769.07708536906,15983.984694455698,16609.121264029025
2025-06-20,16390.0,14979.0,15913.147236555506,16770.42738775974,15984.94615323757,16605.764831429115
2025-06-23,16431.0,14979.0,15914.851502479127,16771.832218010208,15990.30547054633,16633.89682938885
2025-06-24,16370.0,14979.0,15916.555768548476,16773.286567330495,15991.554669775831,16624.51577435805
2025-06-25,16290.0,14979.0,15918.260034449391,16774.786526213054,15991.05603468881,16651.09670481807
2025-06-26,16290.0,14979.0,15919.96430044702,16776.331755440347,15996.07422137771,16656.52273129365
2025-06-27,16222.7998046875,14979.0,15921.668566429,16777.920734449537,15997.999504726833,16659.480847486662
2025-06-30,16229.0,14979.0,15923.372832332887,16779.544146823384,16003.04040119541,16660.59767058945
2025-07-01,16230.0,14979.0,15925.07709836178,16781.200596233615,16003.49368128814,16676.66406125
2025-07-02,16236.400390625,14979.0,15926.781364252356,16782.88405063878,16006.229180028173,16704.541568026012
2025-07-03,16235.0,14979.0,15928.485630220157,16784.58975099782,16011.013162557912,16724.682369579747
2025-07-04,16203.7001953125,14979.0,15930.189896193206,16786.30707802208,16011.29021954673,16731.296982804215
2025-07-07,16178.0,14979.0,15931.894162087005,16788.02968359535,16012.731369416584,16724.104410281565
2025-07-08,16318.900390625,14979.0,15933.59842808869,16789.754277435088,16012.807815872255,16740.528481104822
2025-07-09,16261.0,14979.0,15935.302693980022,16791.477955176357,16015.321818844168,16760.094999856316
2025-07-10,16235.0,14979.0,15937.00695992901,16793.20241040432,16018.176271957956,16768.991975938177
2025-07-11,16209.099609375,14979.0,15938.711225892437,16794.925397616713,16018.593436148563,16765.912227593497
2025-07-14,16222.0,14979.0,15940.415491780897,16796.64570273536,16023.228352872025,16766.36223091436
2025-07-15,16256.2001953125,14979.0,15942.119757764625,16798.3604437726,16022.1139259264,16772.235999303404
2025-07-16,16252.099609375,14979.0,15943.824023666137,16800.06749622447,16024.617703259684,16789.66952699481
2025-07-17,16271.2001953125,14979.0,15945.528289606704,16801.76811995506,16027.374019102368,16793.035949841294
2025-07-18,16329.7001953125,14979.0,15947.232555566183,16803.461186856224,16027.850775599522,16796.967903101864
2025-07-21,16321.0,14979.0,15948.936821455936,16805.14585278936,16031.170427992047,16787.135057917207
2025-07-22,16329.5,14979.0,15950.641087428547,16806.820894224795,16032.050959320002,16815.689345072282
2025-07-23,16245.2998046875,14979.0,15952.345353341236,16808.807247085588,16035.278329371975,16812.44407591902
2025-07-24,16266.099609375,14979.0,15954.049619277414,16811.320024658085,16037.220225156092,16822.190293108015
2025-07-25,16307.0,14979.0,15955.753885238353,16814.413459356874,16039.495146035706,16827.623013884608
2025-07-28,16353.0,14979.0,15957.458151137414,16818.199142675632,16041.558966469984,16813.986202655116
2025-07-29,16398.80078125,14979.0,15959.162417107593,16822.79312245519,16043.035654442789,16829.79724010624
2025-07-30,16367.900390625,14979.0,15960.866683031843,16828.324452993835,16042.952693938343,16857.922890068832
2025-07-31,16426.80078125,14979.0,15962.570948966633,16834.898667610516,16045.566832939312,16883.277080523585
2025-08-01,16483.0,14979.0,15964.275214930665,16842.57854342851,16046.27968387607,16862.648478295403
2025-08-04,16483.0,14979.0,15965.979480842127,16851.365372966524,16049.871879028227,16886.157408291678
2025-08-05,16362.0,14979.0,15967.68374681431,16861.20390167846,16048.940682946686,16879.70251494957
2025-08-06,16377.5,14979.0,15969.388012751031,16871.9929800394,16051.85453265205,16903.950654078293
2025-08-07,16334.7001953125,14979.0,15971.09227868977,16883.572547556065,16052.3700564225,16919.64659516726
2025-08-08,16300.0,14979.0,15972.796544658957,16895.75114613497,16055.13993729473,16912.2407812943
2025-08-11,16249.0,14979.0,15974.50081058307,16908.322903368065,16057.633061718368,16896.947415891802
2025-08-12,16298.0,14979.0,15976.205076556445,16921.101566916557,16060.918198981752,16883.31465393012
2025-08-13,16248.2001953125,14979.0,15977.909342503857,16933.960089543583,16062.849782302754,16888.19874555472
2025-08-14,16109.0,14979.0,15979.613608449205,16946.788824830357,16065.042271912782,16895.92281300776
2025-08-15,16169.0,14979.0,15981.31787442505,16959.491369886007,16065.797004233616,16898.034903801592
2025-08-18,16196.0,14979.0,15983.022140361854,16971.988299924556,16067.547873507141,16887.967096468434
2025-08-19,16205.400390625,14979.0,15984.72640633616,16984.220004165683,16067.263652054615,16902.039480747848
2025-08-20,16275.2001953125,14979.0,15986.430672292516,16996.16133458292,16068.345998373921,16898.272731985886
2025-08-21,16263.599609375,14979.0,15988.13493824387,17007.787321849522,16070.351938434187,16922.932756954746
2025-08-22,16339.7001953125,14979.0,15989.83920422475,17019.08625119632,16074.643658964224,16927.293864253188
2025-08-25,16227.0,14979.0,15991.543470172035,17030.049090629574,16074.518621674502,16901.495832249446
2025-08-26,16267.0,14979.0,15993.247736147876,17040.66107082848,16077.53407343033,16920.436919416803
2025-08-27,16299.2001953125,14979.0,15994.952002112703,17050.92880399957,16080.063692601765,16929.165057270322
2025-08-28,16314.0,14979.0,15996.656268069648,17060.853921522455,16082.102983555935,16940.537961273712
2025-08-29,16344.2998046875,14979.0,15998.36053405322,17070.42445992017,16082.085885105324,16959.855663126047
2025-09-01,16409.0,14979.0,16000.064800007507,17079.615872489685,16084.04540343521,16958.998870996194
2025-09-02,16405.19921875,14979.0,16001.769065984123,17088.39813585599,16085.619221547324,16946.780018513164
2025-09-03,16443.900390625,14979.0,16003.473331955449,17096.773838823006,16087.992383235018,16948.52173304234
2025-09-04,16463.0,14979.0,16005.177597917147,17104.745165852153,16091.60074543849,16967.06092630327
2025-09-05,16452.099609375,14979.0,16006.88186390185,17112.300736709123,16090.828980286673,16957.277159223937
2025-09-08,16392.0,14979.0,16008.58612986124,17119.421950398268,16093.958620984109,16969.80573071588
2025-09-09,16446.099609375,14979.0,16010.290395837768,17126.095703508112,16096.56442051949,16998.56323051697
2025-09-10,16449.900390625,14979.0,16011.994661812547,17132.337005759517,16099.620433222673,16989.08928314886
2025-09-11,16439.0,14979.0,16013.69892777673,17138.170375815458,16103.940402351245,16999.187413959095
2025-09-12,16413.599609375,14979.0,16015.403193760701,17143.6045079696,16104.372573813072,16974.83175090095
2025-09-15,16401.0,14979.0,16017.107459724057,17148.64575269432,16110.176228723547,16960.610268865163
2025-09-16,16364.599609375,14979.0,16018.811725700156,17153.303058746616,16111.274405542554,16965.41646761742
2025-09-17,16398.099609375,14979.0,16020.515991676457,17157.59103280881,16111.499176495674,16962.182073381864
2025-09-18,16418.599609375,14979.0,16022.220257641333,17161.5327197758,16116.030671069768,16982.961478910558
2025-09-19,16569.099609375,14979.0,16023.924523623067,17165.138014852266,16118.54157384431,16971.989968690243
2025-09-22,16637.0,14979.0,16025.62878958871,17168.41683060151,16123.372639471832,16973.81966888282
2025-09-23,16582.0,14979.0,16027.333055563435,17171.37616673287,16122.57552471315,16958.697911603354
2025-09-24,16633.0,14979.0,16029.037321539867,17174.01998836159,16122.667874046287,16967.68791747364
2025-09-25,16695.099609375,14979.0,16030.74158750475,17176.344192970453,16123.816692971885,16992.56596259486
2025-09-26,16759.099609375,14979.0,16032.445853484041,17178.33954609796,16125.761823682074,16973.483163468947
2025-09-29,16723.0,14979.0,16034.150119450618,17180.002965199285,16130.531118885265,16969.172108032908
2025-09-30,16628.0,14979.0,16035.854385422954,17181.330197160696,16133.14570868362,16993.29717279335
2025-10-01,16683.0,14979.0,16037.558651398042,17182.324898753064,16135.937827818783,16993.91665849671
2025-10-02,16644.099609375,14979.0,16039.26291736235,17182.992750516623,16138.37480919573,16999.32312220911
2025-10-03,16601.5,14979.0,16040.967183339222,17183.337862084743,16139.914959992624,16982.862150345754
2025-10-06,16558.0,14979.0,16042.671449305986,17183.36626613374,16143.414491950614,16976.373842391797
2025-10-07,16596.5,14979.0,16044.375715275833,17183.08378280869,16143.942103868505,16974.51604938788
2025-10-08,16587.0,14979.0,16046.079981248942,17182.50575363581,16146.805678552102,16987.415036904385
2025-10-09,16556.0,14979.0,16047.784247212372,17181.712991445653,16147.38184292308,16977.299070281406
2025-10-10,16577.69921875,14979.0,16049.488513186516,17180.89453244679,16145.745967999956,16960.561515690002
2025-10-13,16598.0,14979.0,16051.192779152767,17180.022438144584,16151.771851609878,16972.343831222624
2025-10-14,16548.0,14979.0,16052.897045120371,17179.121034775995,16154.363660211468,17002.42562965887
2025-10-15,16585.900390625,14979.0,16054.601311091697,17178.206460416262,16157.035646625953,17010.901586106706
2025-10-16,16575.0,14979.0,16056.305577054529,17177.299848003473,16163.502938185415,17002.4301055998
2025-10-17,16561.900390625,14979.0,16058.009843026006,17176.42293618318,16157.19499190468,17038.919225584377
2025-10-20,16566.0,14979.0,16059.714108991382,17175.578396405217,16161.878069521343,16995.934011042165
2025-10-21,16542.0,14979.0,16061.418374956953,17174.77099137131,16162.397936247991,16983.527785185663
2025-10-22,16598.900390625,14979.0,16063.122640926693,17174.00316909369,16163.314712338371,17015.390156416946
2025-10-23,16596.599609375,14979.0,16064.826906889124,17173.29196761801,16165.86781362342,16993.758382395765
2025-10-24,16593.80078125,14979.0,16066.531172858387,17172.644602950182,16168.580387147249,16998.469069859475
2025-10-27,16597.80078125,14979.0,16068.235438823109,17172.05586229075,16175.391502839588,17025.370848935152
2025-10-28,16158.2001953125,14979.0,16069.939704787193,17171.5218939232,16177.586602016649,17032.73171520449
2025-10-29,16561.779296875,14979.0,16071.643970755567,17171.03629294659,16179.793827925805,17027.4244425929
2025-10-30,16562.0,14979.0,16073.348236717582,17170.613385479748,16176.051380404475,17027.342484672634
2025-10-31,16150.0,14979.0,16075.052502685036,17170.27113610714,16180.721493290697,17028.24848144199
2025-11-03,16630.0,14979.0,16076.756768649406,17170.010410370756,16183.193450016819,16984.66060454806
2025-11-04,16640.900390625,14979.0,16078.461034612708,17169.83669991025,16181.859110772875,17003.23625859493
2025-11-05,16707.0,14979.0,16080.165300580125,17169.749200299775,16184.241724653668,16998.569782187024
2025-11-06,16669.0,14979.0,16081.86956654196,17169.756207335195,16182.573743406638,16998.467790367733
2025-11-07,16694.099609375,14979.0,16083.57383250809,17169.865305742263,16184.526890267465,16990.71034709999
2025-11-10,16653.0,14979.0,16085.27809847231,17170.073156351154,16191.743606581878,16987.941712981596
2025-11-11,16690.0,14979.0,16086.98236443526,17170.3847414635,16191.998420332899,16998.983480079336
2025-11-12,16694.900390625,14979.0,16088.686630402019,17170.792180052358,16193.854069606303,17001.604521314617
2025-11-13,16729.0,14979.0,16090.390896364053,17171.294182348734,16190.89789754645,17000.948664606058
2025-11-14,16719.0,14979.0,16092.09516232947,17171.893849368647,16192.563117543967,16996.793236066605
2025-11-17,16679.5,14979.0,16093.799428293833,17172.58256541365,16195.585603450209,16975.52350801864
2025-11-18,16738.900390625,14979.0,16095.503694256711,17173.35220412625,16197.028035200701,16999.848240324154
2025-11-19,16727.69921875,14979.0,16097.207960222991,17174.190046353677,16198.567818801574,16999.456856849978
2025-11-20,16686.69921875,14979.0,16098.912226185443,17175.094909171723,16196.953673704642,16993.693954623715
2025-11-21,16731.0,14979.0,16100.61649215057,17176.07719735694,16198.217779018774,16997.27486781016
2025-11-24,16639.0,14979.0,16102.320758115306,17177.13004593888,16202.59716645988,16960.244260016283
2025-11-25,16645.0,14979.0,16104.025024078393,17178.24651849646,16204.28350277498,16993.25106712602
2025-11-26,16633.5,14979.0,16105.729290044472,17179.415332508237,16206.611146240453,16986.720739710916
2025-11-27,16614.69921875,14979.0,16107.433556007489,17180.638489607292,16207.374607399597,17002.942699328127
2025-11-28,16603.900390625,14979.0,16109.137821972554,17181.9257117329,16209.585958756883,17005.13634220335
2025-12-01,16635.0,14979.0,16110.842087937683,17183.27655302653,16210.480402891288,16973.454272035888
2025-12-02,16609.0,14979.0,16112.546353901133,17184.682691255428,16212.669535690467,16980.02048415232
2025-12-03,16609.900390625,14979.0,16114.250619867262,17186.138474848896,16214.661292678176,16992.478486158867
2025-12-04,16594.0,14979.0,16115.954885830972,17187.63996499902,16215.068210674035,16992.725078433607
2025-12-05,16654.400390625,14979.0,16117.65915179616,17189.18737423897,16217.029927501626,16992.687725450072
2025-12-08,16683.0,14979.0,16119.363417761655,17190.778674385812,16219.325950041728,16967.632548676003
2025-12-09,16686.0,14979.0,16121.067683725527,17192.405122573895,16221.44053862513,16992.862161662837
2025-12-10,16662.0,14979.0,16122.771949691789,17194.064566683683,16224.196092482269,16995.20161735626
2025-12-11,16639.0,14979.0,16124.476215656174,17195.750968660177,16223.655549755527,17021.013619906804
2025-12-12,16649.0,14979.0,16126.180481621574,17197.45962697622,16222.153644008107,16997.97402675957
2025-12-15,16623.099609375,14979.0,16127.884747587432,17199.17971966816,16225.91751180586,16994.585828549014
2025-12-16,16645.80078125,14979.0,16129.589013551786,17200.904919156434,16226.650955379033,16998.89964362944
2025-12-17,16644.599609375,14979.0,16131.293279518188,17202.631374018376,16224.62928354742,17002.915498460563
2025-12-18,16657.0,14979.0,16132.997545483127,17204.356065232205,16228.748578453697,17030.886148670128
2025-12-19,16685.19921875,14979.0,16134.701811448704,17206.081102668322,16229.990369497775,17024.873829610213
2025-12-22,16678.5,14979.0,16136.40607741487,17207.80378605848,16233.98380092425,17009.487560305017
2025-12-23,16756.400390625,14979.0,16138.110343379698,17209.52314023301,16237.547516434537,17037.604614236814
2025-12-24,16735.0,14979.0,16139.814609346235,17211.236438229607,16239.251248875797,17058.663054723645
2025-12-26,16753.099609375,14979.0,16141.518875311624,17212.941648970034,16240.234580065342,17062.154452181938
2025-12-29,16741.099609375,14979.0,16143.223141277338,17214.64038962989,16240.687334492022,17037.54609046072
2025-12-30,16770.0,14979.0,16144.927407243724,17216.331050173303,16243.083362665668,17042.723506768372
2025-12-31,16709.0,14979.0,16146.631673208922,17218.013116999246,16242.363894765032,17054.9718941133
2026-01-02,16668.0,14979.0,16148.335939175522,17219.685454830837,16244.99966906073,17055.64140358569
2026-01-05,16683.0,14979.0,16150.040205141247,17221.65739363421,16250.046044804389,17034.253471483713
2026-01-06,16727.19921875,14979.0,16151.744471107086,17224.167184824757,16252.83291284872,17026.41345144577
2026-01-07,16742.0,14979.0,16153.448737073622,17227.266912662064,16254.0624850549,17022.288048102713
2026-01-08,16753.0,14979.0,16155.153003039082,17231.071352566418,16255.997898016463,17030.550931327252
2026-01-09,16805.69921875,14979.0,16156.857269005659,17235.69969787882,16259.174073109229,17023.812485461087
2026-01-12,16826.69921875,14979.0,16158.561534971588,17241.283121641878,16262.33676407075,17027.979282270913
2026-01-13,16859.400390625,14979.0,16160.265800937503,17247.93015171078,16264.00781403232,17008.094821702205
2026-01-14,16840.80078125,14979.0,16161.970066904101,17255.702230557883,16264.648113449482,16991.923695814956
2026-01-15,16845.099609375,14979.0,16163.674332869738,17264.597928617466,16266.194287639373,16991.78826431657
2026-01-16,16878.900390625,14979.0,16165.378598836242,17274.555185599846,16268.184996234317,16986.490595136915
2026-01-19,16876.599609375,14979.0,16167.082864802283,17285.465660149912,16270.342953019233,16966.06201969684
2026-01-20,16939.0,14979.0,16168.787130768214,17297.163678660872,16268.986072528516,16956.51765627435
2026-01-21,16960.099609375,14979.0,16170.491396734777,17309.45199001047,16271.620566271207,16993.62316374141
2026-01-22,16897.0,14979.0,16172.1956627005,17322.12227049764,16273.364754641922,16990.660058176905
2026-01-23,16820.0,14979.0,16173.899928666902,17334.98587635636,16276.076127244667,16991.22075366297
2026-01-26,16770.0,14979.0,16175.604194633,17347.914518903686,16280.693685043292,16976.82713088502
2026-01-27,16734.0,14979.0,16177.30846059891,17360.801133715733,16283.411498983838,16976.400147890716
2026-01-28,16674.69921875,14979.0,16179.012726565377,17373.54986750037,16284.744499586748,17107.722709644222
2026-01-29,16722.80078125,14979.0,16180.716992531125,17386.082962531982,16286.650591338856,17097.648705835036
2026-01-30,16778.30078125,14979.0,16182.421258497396,17398.34106634454,16287.238530449975,17072.69776216867
2026-02-02,16758.400390625,14979.0,16184.125524463492,17410.29945604128,16290.340097393395,17157.66832064998
2026-02-03,16758.400390625,14979.0,16185.829790429347,17421.936078937462,16290.142957893051,17107.97568160977
2026-02-04,16759.0,14979.0,16187.534056395698,17433.239384129127,16291.069289332252,17127.721386122434
2026-02-05,16800.0,14979.0,16189.238322361442,17444.202373064287,16292.80206305257,17141.770189847106
2026-02-06,16879.900390625,14979.0,16190.942588327582,17454.810651526946,16301.58273782693,17186.98054278628
2026-02-09,16843.5,14979.0,16192.64685429363,17465.070257513064,16298.62363595047,17158.44863353027
2026-02-10,16796.0,14979.0,16194.351120259409,17474.98419985613,16300.034746906069,17149.08905928431
2026-02-11,16778.0,14979.0,16196.055386225631,17484.540280070778,16301.587915275268,17144.802817137075
2026-02-12,16793.900390625,14979.0,16197.759652191358,17493.71415839194,16300.76445270407,17153.312998143196
2026-02-13,16809.0,14979.0,16199.463918157378,17502.475314631673,16303.154551495816,17167.05617002514
2026-02-16,16826.099609375,14979.0,16201.168184123366,17510.825026296225,16305.01679257675,17149.044887858072
2026-02-17,16806.599609375,14979.0,16202.872450089075,17518.767432572586,16306.717137011434,17150.44099335318
2026-02-18,16840.0,14979.0,16204.576716055173,17526.291302067282,16309.481461526388,17155.05161501236
2026-02-19,16915.30078125,14979.0,16206.280982020875,17533.37869126078,16310.269286876422,17167.95511750734
2026-02-20,16887.19921875,14979.0,16207.985247986786,17540.016163717264,16313.640177337664,17173.075654815646
2026-02-23,16843.400390625,14979.0,16209.68951395271,17546.218346463298,16313.69758870017,17136.36795963826
2026-02-24,16804.30078125,14979.0,16211.393779918368,17552.011211137084,16316.881498065171,17165.386952148532
2026-02-25,16816.80078125,14979.0,16213.098045884366,17557.404750978036,16318.670509029304,17168.734798751208
2026-02-26,16749.80078125,14979.0,16214.802311850048,17562.4054491192,16318.35831526053,17187.739638891242
2026-02-27,16749.0,14979.0,16216.506577815866,17567.022681507,16321.08209628897,17185.576739169483
2026-03-02,16795.0,14979.0,16218.210843781731,17571.270829539662,16325.608738315268,17220.48838227567
2026-03-03,16863.0,14979.0,16219.915109747357,17575.173117608265,16325.482545803165,17220.05968109302
2026-03-04,16898.099609375,14979.0,16221.619375713277,17578.740220191878,16326.6302528634,17312.454593723436
2026-03-05,16865.0,14979.0,16223.32364167895,17581.981382664726,16330.015256315854,17275.831345844923
2026-03-06,16913.099609375,14979.0,16225.027907644704,17584.903958696414,16335.143994430528,17300.397718451397
2026-03-09,16923.69921875,14979.0,16226.732173610531,17587.511288406113,16332.671535334626,17341.793500575157
2026-03-10,16886.0,14979.0,16228.436439576142,17589.799595968332,16333.434220550165,17318.74361369465
2026-03-11,16852.0,14979.0,16230.140705542002,17591.75914495774,16333.30171325171,17360.936452299975
2026-03-12,16884.0,14979.0,16231.844971507673,17593.386471955473,16333.291335408121,17364.236912596487
2026-03-13,16908.0,14979.0,16233.549237473388,17594.677410222073,16333.139844264937,17404.20241781067
2026-03-16,16952.099609375,14979.0,16235.253503439195,17595.634916575975,16333.317496736126,17419.34697092279
2026-03-17,16953.099609375,14979.0,16236.95776940481,17596.265139552983,16334.555533194058,17404.897175870552
2026-03-18,16971.30078125,14979.0,16238.662035370631,17596.572196925663,16334.075215567795,17427.360653226115
2026-03-19,17041.69921875,14979.0,16240.36630133631,17596.56233172465,16332.696195918881,17434.276926561804
2026-03-20,16915.900390625,14979.0,16242.070567302007,17596.24168537512,16333.483272584315,17430.18893698078
2026-03-23,16959.30078125,14979.0,16243.774833267807,17595.625510987153,16339.494549713532,17439.67876364251
2026-03-24,16865.099609375,14979.0,16245.47909923344,17594.822450840395,16339.300276234017,17443.167757771524
2026-03-25,16797.30078125,14979.0,16247.183365199242,17593.9878273085,16340.089328388349,17421.261611214333
2026-03-26,16749.599609375,14979.0,16248.88763116494,17593.102210453846,16337.398307794776,17453.838530777506
2026-03-27,16925.0,14979.0,16250.59189713064,17592.18979179949,16339.590925629122,17457.38736169525
2026-03-30,16958.0,14979.0,16252.29616309644,17591.266348693345,16338.635171932765,17452.95488482749
2026-03-31,16975.400390625,14979.0,16254.000429062096,17590.35426973626,16344.098026740656,17479.04580094228
2026-04-01,16936.400390625,14979.0,16255.70469502789,17589.472985691697,16346.678036063055,17456.14673806256
2026-04-02,16924.099609375,14979.0,16257.408960993613,17588.6261336028,16346.170849004753,17489.22919638446
2026-04-03,16959.0,14979.0,16259.113226959325,17587.817098912565,16348.297587466917,17480.60698017282
2026-04-06,16988.0,14979.0,16260.817492925135,17587.04952792712,16352.659522328451,17481.665671032977
2026-04-07,17015.30078125,14979.0,16262.521758890818,17586.340391109,16357.080695744044,17481.260955265363
2026-04-08,17027.400390625,14979.0,16264.22602485661,17585.695041411855,16361.197318223518,17449.964886252135
2026-04-09,17005.5,14979.0,16265.930290822362,17585.108961548594,16361.288338420218,17459.518799102636
2026-04-10,17059.0,14979.0,16267.63455678809,17584.57689195775,16362.032652772898,17417.923810039203
2026-04-13,17083.0,14979.0,16269.338822753909,17584.093939716695,16369.443716852966,17415.841544358784
2026-04-14,17079.19921875,14979.0,16271.043088719622,17583.67650983348,16374.656674496686,17385.212197360528
2026-04-15,17129.0,14979.0,16272.747354685422,17583.33973732441,16379.070789160678,17416.238627084964
2026-04-16,17146.099609375,14979.0,16274.451620651198,17583.085538627078,16380.269009218631,17409.7518595455
2026-04-17,17123.0,14979.0,16276.155886616943,17582.918416774508,16387.620787226715,17403.15735244101
2026-04-20,17133.0,14979.0,16277.86015258277,17582.83840479746,16389.650881143123,17402.711149648683
2026-04-21,17123.80078125,14979.0,16279.56441854851,17582.854769960046,16389.67617920581,17396.071212471634
2026-04-22,17133.099609375,14979.0,16281.26868451432,17582.972770548615,16396.858624185872,17410.964400114863
2026-04-23,17199.5,14979.0,16282.972950480118,17583.190854057153,16395.21864595529,17437.91852264483
2026-04-24,17329.0,14979.0,16284.677216445882,17583.51210446753,16401.076475744936,17470.68777576843
2026-04-27,17246.0,14979.0,16286.381482411716,17583.929033727094,16401.767730964682,17455.963523653856
2026-04-28,17216.0,14979.0,16288.08574837748,17584.44186298702,16401.518175391335,17460.095694445183
2026-04-29,17244.0,14979.0,16289.790014343294,17585.05179615424,16406.218366434936,17454.51455550275
2026-04-30,17334.19921875,14979.0,16291.494280309107,17585.750326008263,16408.23989546617,17500.023407109908
2026-05-01,17311.0,14979.0,16293.198546274883,17586.528465020227,16411.39130665926,17477.880937760958
2026-05-04,17288.5,14979.0,16294.902812240724,17587.37398595072,16413.33966349861,17468.769614315184
2026-05-05,17346.19921875,14979.0,16296.607078206507,17588.28831746198,16418.19312375646,17457.293286858145
2026-05-06,17389.80078125,14979.0,16298.311344172325,17589.27923033181,16427.537478644263,17465.889012042917
2026-05-07,17296.900390625,14979.0,16300.015610138149,17590.340112746828,16423.62229322636,17456.322829197856
2026-05-08,17294.900390625,14979.0,16301.719876103936,17591.463244805862,16431.694762757576,17491.411993424746
2026-05-11,17358.0,14979.0,16303.424142069778,17592.638397733903,16434.876961568127,17486.212049010195
2026-05-12,17413.0,14979.0,16305.128408035574,17593.869023863663,16435.051728705144,17487.182357910733
2026-05-13,17549.0,14979.0,16306.832674001394,17595.16378248141,16441.565481218015,17521.862308330197
2026-05-14,17500.0,14979.0,16308.536939967222,17596.521018374682,16444.446172662447,17526.62408441704
2026-05-15,17530.599609375,14979.0,16310.241205933014,17597.9330896774,16441.42942096144,17514.03165176962
2026-05-18,17586.0,14979.0,16311.945471898855,17599.39418316132,16442.701697106782,17530.448728002208
2026-05-19,17701.0,14979.0,16313.649737864656,17600.90096237023,16442.30963858902,17566.558863858656
2026-05-20,17777.0,14979.0,16315.354003830475,17602.453786107522,16450.278811247867,17588.556652225394
2026-05-21,17658.400390625,14979.0,16317.058269796304,17604.049287515838,16449.249457936054,17639.923513573885
2026-05-22,17692.0,14979.0,16318.7625357621,17605.679969396715,16452.932991084104,17617.669295525047
2026-05-25,17692.0,14979.0,16320.466801727936,17607.34278012537,16453.17540225866,17606.768043643842
2026-05-26,17762.0,14979.0,16322.171067693742,17609.032234539252,16459.03427002868,17637.928101807287
2026-05-27,17699.69921875,14979.0,16323.875333659556,17610.742610436664,16459.830239899893,17643.459067886433
2026-05-28,17804.0,14979.0,16325.579599625384,17612.463559202184,16462.24101758068,17657.306842984683
2026-05-29,17840.0,14979.0,16327.283865591182,17614.189205782743,16464.568553382614,17656.16059390042
