Date,actual,pure_trend,continuous_dynamic_predictions
2023-06-01,14984.0,14996.394908434955,14996.349411669007
2023-06-02,14907.0,14983.872006162495,14983.820836071172
2023-06-05,14983.0,14947.426362769387,14947.386314212135
2023-06-06,14849.5,14977.628097265657,14977.524994369875
2023-06-07,14872.0,14997.048363380913,14996.893654666783
2023-06-08,14889.0,15006.542498297364,15006.376573543132
2023-06-09,14836.0,15017.457547907687,15017.245886533821
2023-06-12,14833.0,15009.600800760607,15009.386353905513
2023-06-13,14871.5,15008.919013947869,15008.68889342111
2023-06-14,14869.0,15023.451128501069,15023.169692807805
2023-06-15,14909.0,15018.851142120184,15018.57415213344
2023-06-16,14897.0,15027.322570522023,15026.995080402783
2023-06-19,14928.0,15011.899522302967,15011.59792213516
2023-06-20,15008.0,15020.450424085302,15020.110994277245
2023-06-21,15016.0,15038.419647707731,15038.057389395768
2023-06-22,14943.0,15036.846365724548,15036.481057432258
2023-06-23,14935.0,15028.19782319889,15027.834088441925
2023-06-26,14987.0,15041.273206575182,15040.90999246265
2023-06-27,15039.0,15060.63571876538,15060.251558059854
2023-06-28,14982.5,15044.740011818818,15044.3536655479
2023-06-29,14981.0,15047.296607128721,15046.903360154336
2023-06-30,15064.0,15049.63569698086,15049.215485001032
2023-07-03,14986.0,15049.702309845234,15049.245248386147
2023-07-04,15056.0,15059.628950986378,15059.150636596172
2023-07-05,15010.0,15063.06417097911,15062.580169473293
2023-07-06,15077.0,15078.105966429932,15077.602596007391
2023-07-07,15189.2998046875,15106.037725379869,15105.520999126606
2023-07-10,15128.0,15099.007298113174,15098.510729411733
2023-07-11,15216.0,15101.919051183633,15101.415482126064
2023-07-12,15156.7998046875,15092.918506932876,15092.408931550262
2023-07-13,14928.0,15076.967694583394,15076.448910026851
2023-07-14,14954.0,15086.541150882771,15085.975668742714
2023-07-17,14951.0,15089.015866874988,15088.450642570098
2023-07-18,14982.5,15086.215651283046,15085.648833828262
2023-07-19,14986.0,15079.667649206165,15079.084995144747
2023-07-20,14992.0,15083.61822959297,15083.031099969201
2023-07-21,15051.5,15102.065498392552,15101.451939214767
2023-07-24,15018.0,15094.77334094289,15094.175630715281
2023-07-25,15021.5,15093.976900023054,15093.382150164301
2023-07-26,15032.0,15092.59177376393,15091.984791643288
2023-07-27,15007.0,15095.263234510381,15094.63450049667
2023-07-28,15095.0,15123.50760264256,15122.860984959128
2023-07-31,15088.0,15094.004413811397,15093.379193489649
2023-08-01,15104.0,15108.106422135366,15107.443437670365
2023-08-02,15131.0,15114.272436361885,15113.604222402064
2023-08-03,15220.0,15155.721135332302,15155.03704088451
2023-08-04,15161.0,15150.020400917441,15149.36058351113
2023-08-07,15163.0,15167.106722634966,15166.445939662875
2023-08-08,15232.0,15147.515793670007,15146.848624781685
2023-08-09,15207.2001953125,15162.416118237827,15161.734214022585
2023-08-10,15207.0,15173.639688533061,15172.95851747509
2023-08-11,15259.0,15175.120607660423,15174.434040262566
2023-08-14,15317.0,15169.6576117392,15168.974047389978
2023-08-15,15347.0,15168.927634711543,15168.223384245273
2023-08-16,15311.5,15206.150856118174,15205.432064001025
2023-08-17,15362.0,15212.060641849734,15211.359696720772
2023-08-18,15362.5,15235.973126026738,15235.261396805203
2023-08-21,15278.0,15226.473100151277,15225.772240754648
2023-08-22,15318.900390625,15221.743097309494,15221.025962166736
2023-08-23,15317.0,15237.858918939834,15237.118333380524
2023-08-24,15294.099609375,15219.105963134409,15218.370336469812
2023-08-25,15239.0,15265.423203346649,15264.649727845563
2023-08-28,15288.0,15238.436957177555,15237.676195787542
2023-08-29,15255.5,15234.474696954989,15233.690827796096
2023-08-30,15196.5,15222.50940380781,15221.710403460802
2023-08-31,15216.0,15221.366866089407,15220.547864699245
2023-09-01,15231.0,15233.760273685444,15232.914597361314
2023-09-04,15233.0,15222.538867168014,15221.712645266434
2023-09-05,15227.0,15226.151839293705,15225.3118781836
2023-09-06,15298.0,15244.479995370497,15243.644130658788
2023-09-07,15336.0,15253.407342866141,15252.57945120973
2023-09-08,15342.0,15265.33573360532,15264.497669038163
2023-09-11,15318.0,15253.832180995792,15253.011796316528
2023-09-12,15339.099609375,15250.491343978032,15249.651366777178
2023-09-13,15350.2001953125,15268.541739529675,15267.70172643754
2023-09-14,15353.0,15258.713194460423,15257.879680849212
2023-09-15,15395.0,15257.114412785353,15256.260165654385
2023-09-18,15346.0,15285.42828979787,15284.57288825087
2023-09-19,15377.0,15276.252156414472,15275.416226303652
2023-09-20,15384.5,15288.916546698058,15288.069598036185
2023-09-21,15361.0,15310.351102281806,15309.512701098527
2023-09-22,15400.5,15358.790032883155,15357.939737433611
2023-09-25,15368.0,15345.116922041161,15344.307626257438
2023-09-26,15405.0,15341.120434537694,15340.302543308238
2023-09-27,15493.0,15389.665068522356,15388.82671363619
2023-09-28,15569.0,15375.4031064314,15374.577320252443
2023-09-29,15474.0,15379.99899814976,15379.136391234202
2023-10-02,15448.0,15389.357116558658,15388.500785342232
2023-10-03,15516.0,15392.549362802543,15391.670184515659
2023-10-04,15622.0,15445.490838635615,15444.587316819945
2023-10-05,15591.0,15414.330563980002,15413.456871054908
2023-10-06,15631.0,15436.476493760865,15435.558507948768
2023-10-09,15603.0,15417.315449919846,15416.401147573857
2023-10-10,15691.400390625,15419.065571366045,15418.124625330756
2023-10-11,15718.5,15420.532017491923,15419.586248563839
2023-10-12,15693.0,15410.204934898466,15409.256576066435
2023-10-13,15739.0,15441.589415984366,15440.601877478193
2023-10-16,15676.0,15461.990248923621,15461.026202296614
2023-10-17,15675.0,15428.57504647527,15427.617869809428
2023-10-18,15728.2001953125,15461.671844391029,15460.674092537518
2023-10-19,15807.0,15479.756244822389,15478.782233220974
2023-10-20,15856.0,15512.914733745421,15511.93053126419
2023-10-23,15868.0,15523.21082112842,15522.264215393168
2023-10-24,15874.0,15513.255810171691,15512.306142196268
2023-10-25,15868.0,15514.133276842465,15513.15715268188
2023-10-26,15877.5,15544.647321391285,15543.675367670457
2023-10-27,15920.0,15569.244606882377,15568.25383082833
2023-10-30,15903.5,15576.573770625571,15575.601778622788
2023-10-31,15843.0,15548.857603495575,15547.884717169047
2023-11-01,15748.7001953125,15548.951328245752,15547.941207385787
2023-11-02,15900.0,15530.960540248288,15529.959188444034
2023-11-03,15838.0,15518.835050367225,15517.792298683942
2023-11-06,15582.099609375,15510.814325936408,15509.77844794173
2023-11-07,15570.0,15503.190101512695,15502.163119283166
2023-11-08,15643.599609375,15507.410603045611,15506.377847378932
2023-11-09,15616.0,15503.10968535568,15502.102775996425
2023-11-10,15713.7001953125,15533.883225360192,15532.862740659379
2023-11-13,15683.0,15501.420942607425,15500.441811450466
2023-11-14,15667.0,15509.640161947833,15508.666429373328
2023-11-15,15281.0,15484.417497160031,15483.451240630637
2023-11-16,15487.7998046875,15494.17697979762,15493.219256294431
2023-11-17,15475.0,15499.962818587697,15499.013680104857
2023-11-20,15399.400390625,15494.645648349442,15493.720416893011
2023-11-21,15382.099609375,15480.935486154065,15480.02886828276
2023-11-22,15501.2998046875,15488.744974560206,15487.82393742594
2023-11-23,15612.7998046875,15479.327828792833,15478.42924688687
2023-11-24,15495.0,15482.309520273971,15481.422925905923
2023-11-27,15560.0,15476.098362009268,15475.241404768525
2023-11-28,15466.5,15476.880315469374,15476.053169256264
2023-11-29,15259.0,15472.083196144069,15471.2763204922
2023-11-30,15407.0,15473.146440477107,15472.370230856082
2023-12-01,15549.2998046875,15469.502033493993,15468.737264024317
2023-12-04,15437.400390625,15463.196263903146,15462.43995297447
2023-12-05,15519.900390625,15478.93550383703,15478.19738566244
2023-12-06,15457.0,15468.719616033986,15468.0214461947
2023-12-07,15480.0,15478.38396795608,15477.704596283576
2023-12-08,15500.0,15471.181647203299,15470.520451859358
2023-12-11,15560.2001953125,15462.702352212083,15462.055611424294
2023-12-12,15647.0,15466.808559766177,15466.178324941042
2023-12-13,15569.0,15455.83223649977,15455.216981383366
2023-12-14,15275.0,15444.665426476047,15444.065921938758
2023-12-15,15468.0,15453.52274441697,15452.92023881082
2023-12-18,15282.7998046875,15449.775236130987,15449.198936609779
2023-12-19,15454.400390625,15449.555793927871,15449.003417555983
2023-12-20,15455.0,15440.648332751432,15440.116860967251
2023-12-21,15518.0,15473.944445135825,15473.423540861082
2023-12-22,15440.0,15450.366243369903,15449.890281827165
2023-12-25,15409.2001953125,15446.652196290373,15446.183707138889
2023-12-26,15460.0,15451.478535293156,15451.028359395865
2023-12-27,15400.0,15442.521801028284,15442.093160006905
2023-12-28,15373.0,15444.570115589097,15444.146570934538
2023-12-29,15425.0,15442.647528236,15442.248574788577
2024-01-01,15383.099609375,15447.994183928518,15447.601973709585
2024-01-02,15383.0,15447.945938662857,15447.579671856216
2024-01-03,15498.0,15462.690382107112,15462.3299110612
2024-01-04,15555.0,15481.218275794849,15480.883700926994
2024-01-05,15511.0,15480.966911359938,15480.653921149747
2024-01-08,15477.5,15473.176842020823,15472.87187045937
2024-01-09,15495.5,15458.463617683072,15458.16510344808
2024-01-10,15534.5,15463.789829784542,15463.483893860017
2024-01-11,15555.0,15463.1745356272,15462.861703595378
2024-01-12,15556.5,15462.015410239354,15461.712323663649
2024-01-15,15503.2001953125,15463.709339928058,15463.407111290926
2024-01-16,15546.0,15466.172923457494,15465.870353496706
2024-01-17,15625.0,15484.454389487193,15484.149765450575
2024-01-18,15624.0,15500.202712871625,15499.919045516035
2024-01-19,15613.099609375,15478.690996749345,15478.42588575137
2024-01-22,15601.0,15463.08063493296,15462.803875613648
2024-01-23,15655.5,15467.763587278047,15467.470534471906
2024-01-24,15715.0,15462.60535981018,15462.306793241836
2024-01-25,15714.5,15475.996065765112,15475.692691845374
2024-01-26,15808.0,15470.623655349984,15470.330196259314
2024-01-29,15767.599609375,15471.837086488522,15471.537237739636
2024-01-30,15828.0,15467.608852267598,15467.308888589345
2024-01-31,15785.0,15470.503315094535,15470.198818809766
2024-02-01,15769.0,15511.061705955639,15510.756240655326
2024-02-02,15726.0,15476.428925023303,15476.167942369668
2024-02-05,15727.2001953125,15472.54376167177,15472.261220685321
2024-02-06,15711.5,15478.27971175074,15478.000862626259
2024-02-07,15733.0,15472.359285075132,15472.0723561135
2024-02-08,15647.0,15470.74467474461,15470.446844912418
2024-02-09,15660.2998046875,15469.475144036685,15469.179367911818
2024-02-12,15598.0,15464.738888433805,15464.441035781772
2024-02-13,15579.5,15478.920787457584,15478.622734547025
2024-02-14,15661.5,15513.064180914827,15512.77952804883
2024-02-15,15553.099609375,15483.979795865536,15483.725223352389
2024-02-16,15672.0,15480.675242445275,15480.410658759327
2024-02-19,15628.599609375,15494.85905052037,15494.584129676467
2024-02-20,15634.0,15490.442585216624,15490.188683837077
2024-02-21,15661.0,15516.564049917137,15516.304544462231
2024-02-22,15642.0,15513.31056338052,15513.060356819567
2024-02-23,15588.0,15479.550227902011,15479.311144812968
2024-02-26,15586.099609375,15487.28791048128,15487.023649589057
2024-02-27,15638.5,15494.946793337516,15494.687848848549
2024-02-28,15653.0,15491.7403045436,15491.490639283145
2024-02-29,15712.2001953125,15502.364875082209,15502.118568008818
2024-03-01,15704.0,15485.70638276116,15485.4810477941
2024-03-04,15691.900390625,15478.859304280499,15478.629774295496
2024-03-05,15766.0,15492.382275369133,15492.150147873215
2024-03-06,15751.5,15517.62442814449,15517.402330851639
2024-03-07,15668.0,15505.78462948441,15505.643127623776
2024-03-08,15621.0,15492.455634298029,15492.301119151349
2024-03-11,15536.2998046875,15511.097437171711,15510.939357503583
2024-03-12,15518.0,15515.547297619913,15515.47689776549
2024-03-13,15546.0,15498.939944767912,15498.90008579962
2024-03-14,15574.0,15508.436533942513,15508.375383144723
2024-03-15,15630.0,15513.697953991972,15513.720364107785
2024-03-18,15639.2998046875,15526.514015696937,15526.573056143483
2024-03-19,15743.0,15518.4207582545,15518.5102671148
2024-03-20,15718.0,15516.656087167583,15516.768839817414
2024-03-21,15687.0,15504.55330519519,15504.697131109626
2024-03-22,15723.5,15501.91378805476,15502.039609677959
2024-03-25,15802.599609375,15507.711990989594,15507.846033769896
2024-03-26,15784.0,15512.709073802707,15512.849511531416
2024-03-27,15828.0,15521.924740597211,15522.103939101666
2024-03-28,15877.0,15507.563990325249,15507.763461763798
2024-03-29,15877.0,15510.76692512441,15510.95703717453
2024-04-01,15848.0,15516.592913031189,15516.770877627141
2024-04-02,15945.7998046875,15526.295083443152,15526.515216006916
2024-04-03,15955.0,15547.179384584566,15547.403271438954
2024-04-04,15936.0,15544.062630557877,15544.248287904265
2024-04-05,15904.5,15583.60049490241,15583.774078886436
2024-04-08,15881.0,15566.786315755915,15566.87256078628
2024-04-09,15918.0,15575.835141536267,15575.862030542272
2024-04-10,15892.2998046875,15580.692188974455,15580.638046979235
2024-04-11,15998.2001953125,15610.077388179605,15609.930400494377
2024-04-12,16007.0,15597.120560948802,15596.891699731814
2024-04-15,16111.0,15648.851752234275,15648.526904499116
2024-04-16,16075.0,15677.792718656256,15677.354877504904
2024-04-17,16312.2001953125,15678.542990365853,15677.987900610007
2024-04-18,16246.0,15695.204909947852,15694.534456870046
2024-04-19,16220.0,15704.189470353393,15703.39363215663
2024-04-22,16210.2998046875,15735.33151969261,15734.410305923697
2024-04-23,16246.0,15717.778195320105,15716.768558309723
2024-04-24,16140.2001953125,15709.112657187792,15707.995614414507
2024-04-25,16220.0,15731.97892456359,15730.737269974665
2024-04-26,16202.0,15738.750683133228,15737.411052016107
2024-04-29,16203.0,15734.755954000262,15733.31187649305
2024-04-30,16246.0,15739.099707137282,15737.553294167878
2024-05-01,16273.0,15779.8731537292,15778.221931704846
2024-05-02,16190.400390625,15779.406941478512,15777.691467183087
2024-05-03,16097.0,15766.931289611795,15765.142276987352
2024-05-06,16077.0,15756.952814824457,15755.066891850256
2024-05-07,16034.0,15755.96076914335,15753.97636188556
2024-05-08,16073.0,15761.510252555303,15759.441455743441
2024-05-09,16074.0,15762.955193378064,15760.824498973685
2024-05-10,16030.0,15757.79216582543,15755.586604118478
2024-05-13,16038.0,15766.636553348355,15764.337001597443
2024-05-14,16121.0,15776.51220698406,15774.16240882049
2024-05-15,16102.0,15768.415611365032,15766.018972545193
2024-05-16,15914.0,15753.639613779236,15751.178786335915
2024-05-17,15930.7998046875,15762.762556811915,15760.244367609837
2024-05-20,15958.0,15754.291324573678,15751.740700652454
2024-05-21,16031.0,15757.516276831944,15754.923057816926
2024-05-22,16005.0,15754.983158485458,15752.34963841746
2024-05-23,16040.7001953125,15768.310574083162,15765.62583440117
2024-05-24,16095.0,15776.89261567696,15774.189085027432
2024-05-27,16038.0,15759.205596685562,15756.474335147357
2024-05-28,16071.0,15766.929500313847,15764.18534623832
2024-05-29,16117.0,15776.01110541121,15773.263556374828
2024-05-30,16232.099609375,15796.295617296271,15793.521620599739
2024-05-31,16228.0,15800.32251494206,15797.54785352037
2024-06-03,16243.0,15774.89249000699,15772.104283936897
2024-06-04,16203.0,15789.01882388536,15786.199991958782
2024-06-05,16276.0,15786.468125292879,15783.649765595877
2024-06-06,16315.0,15769.455560866352,15766.628867376214
2024-06-07,16241.7001953125,15779.64901744478,15776.803594325529
2024-06-10,16270.0,15772.233196981742,15769.397218271311
2024-06-11,16312.0,15778.052719668072,15775.216415378585
2024-06-12,16305.400390625,15773.861589411656,15771.042521497016
2024-06-13,16230.0,15759.69104078159,15756.865134332482
2024-06-14,16286.0,15765.355621309072,15762.522089604785
2024-06-17,16479.900390625,15767.725907395557,15764.90754197802
2024-06-18,16479.0,15758.715025619667,15755.91419451107
2024-06-19,16379.0,15753.205236611835,15750.419200175156
2024-06-20,16380.900390625,15760.13518302811,15757.336195374832
2024-06-21,16491.900390625,15773.531665358414,15770.752761912638
2024-06-24,16443.0,15765.556626454585,15762.811663954762
2024-06-25,16394.099609375,15775.438486744497,15772.693277036724
2024-06-26,16401.0,15763.753111009457,15761.036568579262
2024-06-27,16434.0,15764.086959608512,15761.366148279843
2024-06-28,16374.400390625,15764.927583468221,15762.222983320416
2024-07-01,16343.0,15769.435292169584,15766.750292413324
2024-07-02,16390.0,15766.667069761084,15763.988743382291
2024-07-03,16391.0,15756.283700182132,15753.630997929084
2024-07-04,16340.0,15750.780483791674,15748.134096914855
2024-07-05,16328.5,15758.337030887677,15755.68997447537
2024-07-08,16245.0,15754.100728833042,15751.474357650668
2024-07-09,16277.2001953125,15754.15760723378,15751.543045077311
2024-07-10,16277.0,15753.620811578905,15751.030882025838
2024-07-11,16198.0,15744.092610496871,15741.51118657406
2024-07-12,16104.0,15765.385935650318,15762.80030687177
2024-07-15,16108.0,15748.202035107195,15745.655866306925
2024-07-16,16195.0,15757.738763398927,15755.186092511163
2024-07-17,16173.0,15749.51398252038,15746.98533631333
2024-07-18,16138.0,15784.4472670035,15781.91538054127
2024-07-19,16185.0,15803.200004534086,15800.700040496837
2024-07-22,16206.0,15810.526798504383,15808.060161973914
2024-07-23,16220.2001953125,15784.359629133589,15781.909910388096
2024-07-24,16222.0,15794.736513813821,15792.27933927458
2024-07-25,16246.0,15855.8922929585,15853.435176735296
2024-07-26,16337.7998046875,15849.365328889287,15846.998576906219
2024-07-29,16283.0,15821.404232651834,15819.04426814814
2024-07-30,16301.7001953125,15835.521132649492,15833.138954816239
2024-07-31,16328.5,15849.275007845736,15846.908203737863
2024-08-01,16255.0,15822.658116113736,15820.30080967104
2024-08-02,16281.0,15872.917861936177,15870.548216182728
2024-08-05,16012.0,15911.080508234932,15908.803811600394
2024-08-06,16208.0,16009.25913084836,16007.038443919286
2024-08-07,16152.2998046875,15929.498698681806,15927.411635637556
2024-08-08,16023.0,15975.345751184914,15973.252029817326
2024-08-09,15979.0,15934.04889376633,15932.001484603523
2024-08-12,15918.0,15931.100281740239,15929.051236607782
2024-08-13,15949.099609375,15948.36933288911,15946.349254344315
2024-08-14,15749.0,15906.387744817386,15904.399815506544
2024-08-15,15619.5,15916.707935404615,15914.693712936476
2024-08-16,15755.0,15894.736887759726,15892.74351223177
2024-08-19,15683.0,15898.78668740225,15896.804252194639
2024-08-20,15523.0,15897.882588699642,15895.904429090142
2024-08-21,15442.0,15903.14726068829,15901.207346485744
2024-08-22,15484.0,15900.351203304515,15898.435083285432
2024-08-23,15728.5,15917.103896286957,15915.239013866254
2024-08-26,15377.2001953125,15892.348451723607,15890.492194030146
2024-08-27,15462.599609375,15920.846145469339,15918.96700465421
2024-08-28,15467.099609375,15895.528425880551,15893.703095018642
2024-08-29,15440.0,15932.780318961462,15930.90677036764
2024-08-30,15444.7998046875,15913.605586420896,15911.774834343132
2024-09-02,15525.0,15905.753624972327,15903.922075530436
2024-09-03,15520.099609375,15919.532985509635,15917.70870106008
2024-09-04,15532.900390625,15977.404635356608,15975.617701663308
2024-09-05,15444.400390625,15971.2474771369,15969.461890509656
2024-09-06,15417.0,15965.847161776797,15964.071377891145
2024-09-09,15405.0,16003.927627477373,16002.146696396774
2024-09-10,15456.7998046875,15972.702141113192,15970.901446292448
2024-09-11,15489.0,15975.524135868392,15973.725636616391
2024-09-12,15437.0,15960.810532273068,15958.98425290709
2024-09-13,15418.7001953125,15953.852439750846,15952.018823206374
2024-09-16,15393.0,15944.023116535544,15942.191384068017
2024-09-17,15385.0,15958.146019150203,15956.285535075735
2024-09-18,15345.0,15959.588439893036,15957.757241483681
2024-09-19,15300.2001953125,15972.184457799642,15970.326595871024
2024-09-20,15197.599609375,15930.674238885927,15928.846285063206
2024-09-23,15154.0,15943.98276311697,15942.1296055293
2024-09-24,15174.099609375,15941.513084367589,15939.66246490428
2024-09-25,15121.099609375,15947.055203199976,15945.19705221073
2024-09-26,15201.5,15946.393807034163,15944.556520712504
2024-09-27,15070.0,15938.069421459453,15936.2382631021
2024-09-30,15118.0,15957.41741211571,15955.578828515268
2024-10-01,15170.599609375,15948.29027128158,15946.447195725428
2024-10-02,15260.599609375,15989.356581851182,15987.518173461407
2024-10-03,15324.0,15972.092454512112,15970.278542092594
2024-10-04,15457.0,15987.983533888286,15986.165938442311
2024-10-07,15650.0,15964.841181103015,15963.049775069752
2024-10-08,15744.0,16001.553911123247,15999.745451424473
2024-10-09,15682.400390625,15972.68316881969,15970.89991504188
2024-10-10,15664.599609375,15970.15200656777,15968.345584022953
2024-10-11,15670.900390625,15973.428361771324,15971.627466018836
2024-10-14,15562.0,15965.42056214351,15963.62088892633
2024-10-15,15573.0,15956.302996096867,15954.499255823617
2024-10-16,15578.599609375,15982.898723029504,15981.088230289468
2024-10-17,15583.900390625,15961.402920694149,15959.623899362878
2024-10-18,15493.0,15966.723035063362,15964.92792504058
2024-10-21,15467.0,15955.035070527103,15953.260880859738
2024-10-22,15556.0,15966.849502826266,15965.059670965773
2024-10-23,15586.0,15969.597356407365,15967.824661902772
2024-10-24,15663.0,15993.916860529689,15992.133360691436
2024-10-25,15621.5,15982.27140797371,15980.519586142873
2024-10-28,15688.099609375,15991.86313925571,15990.108900557603
2024-10-29,15747.0,15989.267255346394,15987.506847956565
2024-10-30,15768.0,15987.657544747915,15985.905236563718
2024-10-31,15695.5,16004.0164792616,16002.257751431696
2024-11-01,15713.0,16043.048036241506,16041.303534827059
2024-11-04,15842.0,16015.351281509718,16013.632855365015
2024-11-05,15790.0,16030.326622607256,16028.59321408473
2024-11-06,15665.0,16007.805276301002,16006.077275115997
2024-11-07,15818.2001953125,15955.773251060053,15954.035303036835
2024-11-08,15558.0,15962.956221805724,15961.169951599677
2024-11-11,15647.2001953125,15951.900678882907,15950.131702441235
2024-11-12,15765.0,15955.683971481969,15953.901247618218
2024-11-13,15788.900390625,15959.071892970178,15957.303864611624
2024-11-14,15847.2001953125,15950.95995190849,15949.195995650998
2024-11-15,15933.2998046875,15971.993475312687,15970.22018690927
2024-11-18,15891.2998046875,15998.020119861874,15996.273589934373
2024-11-19,15806.099609375,15982.387116027767,15980.658773684387
2024-11-20,15817.099609375,15985.891248846145,15984.17566724814
2024-11-21,15913.0,15993.076793880069,15991.35865937908
2024-11-22,15816.900390625,15988.55333071559,15986.839494006455
2024-11-25,15940.0,15977.578528798,15975.86565976965
2024-11-26,15901.2001953125,15976.861843257326,15975.127556067737
2024-11-27,15930.0,15968.417339465374,15966.679001504446
2024-11-28,15863.5,15974.737594820781,15972.995942113492
2024-11-29,15878.0,15978.78613073108,15977.04751618877
2024-12-02,15829.0,15963.245854866707,15961.529737751443
2024-12-03,15910.0,15965.270771347346,15963.539795124429
2024-12-04,15940.0,15960.532675800567,15958.823432089219
2024-12-05,15906.599609375,15951.221988092451,15949.513454226897
2024-12-06,15839.7998046875,15962.12315934123,15960.402720473057
2024-12-09,15825.7998046875,15950.755559678531,15949.045688965623
2024-12-10,15864.0,15979.056339355166,15977.332262734839
2024-12-11,15908.0,15977.467938221143,15975.767111440313
2024-12-12,15963.0,15961.163058151595,15959.468184639067
2024-12-13,15967.400390625,15986.968532883782,15985.239421770682
2024-12-16,16025.7998046875,15977.520627956326,15975.828488898385
2024-12-17,15955.0,15988.192983241153,15986.480122235194
2024-12-18,15926.2001953125,16005.159378542074,16003.46019930221
2024-12-19,16145.2998046875,16113.717861321376,16112.019519199763
2024-12-20,15981.2998046875,16075.620912187243,16073.88601036008
2024-12-23,16159.2998046875,16043.471313469645,16041.699426230076
2024-12-24,16217.599609375,16044.22341066212,16042.395158763324
2024-12-25,15970.7998046875,16017.756079147626,16015.889721224237
2024-12-26,15069.400390625,16038.065058807166,16036.17574216363
2024-12-27,16189.0,16034.411699816756,16032.50929706898
2024-12-30,16178.0,16059.170650480168,16057.241140437045
2024-12-31,16085.599609375,16087.408415548665,16085.429482005291
2025-01-02,16230.5,16086.897071125451,16084.884770880997
2025-01-03,16201.099609375,16109.941311944933,16107.862105327134
2025-01-06,16178.7998046875,16082.650264133277,16080.508463737851
2025-01-07,16179.099609375,16086.38611383268,16084.178969097296
2025-01-08,16157.7001953125,16123.70143947127,16121.439615235358
2025-01-09,16187.599609375,16114.3358836849,16112.037334772576
2025-01-10,16237.0,16141.794116359339,16139.39798975489
2025-01-13,16268.0,16179.432601789142,16176.953136646569
2025-01-14,16295.2001953125,16172.08685649594,16169.551147453194
2025-01-15,16320.0,16184.647987082175,16182.017426813385
2025-01-16,16360.7998046875,16143.644816133972,16140.948668536625
2025-01-17,16368.7998046875,16181.046731950191,16178.253414609959
2025-01-20,16367.099609375,16158.085830965094,16155.250370267653
2025-01-21,16245.0,16167.47341805658,16164.564166653363
2025-01-22,16330.7998046875,16154.983655811817,16152.020864007416
2025-01-23,16232.7998046875,16146.785415270948,16143.75765783425
2025-01-24,16230.900390625,16159.09918721799,16155.97955095083
2025-01-27,16164.900390625,16159.309316901354,16156.146312978495
2025-01-28,16155.599609375,16211.938583184055,16208.706699983617
2025-01-29,15881.2001953125,16181.226771775539,16177.982699553522
2025-01-30,16238.0,16189.296212481262,16186.00284102033
2025-01-31,16274.5,16191.009465805932,16187.646974855325
2025-02-03,16341.2998046875,16206.625886871685,16203.216111513802
2025-02-04,16320.0,16241.692033521407,16238.21920917456
2025-02-05,16299.099609375,16216.070848665431,16212.586518791608
2025-02-06,16298.099609375,16206.983099702331,16203.441330104823
2025-02-07,16327.0,16219.27817670594,16215.654461176064
2025-02-10,16314.7001953125,16248.989621323433,16245.3159327364
2025-02-11,16330.099609375,16230.537551819849,16226.85755351593
2025-02-12,16343.2998046875,16234.668820515908,16230.947028039789
2025-02-13,16375.0,16233.5814703797,16229.832457089482
2025-02-14,16219.0,16215.95761797274,16212.183532532574
2025-02-17,16173.0,16228.169887674658,16224.3407582653
2025-02-18,16220.0,16232.155717584199,16228.305328484099
2025-02-19,16317.0,16233.118189312618,16229.241686155929
2025-02-20,16346.400390625,16228.395806123186,16224.505420981684
2025-02-21,16245.099609375,16238.074467787763,16234.159852441902
2025-02-24,16278.0,16284.290022313877,16280.346625169588
2025-02-25,16279.2998046875,16286.919817598275,16282.99434126078
2025-02-26,16314.0,16298.6819590413,16294.74118054974
2025-02-27,16367.400390625,16293.741832853797,16289.807721625599
2025-02-28,16553.69921875,16339.848163844736,16335.868569892622
2025-03-03,16522.0,16306.295910051205,16302.336798347535
2025-03-04,16451.19921875,16371.897364299792,16367.88387837167
2025-03-05,16379.0,16376.177424712003,16372.200251594697
2025-03-06,16268.900390625,16349.771248029785,16345.79720371525
2025-03-07,16322.099609375,16408.099351180448,16404.087129118503
2025-03-10,16292.599609375,16378.61938980666,16374.644887952338
2025-03-11,16324.0,16464.73936356566,16460.712081223097
2025-03-12,16433.900390625,16450.814929267483,16446.844731780933
2025-03-13,16305.599609375,16427.72635565149,16423.7715421596
2025-03-14,16259.2998046875,16467.709150986124,16463.723537807156
2025-03-17,16321.0,16416.866967004993,16412.906301215782
2025-03-18,16370.0,16435.764336688102,16431.74690713373
2025-03-19,16514.5,16460.136492948557,16456.140011608357
2025-03-20,16330.2998046875,16425.9032852703,16421.92793221023
2025-03-21,16428.5,16454.450368993283,16450.4430512394
2025-03-24,16519.0,16437.679441871125,16433.70943265912
2025-03-25,16575.80078125,16425.434046993472,16421.43043764105
2025-03-26,16621.0,16431.53457686613,16427.544059121068
2025-03-27,16629.0,16449.718832148334,16445.738470901066
2025-03-28,16560.900390625,16458.994508931217,16455.042600164164
2025-03-31,16575.0,16493.8210370355,16489.898130579393
2025-04-01,16652.0,16494.55520803233,16490.632714797102
2025-04-02,16731.400390625,16483.65292676698,16479.77811780986
2025-04-03,16739.0,16473.991895196286,16470.118836566347
2025-04-04,16739.80078125,16611.548160521874,16607.63882379688
2025-04-07,16738.0,16697.03103524765,16693.21928438295
2025-04-08,16855.69921875,16677.796068850956,16674.018629796614
2025-04-09,17051.900390625,16723.61932389007,16719.87087277161
2025-04-10,16805.5,16527.68178622053,16524.005659575305
2025-04-11,16833.80078125,16710.294124059223,16706.460586152873
2025-04-14,16788.0,16625.072390129353,16621.384945845348
2025-04-15,16780.0,16611.750842714777,16608.012333476894
2025-04-16,16813.5,16631.769117443608,16628.051025147877
2025-04-17,16794.599609375,16644.39153710009,16640.70585577171
2025-04-21,16794.599609375,16661.16165713203,16657.456590784528
2025-04-22,16814.900390625,16708.749956944073,16705.10040738599
2025-04-23,16858.099609375,16642.986833558734,16639.36457999354
2025-04-24,16846.0,16637.54521107005,16633.922342887425
2025-04-25,16778.5,16582.336331695104,16578.778863327734
2025-04-28,16823.0,16617.881077587943,16614.23447097366
2025-04-29,16795.0,16617.964222959705,16614.39494617302
2025-04-30,16711.900390625,16600.43148614211,16596.836381314606
2025-05-01,16545.900390625,16612.713764128603,16609.130714269442
2025-05-02,16606.0,16574.199910950436,16570.667307411088
2025-05-05,16460.0,16589.70282280142,16586.090903092118
2025-05-06,16421.5,16599.86971271137,16596.345009520835
2025-05-07,16432.0,16596.73968697318,16593.232653866944
2025-05-08,16492.599609375,16585.28020871885,16581.81086812256
2025-05-09,16538.30078125,16543.129519600785,16539.721617080886
2025-05-12,16543.0,16570.479510403886,16566.992346407103
2025-05-13,16688.80078125,16501.350963544137,16497.94111304011
2025-05-14,16599.400390625,16505.84700029081,16502.367772768186
2025-05-15,16558.19921875,16519.20101513135,16515.734794093827
2025-05-16,16511.80078125,16470.454504415262,16467.096008534045
2025-05-19,16487.0,16484.849373020093,16481.396176367085
2025-05-20,16428.0,16483.546230016942,16480.178793878476
2025-05-21,16403.0,16481.80978095134,16478.4349332809
2025-05-22,16347.599609375,16533.60785416522,16530.236515381544
2025-05-23,16356.900390625,16482.793392376094,16479.554272340654
2025-05-26,16211.0,16530.046287022684,16526.708612640163
2025-05-27,16243.5,16523.89840672069,16520.633999756465
2025-05-28,16279.0,16479.742039269608,16476.471608675813
2025-05-29,16286.0,16516.186530566032,16512.900238445065
2025-05-30,16293.0,16488.676574732675,16485.455914401467
2025-06-02,16322.0,16489.390872855274,16486.138568511375
2025-06-03,16288.5,16489.153909143282,16485.921737446646
2025-06-04,16332.400390625,16467.404933659633,16464.194008986247
2025-06-05,16291.5,16487.933945793233,16484.696047905447
2025-06-06,16246.400390625,16480.40814659652,16477.246077951793
2025-06-09,16309.0,16462.948707361167,16459.7467578191
2025-06-10,16278.7998046875,16461.094426041178,16457.94583639557
2025-06-11,16247.7998046875,16445.000116812444,16441.841335361245
2025-06-12,15778.0,16466.8156747997,16463.648809480354
2025-06-13,16164.5,16446.36671859541,16443.278796652052
2025-06-16,16282.599609375,16505.177329462196,16501.99582672816
2025-06-17,15801.0,16463.28850571525,16460.20408244759
2025-06-18,16275.0,16495.600846821384,16492.485416501368
2025-06-19,15598.5,16497.766750876694,16494.64569261642
2025-06-20,16390.0,16485.940080338147,16482.882894001163
2025-06-23,16431.0,16508.003942181305,16504.884011710063
2025-06-24,16370.0,16478.12535583051,16475.07415263962
2025-06-25,16290.0,16449.86571397711,16446.79836963634
2025-06-26,16290.0,16474.005050939108,16470.86927709102
2025-06-27,16222.7998046875,16451.256983144278,16448.18884010029
2025-06-30,16229.0,16454.9379722632,16451.8098161443
2025-07-01,16230.0,16448.71481185772,16445.62504883951
2025-07-02,16236.400390625,16442.846229527953,16439.761334403967
2025-07-03,16235.0,16446.21342878199,16443.10232234265
2025-07-04,16203.7001953125,16430.69171172765,16427.624762501924
2025-07-07,16178.0,16439.879906056885,16436.77700823814
2025-07-08,16318.900390625,16460.43691236471,16457.359354141405
2025-07-09,16261.0,16444.516350086444,16441.45949640638
2025-07-10,16235.0,16439.858466984642,16436.77717458733
2025-07-11,16209.099609375,16439.101349543726,16436.03278835727
2025-07-14,16222.0,16461.642597516555,16458.528714738866
2025-07-15,16256.2001953125,16458.844507257378,16455.774260340626
2025-07-16,16252.099609375,16465.889446049572,16462.816199587967
2025-07-17,16271.2001953125,16459.552993477584,16456.46975484746
2025-07-18,16329.7001953125,16447.38508977508,16444.329205793158
2025-07-21,16321.0,16461.36783288111,16458.257450872294
2025-07-22,16329.5,16457.872876548445,16454.802073390547
2025-07-23,16245.2998046875,16455.296540805743,16452.217265124233
2025-07-24,16266.099609375,16441.00254705451,16437.90597009682
2025-07-25,16307.0,16437.48498820464,16434.416734531835
2025-07-28,16353.0,16441.049050203637,16437.92613313735
2025-07-29,16398.80078125,16443.89091176889,16440.797873441228
2025-07-30,16367.900390625,16453.253733036632,16450.168174867707
2025-07-31,16426.80078125,16449.88273209009,16446.790001404715
2025-08-01,16483.0,16466.782865363046,16463.70716270128
2025-08-04,16483.0,16518.111893441957,16515.01223890737
2025-08-05,16362.0,16470.924755773172,16467.87409763333
2025-08-06,16377.5,16496.1209196423,16493.048394752863
2025-08-07,16334.7001953125,16476.97979925742,16473.8998153628
2025-08-08,16300.0,16485.90418660802,16482.81675761975
2025-08-11,16249.0,16470.822489931703,16467.725607932713
2025-08-12,16298.0,16492.039956509245,16488.925197437737
2025-08-13,16248.2001953125,16463.89627417004,16460.800062401144
2025-08-14,16109.0,16464.519910796185,16461.393476414196
2025-08-15,16169.0,16472.381271305738,16469.25540708135
2025-08-18,16196.0,16478.593149400946,16475.460044991753
2025-08-19,16205.400390625,16475.250861820346,16472.13333695411
2025-08-20,16275.2001953125,16493.26462903299,16490.143850205317
2025-08-21,16263.599609375,16483.17339132488,16480.07427120022
2025-08-22,16339.7001953125,16505.293429267662,16502.18471852106
2025-08-25,16227.0,16466.034728472092,16462.929762496275
2025-08-26,16267.0,16493.46750536671,16490.32725234598
2025-08-27,16299.2001953125,16487.38006016956,16484.25140206058
2025-08-28,16314.0,16489.5965008633,16486.448291605077
2025-08-29,16344.2998046875,16486.502036892194,16483.37107594937
2025-09-01,16409.0,16509.236723430928,16506.08427836796
2025-09-02,16405.19921875,16507.275956209618,16504.133848464233
2025-09-03,16443.900390625,16536.815374746755,16533.67571302183
2025-09-04,16463.0,16513.217913174398,16510.100338526398
2025-09-05,16452.099609375,16502.882419153353,16499.755061597112
2025-09-08,16392.0,16515.183437863412,16512.030406324942
2025-09-09,16446.099609375,16513.332773924376,16510.178527823
2025-09-10,16449.900390625,16512.400899920398,16509.25569572511
2025-09-11,16439.0,16511.641344593445,16508.483395238447
2025-09-12,16413.599609375,16497.81400568881,16494.655626844564
2025-09-15,16401.0,16508.315863329834,16505.133962476208
2025-09-16,16364.599609375,16512.146749686657,16508.96514407693
2025-09-17,16398.099609375,16525.342970393758,16522.162331605694
2025-09-18,16418.599609375,16511.73730079853,16508.57078717805
2025-09-19,16569.099609375,16510.990088105173,16507.813275133623
2025-09-22,16637.0,16506.60439906825,16503.42173466779
2025-09-23,16582.0,16517.216854610244,16514.005604977876
2025-09-24,16633.0,16533.385959183095,16530.187172472793
2025-09-25,16695.099609375,16528.038986089025,16524.8332467674
2025-09-26,16759.099609375,16545.853752794403,16542.630421189195
2025-09-29,16723.0,16529.263115216152,16526.01640601309
2025-09-30,16628.0,16542.054565068633,16538.78385098099
2025-10-01,16683.0,16546.599159660604,16543.29243701654
2025-10-02,16644.099609375,16539.34218616818,16536.019147133804
2025-10-03,16601.5,16549.26500204026,16545.89953350819
2025-10-06,16558.0,16548.820127201034,16545.427325863577
2025-10-07,16596.5,16545.652196377592,16542.222309810615
2025-10-08,16587.0,16571.03611622187,16567.553635411463
2025-10-09,16556.0,16555.130440450936,16551.606170483446
2025-10-10,16577.69921875,16569.921548046466,16566.34934402547
2025-10-13,16598.0,16654.66363066879,16651.023236954745
2025-10-14,16548.0,16598.12836224064,16594.47016498229
2025-10-15,16585.900390625,16647.457760604117,16643.699858634474
2025-10-16,16575.0,16636.38986644706,16632.593779742005
2025-10-17,16561.900390625,16692.598749729284,16688.709295095417
2025-10-20,16566.0,16658.487622017747,16654.56968274527
2025-10-21,16542.0,16642.941995762238,16638.93853547009
2025-10-22,16598.900390625,16667.2494270953,16663.143010438893
2025-10-23,16596.599609375,16680.806882148467,16676.638341041402
2025-10-24,16593.80078125,16672.862457293642,16668.63797778056
2025-10-27,16597.80078125,16662.662037121405,16658.385710538685
2025-10-28,16158.2001953125,16648.53212418988,16644.179587515133
2025-10-29,16561.779296875,16674.324108242232,16669.86907168245
2025-10-30,16562.0,16667.300452169908,16662.84152621752
2025-10-31,16150.0,16699.123140176354,16694.56920652608
2025-11-03,16630.0,16696.946841772227,16692.37224533597
2025-11-04,16640.900390625,16687.73383196786,16683.106567911538
2025-11-05,16707.0,16737.93678345997,16733.22601309851
2025-11-06,16669.0,16713.07630644094,16708.362091223913
2025-11-07,16694.099609375,16766.643880189476,16761.816428983297
2025-11-10,16653.0,16752.73157836728,16747.91065268962
2025-11-11,16690.0,16719.997502808077,16715.137602661656
2025-11-12,16694.900390625,16748.43778567107,16743.467571500627
2025-11-13,16729.0,16745.54220284924,16740.555684923424
2025-11-14,16719.0,16800.618710438062,16795.556073343192
2025-11-17,16679.5,16787.052479500522,16782.006027118423
2025-11-18,16738.900390625,16813.3796422676,16808.284294769786
2025-11-19,16727.69921875,16848.609116891836,16843.464315901587
2025-11-20,16686.69921875,16824.09203147237,16818.970484388326
2025-11-21,16731.0,16888.10185260443,16882.885915983814
2025-11-24,16639.0,16844.721284962387,16839.546812658427
2025-11-25,16645.0,16820.438386781378,16815.208390387856
2025-11-26,16633.5,16820.73206389829,16815.436699243604
2025-11-27,16614.69921875,16800.595107004367,16795.290665438682
2025-11-28,16603.900390625,16836.816907025204,16831.399585453608
2025-12-01,16635.0,16810.76152660849,16805.391524877956
2025-12-02,16609.0,16834.99695451163,16829.56173620954
2025-12-03,16609.900390625,16825.225025709744,16819.801050232298
2025-12-04,16594.0,16816.848002604034,16811.41266589614
2025-12-05,16654.400390625,16837.12517999254,16831.629483919947
2025-12-08,16683.0,16820.616672081913,16815.16642547585
2025-12-09,16686.0,16839.414832685416,16833.928587330538
2025-12-10,16662.0,16842.035630063136,16836.550305869077
2025-12-11,16639.0,16816.501319082196,16811.039331940767
2025-12-12,16649.0,16837.95181612548,16832.403847237576
2025-12-15,16623.099609375,16851.977379343498,16846.472899367902
2025-12-16,16645.80078125,16851.134012882838,16845.63841942405
2025-12-17,16644.599609375,16855.591962574304,16850.10745640798
2025-12-18,16657.0,16870.868120696126,16865.40611514549
2025-12-19,16685.19921875,16860.14848004607,16854.678368590015
2025-12-22,16678.5,16832.039156067705,16826.610455010206
2025-12-23,16756.400390625,16827.415920723754,16821.959191831556
2025-12-24,16735.0,16827.810464524573,16822.346705792734
2025-12-26,16753.099609375,16814.439210178287,16809.00078269158
2025-12-29,16741.099609375,16827.323507512272,16821.853810391778
2025-12-30,16770.0,16832.928731746517,16827.504296502408
2025-12-31,16709.0,16838.041182113357,16832.613938678784
2026-01-02,16668.0,16855.673181420247,16850.26544031726
2026-01-05,16683.0,16835.393451450494,16830.044360436208
2026-01-06,16727.19921875,16845.354622510007,16839.957676756334
2026-01-07,16742.0,16833.964847599203,16828.61729937393
2026-01-08,16753.0,16851.12996704346,16845.769835166888
2026-01-09,16805.69921875,16852.980864508212,16847.644911934814
2026-01-12,16826.69921875,16832.928328555732,16827.621843911173
2026-01-13,16859.400390625,16850.159434490604,16844.8087196275
2026-01-14,16840.80078125,16855.142907234567,16849.84120019646
2026-01-15,16845.099609375,16868.18765672941,16862.890434411638
2026-01-16,16878.900390625,16857.953167405773,16852.68098265956
2026-01-19,16876.599609375,16856.75682825431,16851.51432718656
2026-01-20,16939.0,16860.68308999005,16855.427892967404
2026-01-21,16960.099609375,16921.463919626447,16916.226083822832
2026-01-22,16897.0,16863.986117152894,16858.837561293796
2026-01-23,16820.0,16868.572315784353,16863.37030680913
2026-01-26,16770.0,16868.95337841748,16863.78824133362
2026-01-27,16734.0,16867.24062564959,16862.049515559134
2026-01-28,16674.69921875,16870.689378240855,16865.528329843488
2026-01-29,16722.80078125,16869.243809275384,16864.094001433554
2026-01-30,16778.30078125,16881.87684945097,16876.71754871869
2026-02-02,16758.400390625,16887.222845682983,16882.104824778096
2026-02-03,16758.400390625,16872.27298687431,16867.155970242842
2026-02-04,16759.0,16912.53091854404,16907.407718926148
2026-02-05,16800.0,16910.91263843128,16905.828213231074
2026-02-06,16879.900390625,16953.670710483784,16948.57161631235
2026-02-09,16843.5,16899.174345255306,16894.193848691135
2026-02-10,16796.0,16894.997399579377,16889.936624267393
2026-02-11,16778.0,16922.449162519126,16917.388036687968
2026-02-12,16793.900390625,16906.330970397914,16901.311542762323
2026-02-13,16809.0,16967.102530616445,16962.037559866407
2026-02-16,16826.099609375,16940.32423245395,16935.376871941484
2026-02-17,16806.599609375,16947.78877048894,16942.81914755385
2026-02-18,16840.0,16954.988173809128,16950.063955847607
2026-02-19,16915.30078125,16936.656510158547,16931.776594773222
2026-02-20,16887.19921875,16968.492987063328,16963.550359115932
2026-02-23,16843.400390625,16936.69785877757,16931.862037937535
2026-02-24,16804.30078125,16969.99275834835,16965.10441424937
2026-02-25,16816.80078125,16950.896826045726,16946.06847390504
2026-02-26,16749.80078125,16936.40358722055,16931.589440356853
2026-02-27,16749.0,16978.63562444099,16973.74982539941
2026-03-02,16795.0,16970.858789668906,16966.08581642657
2026-03-03,16863.0,16982.649107124747,16977.859150175667
2026-03-04,16898.099609375,17015.13877565841,17010.382452629194
2026-03-05,16865.0,16976.4449197281,16971.742529580748
2026-03-06,16913.099609375,17034.409231711157,17029.6513306951
2026-03-09,16923.69921875,17059.815596286593,17055.141651186
2026-03-10,16886.0,17026.738478653686,17022.039831654456
2026-03-11,16852.0,17048.017512282102,17043.321246101106
2026-03-12,16884.0,17039.944923531126,17035.248842844812
2026-03-13,16908.0,17103.72622692578,17098.969989345762
2026-03-16,16952.099609375,17094.245350499878,17089.544467099247
2026-03-17,16953.099609375,17069.201075835525,17064.449498175454
2026-03-18,16971.30078125,17078.474830729807,17073.705544077253
2026-03-19,17041.69921875,17105.657334120428,17100.876716546827
2026-03-20,16915.900390625,17121.90352467379,17117.042492712342
2026-03-23,16959.30078125,17156.075164473088,17151.245548397805
2026-03-24,16865.099609375,17130.459198367455,17125.577944911634
2026-03-25,16797.30078125,17159.85869549507,17154.936059790536
2026-03-26,16749.599609375,17130.9334079644,17126.01593540355
2026-03-27,16925.0,17207.29479003149,17202.245135377398
2026-03-30,16958.0,17238.20758015645,17233.189047675896
2026-03-31,16975.400390625,17225.674068876462,17220.618717358422
2026-04-01,16936.400390625,17176.921493428777,17171.841881061195
2026-04-02,16924.099609375,17179.967157462663,17174.84024781003
2026-04-03,16959.0,17207.134887661447,17201.892297496554
2026-04-06,16988.0,17210.16594071367,17204.943318271842
2026-04-07,17015.30078125,17195.36016248959,17190.10877106317
2026-04-08,17027.400390625,17216.167215979105,17210.866618911394
2026-04-09,17005.5,17144.435500425596,17139.166271022692
2026-04-10,17059.0,17166.993760964055,17161.59959164319
2026-04-13,17083.0,17171.15976189657,17165.793866119882
2026-04-14,17079.19921875,17146.533626676148,17141.147554888666
2026-04-15,17129.0,17138.87158081626,17133.472999430167
2026-04-16,17146.099609375,17111.84259448411,17106.49919537571
2026-04-17,17123.0,17129.989225123165,17124.555183662404
2026-04-20,17133.0,17118.713275636226,17113.313818421953
2026-04-21,17123.80078125,17128.80298648579,17123.39204576165
2026-04-22,17133.099609375,17136.17933341503,17130.788226462868
2026-04-23,17199.5,17100.95157537767,17095.61432549546
2026-04-24,17329.0,17133.6091059628,17128.188960600415
2026-04-27,17246.0,17113.770022965287,17108.425741793304
2026-04-28,17216.0,17112.69715848918,17107.33184074499
2026-04-29,17244.0,17117.95449380083,17112.605209576042
2026-04-30,17334.19921875,17106.1249542637,17100.828881038644
2026-05-01,17311.0,17088.46309032707,17083.126590997046
2026-05-04,17288.5,17097.706294394902,17092.387083397018
2026-05-05,17346.19921875,17110.69168407158,17105.37442452251
2026-05-06,17389.80078125,17088.16729184089,17082.889532730147
2026-05-07,17296.900390625,17058.23694544566,17053.009376090184
2026-05-08,17294.900390625,17078.70654842153,17073.403013786305
2026-05-11,17358.0,17062.222320433633,17056.97901049203
2026-05-12,17413.0,17077.44680440004,17072.182918700157
2026-05-13,17549.0,17073.51144470045,17068.284263067195
2026-05-14,17500.0,17056.78680683617,17051.600685511414
2026-05-15,17530.599609375,17051.98805308067,17046.766957751573
2026-05-18,17586.0,17085.16459184482,17079.95762940413
2026-05-19,17701.0,17072.596655630412,17067.42732768586
2026-05-20,17777.0,17096.496823506346,17091.311771906112
2026-05-21,17658.400390625,17067.5749582439,17062.47464360427
2026-05-22,17692.0,17069.328127683504,17064.179114964947
2026-05-25,17692.0,17069.206221170254,17064.082550562744
2026-05-26,17762.0,17071.94240893685,17066.810027858482
2026-05-27,17699.69921875,17068.929590725358,17063.813475360614
2026-05-28,17804.0,17056.870786269556,17051.796482687914
2026-05-29,17840.0,17048.165917774142,17043.06986236729
