Date,pred,actual
2023-06-01,15001.601974948007,14984.0
2023-06-02,15034.309796187374,14907.0
2023-06-05,15060.655516892857,14983.0
2023-06-06,15081.545838030954,14849.5
2023-06-07,15106.388631820413,14872.0
2023-06-08,15155.02117212376,14889.0
2023-06-09,15189.26991947802,14836.0
2023-06-12,15229.815433526739,14833.0
2023-06-13,15243.530246638686,14871.5
2023-06-14,15287.050107362114,14869.0
2023-06-15,15323.922931675066,14909.0
2023-06-16,15355.6164106109,14897.0
2023-06-19,15398.799998950934,14928.0
2023-06-20,15422.284836387173,15008.0
2023-06-21,15476.878842744929,15016.0
2023-06-22,15505.12227423886,14943.0
2023-06-23,15545.915994088378,14935.0
2023-06-26,15574.501641690631,14987.0
2023-06-27,15604.494699683424,15039.0
2023-06-28,15634.19952396983,14982.5
2023-06-29,15663.968477496343,14981.0
2023-06-30,15634.042711268145,15064.0
2023-07-03,15622.569580869638,14986.0
2023-07-04,15612.930809673826,15056.0
2023-07-05,15603.361646183634,15010.0
2023-07-06,15571.774715361764,15077.0
2023-07-07,15544.399826554622,15189.2998046875
2023-07-10,15517.023898447582,15128.0
2023-07-11,15489.028773449725,15216.0
2023-07-12,15469.351761649694,15156.7998046875
2023-07-13,15463.679078985602,14928.0
2023-07-14,15471.632699809643,14954.0
2023-07-17,15480.38188948948,14951.0
2023-07-18,15472.210399008223,14982.5
2023-07-19,15458.564330528117,14986.0
2023-07-20,15422.61934556936,14992.0
2023-07-21,15379.194745154186,15051.5
2023-07-24,15339.375158452225,15018.0
2023-07-25,15298.28379028102,15021.5
2023-07-26,15253.488287705355,15032.0
2023-07-27,15196.376469948495,15007.0
2023-07-28,15156.170540750067,15095.0
2023-07-31,15135.788862887119,15088.0
2023-08-01,15134.388713707223,15104.0
2023-08-02,15126.69785192241,15131.0
2023-08-03,15110.02158345424,15220.0
2023-08-04,15081.49835753069,15161.0
2023-08-07,15067.498153729142,15163.0
2023-08-08,15047.60480972582,15232.0
2023-08-09,15046.024412940296,15207.2001953125
2023-08-10,15027.224500652963,15207.0
2023-08-11,15027.221185856204,15259.0
2023-08-14,15016.680639187833,15317.0
2023-08-15,15007.104455445433,15347.0
2023-08-16,14979.898629764228,15311.5
2023-08-17,14971.16071968153,15362.0
2023-08-18,14946.49693827203,15362.5
2023-08-21,14925.396589700153,15278.0
2023-08-22,14905.456879424239,15318.900390625
2023-08-23,14910.641969089444,15317.0
2023-08-24,14906.616034039,15294.099609375
2023-08-25,14893.73036458852,15239.0
2023-08-28,14888.623970879948,15288.0
2023-08-29,14888.280093087733,15255.5
2023-08-30,14905.557444641452,15196.5
2023-08-31,14904.9674687683,15216.0
2023-09-01,14889.703392607458,15231.0
2023-09-04,14879.456149982076,15233.0
2023-09-05,14885.022897442428,15227.0
2023-09-06,14920.787671778986,15298.0
2023-09-07,14944.649688300979,15336.0
2023-09-08,14956.899869375182,15342.0
2023-09-11,14971.411243049253,15318.0
2023-09-12,15004.541406132557,15339.099609375
2023-09-13,15056.922104254758,15350.2001953125
2023-09-14,15127.23352923721,15353.0
2023-09-15,15162.386745336798,15395.0
2023-09-18,15204.522052744009,15346.0
2023-09-19,15244.81491095365,15377.0
2023-09-20,15258.206916524945,15384.5
2023-09-21,15269.133407370393,15361.0
2023-09-22,15252.150718285797,15400.5
2023-09-25,15229.861576079826,15368.0
2023-09-26,15204.064225449492,15405.0
2023-09-27,15202.106256451176,15493.0
2023-09-28,15207.92496711678,15569.0
2023-09-29,15209.340089295769,15474.0
2023-10-02,15218.722412082298,15448.0
2023-10-03,15226.44256483291,15516.0
2023-10-04,15221.617224505706,15622.0
2023-10-05,15229.390129495356,15591.0
2023-10-06,15217.615732207103,15631.0
2023-10-09,15226.476892673862,15603.0
2023-10-10,15225.688128792555,15691.400390625
2023-10-11,15208.903212822088,15718.5
2023-10-12,15199.901599779998,15693.0
2023-10-13,15175.667777941011,15739.0
2023-10-16,15170.292772460305,15676.0
2023-10-17,15139.87608476736,15675.0
2023-10-18,15106.413964609732,15728.2001953125
2023-10-19,15105.080494731663,15807.0
2023-10-20,15085.066422582908,15856.0
2023-10-23,15082.206933148142,15868.0
2023-10-24,15055.516313150147,15874.0
2023-10-25,15063.520444913327,15868.0
2023-10-26,15062.63793885786,15877.5
2023-10-27,15088.73905034167,15920.0
2023-10-30,15080.356542564305,15903.5
2023-10-31,15072.429269650556,15843.0
2023-11-01,15073.17851969214,15748.7001953125
2023-11-02,15079.879709271514,15900.0
2023-11-03,15106.243666757935,15838.0
2023-11-06,15118.936171570364,15582.099609375
2023-11-07,15129.936301884842,15570.0
2023-11-08,15128.465884043506,15643.599609375
2023-11-09,15132.516612128253,15616.0
2023-11-10,15164.190329238927,15713.7001953125
2023-11-13,15175.068016007264,15683.0
2023-11-14,15180.674130416115,15667.0
2023-11-15,15183.437541529203,15281.0
2023-11-16,15195.347515312864,15487.7998046875
2023-11-17,15215.13248338532,15475.0
2023-11-20,15190.81911632752,15399.400390625
2023-11-21,15175.074355763974,15382.099609375
2023-11-22,15209.81845708434,15501.2998046875
2023-11-23,15220.747959257684,15612.7998046875
2023-11-24,15240.788774458983,15495.0
2023-11-27,15214.645873812791,15560.0
2023-11-28,15200.957085183962,15466.5
2023-11-29,15223.844700185757,15259.0
2023-11-30,15244.813181417048,15407.0
2023-12-01,15262.840973795577,15549.2998046875
2023-12-04,15230.738456232977,15437.400390625
2023-12-05,15198.006930614036,15519.900390625
2023-12-06,15205.355448887834,15457.0
2023-12-07,15234.179366134062,15480.0
2023-12-08,15256.23170930962,15500.0
2023-12-11,15245.122738577062,15560.2001953125
2023-12-12,15222.32877097537,15647.0
2023-12-13,15212.368496958834,15569.0
2023-12-14,15183.147896791737,15275.0
2023-12-15,15165.75733733126,15468.0
2023-12-18,15156.586430492958,15282.7998046875
2023-12-19,15137.150871746777,15454.400390625
2023-12-20,15129.221195636124,15455.0
2023-12-21,15112.383996281113,15518.0
2023-12-22,15075.273444087783,15440.0
2023-12-25,15037.107135655677,15409.2001953125
2023-12-26,15010.216646667926,15460.0
2023-12-27,14998.703584908182,15400.0
2023-12-28,14974.542633093479,15373.0
2023-12-29,14966.147598277212,15425.0
2024-01-01,14961.249804890213,15383.099609375
2024-01-02,14940.336098754513,15383.0
2024-01-03,14926.938190231214,15498.0
2024-01-04,14921.219627693306,15555.0
2024-01-05,14912.898192598966,15511.0
2024-01-08,14897.623706749491,15477.5
2024-01-09,14910.16001832433,15495.5
2024-01-10,14919.179543191065,15534.5
2024-01-11,14932.705904089844,15555.0
2024-01-12,14954.750438149213,15556.5
2024-01-15,14962.127792701138,15503.2001953125
2024-01-16,14987.333762158807,15546.0
2024-01-17,15001.011523329878,15625.0
2024-01-18,15020.576611802508,15624.0
2024-01-19,15035.777709548562,15613.099609375
2024-01-22,15060.947140621794,15601.0
2024-01-23,15108.98039580156,15655.5
2024-01-24,15138.8052548047,15715.0
2024-01-25,15198.329073958555,15714.5
2024-01-26,15225.491726220765,15808.0
2024-01-29,15265.947669789408,15767.599609375
2024-01-30,15295.073389453162,15828.0
2024-01-31,15327.80236833578,15785.0
2024-02-01,15367.866926948496,15769.0
2024-02-02,15402.827400395292,15726.0
2024-02-05,15445.32653413348,15727.2001953125
2024-02-06,15474.252207887512,15711.5
2024-02-07,15541.688483401358,15733.0
2024-02-08,15575.33400076514,15647.0
2024-02-09,15616.877201589381,15660.2998046875
2024-02-12,15655.293334700847,15598.0
2024-02-13,15671.068576338048,15579.5
2024-02-14,15635.944495410997,15661.5
2024-02-15,15606.476002573432,15553.099609375
2024-02-16,15587.375228831717,15672.0
2024-02-19,15573.367316348162,15628.599609375
2024-02-20,15558.215686204363,15634.0
2024-02-21,15547.487158281574,15661.0
2024-02-22,15552.757683383024,15642.0
2024-02-23,15560.44114366793,15588.0
2024-02-26,15549.159660936397,15586.099609375
2024-02-27,15526.407194844607,15638.5
2024-02-28,15512.952709285117,15653.0
2024-02-29,15499.227378416377,15712.2001953125
2024-03-01,15464.636796497092,15704.0
2024-03-04,15444.168977581243,15691.900390625
2024-03-05,15441.262373903091,15766.0
2024-03-06,15430.971144247687,15751.5
2024-03-07,15402.951013460643,15668.0
2024-03-08,15391.810408042902,15621.0
2024-03-11,15394.04587396718,15536.2998046875
2024-03-12,15379.467427105847,15518.0
2024-03-13,15370.410212894192,15546.0
2024-03-14,15360.115905922083,15574.0
2024-03-15,15352.849329293114,15630.0
2024-03-18,15343.637434106491,15639.2998046875
2024-03-19,15314.796897243761,15743.0
2024-03-20,15291.5565232685,15718.0
2024-03-21,15265.736494169054,15687.0
2024-03-22,15248.880923147643,15723.5
2024-03-25,15227.658989606367,15802.599609375
2024-03-26,15198.981564539463,15784.0
2024-03-27,15196.798288699185,15828.0
2024-03-28,15176.913966364746,15877.0
2024-03-29,15154.594689957417,15877.0
2024-04-01,15142.392306988486,15848.0
2024-04-02,15133.670818764875,15945.7998046875
2024-04-03,15124.702686087656,15955.0
2024-04-04,15121.786429754187,15936.0
2024-04-05,15117.8949581611,15904.5
2024-04-08,15101.82038248,15881.0
2024-04-09,15088.937660802925,15918.0
2024-04-10,15076.720040221428,15892.2998046875
2024-04-11,15068.179370725256,15998.2001953125
2024-04-12,15043.948200218843,16007.0
2024-04-15,15032.86036267709,16111.0
2024-04-16,15016.53270842092,16075.0
2024-04-17,14992.896697506281,16312.2001953125
2024-04-18,14967.757069260366,16246.0
2024-04-19,14940.367935875558,16220.0
2024-04-22,14918.268418941623,16210.2998046875
2024-04-23,14887.900275368358,16246.0
2024-04-24,14881.553732567634,16140.2001953125
2024-04-25,14889.806934697523,16220.0
2024-04-26,14911.605250232322,16202.0
2024-04-29,14930.327981906523,16203.0
2024-04-30,14937.048159357199,16246.0
2024-05-01,14954.757064189975,16273.0
2024-05-02,14952.805246062424,16190.400390625
2024-05-03,14954.888721043302,16097.0
2024-05-06,14960.289957915174,16077.0
2024-05-07,14991.836897077825,16034.0
2024-05-08,15017.391100165803,16073.0
2024-05-09,15034.485964566637,16074.0
2024-05-10,15066.947281218723,16030.0
2024-05-13,15078.825000781062,16038.0
2024-05-14,15097.980170749024,16121.0
2024-05-15,15150.074901723796,16102.0
2024-05-16,15200.235067487456,15914.0
2024-05-17,15227.858158452806,15930.7998046875
2024-05-20,15279.06061973142,15958.0
2024-05-21,15333.814869844835,16031.0
2024-05-22,15390.336626270446,16005.0
2024-05-23,15469.845147440652,16040.7001953125
2024-05-24,15501.566351061443,16095.0
2024-05-27,15566.402358219111,16038.0
2024-05-28,15628.699873474974,16071.0
2024-05-29,15645.023629442017,16117.0
2024-05-30,15681.496372073474,16232.099609375
2024-05-31,15666.955071883007,16228.0
2024-06-03,15641.496687018318,16243.0
2024-06-04,15646.276380759893,16203.0
2024-06-05,15657.453664656112,16276.0
2024-06-06,15632.963439347064,16315.0
2024-06-07,15605.067799194972,16241.7001953125
2024-06-10,15610.51936441066,16270.0
2024-06-11,15615.680188957202,16312.0
2024-06-12,15608.051523073404,16305.400390625
2024-06-13,15600.66193507785,16230.0
2024-06-14,15604.438194693206,16286.0
2024-06-17,15605.809517269723,16479.900390625
2024-06-18,15597.564074671911,16479.0
2024-06-19,15583.465095964691,16379.0
2024-06-20,15545.593755527048,16380.900390625
2024-06-21,15507.052006094498,16491.900390625
2024-06-24,15458.304695229383,16443.0
2024-06-25,15451.435792030281,16394.099609375
2024-06-26,15438.992966490783,16401.0
2024-06-27,15457.108407425098,16434.0
2024-06-28,15510.648214282233,16374.400390625
2024-07-01,15531.843526465536,16343.0
2024-07-02,15549.13584614024,16390.0
2024-07-03,15554.003315254848,16391.0
2024-07-04,15607.709580839077,16340.0
2024-07-05,15668.252115089444,16328.5
2024-07-08,15656.687054737737,16245.0
2024-07-09,15690.79323320938,16277.2001953125
2024-07-10,15674.905684691514,16277.0
2024-07-11,15648.784184353304,16198.0
2024-07-12,15674.851465141517,16104.0
2024-07-15,15605.590068100375,16108.0
2024-07-16,15596.143823553994,16195.0
2024-07-17,15576.981746588308,16173.0
2024-07-18,15561.507793065122,16138.0
2024-07-19,15540.921038856473,16185.0
2024-07-22,15525.902473753104,16206.0
2024-07-23,15509.243759304914,16220.2001953125
2024-07-24,15495.300722106307,16222.0
2024-07-25,15447.810427863586,16246.0
2024-07-26,15431.110653725242,16337.7998046875
2024-07-29,15404.62182977751,16283.0
2024-07-30,15370.13026962792,16301.7001953125
2024-07-31,15332.186219424491,16328.5
2024-08-01,15279.73710585208,16255.0
2024-08-02,15268.897220039062,16281.0
2024-08-05,15320.262695953876,16012.0
2024-08-06,15295.603716814967,16208.0
2024-08-07,15290.077256603265,16152.2998046875
2024-08-08,15302.962086806992,16023.0
2024-08-09,15286.329975219034,15979.0
2024-08-12,15339.992274717553,15918.0
2024-08-13,15308.92104037162,15949.099609375
2024-08-14,15276.168084345905,15749.0
2024-08-15,15287.227711620159,15619.5
2024-08-16,15269.490735394866,15755.0
2024-08-19,15231.378488027152,15683.0
2024-08-20,15166.931420733335,15523.0
2024-08-21,15107.919861676457,15442.0
2024-08-22,15095.574129738266,15484.0
2024-08-23,15080.919201114873,15728.5
2024-08-26,15056.99106216397,15377.2001953125
2024-08-27,15049.835958021584,15462.599609375
2024-08-28,15045.436159581523,15467.099609375
2024-08-29,15031.577502701386,15440.0
2024-08-30,15007.484003894571,15444.7998046875
2024-09-02,14996.52377530544,15525.0
2024-09-03,14984.117606029087,15520.099609375
2024-09-04,14959.194521136189,15532.900390625
2024-09-05,14919.286173919172,15444.400390625
2024-09-06,14875.849227810784,15417.0
2024-09-09,14833.297645259872,15405.0
2024-09-10,14799.139975535993,15456.7998046875
2024-09-11,14791.84067420622,15489.0
2024-09-12,14810.809136155223,15437.0
2024-09-13,14851.179302185421,15418.7001953125
2024-09-16,14873.600624684605,15393.0
2024-09-17,14896.013409247702,15385.0
2024-09-18,14908.791494121357,15345.0
2024-09-19,14947.624138598054,15300.2001953125
2024-09-20,14975.219781596681,15197.599609375
2024-09-23,15037.11540104175,15154.0
2024-09-24,15073.761317765298,15174.099609375
2024-09-25,15083.1354288756,15121.099609375
2024-09-26,15082.32512166819,15201.5
2024-09-27,15134.378641606427,15070.0
2024-09-30,15134.742855358963,15118.0
2024-10-01,15158.09043794794,15170.599609375
2024-10-02,15211.38742480129,15260.599609375
2024-10-03,15201.569270170647,15324.0
2024-10-04,15233.865051171279,15457.0
2024-10-07,15223.627304126647,15650.0
2024-10-08,15224.11242221587,15744.0
2024-10-09,15205.01562535668,15682.400390625
2024-10-10,15194.075116273627,15664.599609375
2024-10-11,15234.72295648369,15670.900390625
2024-10-14,15232.651898791573,15562.0
2024-10-15,15242.886761722984,15573.0
2024-10-16,15251.867651786919,15578.599609375
2024-10-17,15242.795689107767,15583.900390625
2024-10-18,15266.616906431906,15493.0
2024-10-21,15246.157243662288,15467.0
2024-10-22,15232.513319095116,15556.0
2024-10-23,15234.11909364648,15586.0
2024-10-24,15213.941091269322,15663.0
2024-10-25,15212.824528643067,15621.5
2024-10-28,15208.131163121921,15688.099609375
2024-10-29,15170.40796344989,15747.0
2024-10-30,15160.506819691458,15768.0
2024-10-31,15183.716215831553,15695.5
2024-11-01,15156.907044341733,15713.0
2024-11-04,15141.221454352592,15842.0
2024-11-05,15150.853670442972,15790.0
2024-11-06,15144.111567859223,15665.0
2024-11-07,15152.6701536258,15818.2001953125
2024-11-08,15153.41559205792,15558.0
2024-11-11,15137.366474642096,15647.2001953125
2024-11-12,15122.502538546278,15765.0
2024-11-13,15124.516587495003,15788.900390625
2024-11-14,15136.281993465369,15847.2001953125
2024-11-15,15125.754882462685,15933.2998046875
2024-11-18,15108.60143414879,15891.2998046875
2024-11-19,15090.441184423575,15806.099609375
2024-11-20,15069.364914590327,15817.099609375
2024-11-21,15067.60675986963,15913.0
2024-11-22,15055.20299026338,15816.900390625
2024-11-25,15045.917443270295,15940.0
2024-11-26,15040.605315681018,15901.2001953125
2024-11-27,15039.381885039373,15930.0
2024-11-28,15043.882751457706,15863.5
2024-11-29,15030.785137106926,15878.0
2024-12-02,15003.826534934515,15829.0
2024-12-03,14964.368216228992,15910.0
2024-12-04,14921.881742947817,15940.0
2024-12-05,14891.570112992647,15906.599609375
2024-12-06,14857.0518102544,15839.7998046875
2024-12-09,14810.465786676343,15825.7998046875
2024-12-10,14804.399764944392,15864.0
2024-12-11,14828.055878686531,15908.0
2024-12-12,14840.628128306784,15963.0
2024-12-13,14862.80842224098,15967.400390625
2024-12-16,14882.789475620462,16025.7998046875
2024-12-17,14882.638628026636,15955.0
2024-12-18,14893.37961784688,15926.2001953125
2024-12-19,14901.62565720963,16145.2998046875
2024-12-20,14921.932642883552,15981.2998046875
2024-12-23,14934.335886249235,16159.2998046875
2024-12-24,14939.392705748918,16217.599609375
2024-12-25,14949.361063806216,15970.7998046875
2024-12-26,14975.577890080953,15069.400390625
2024-12-27,15015.84135362484,16189.0
2024-12-30,15033.76170302958,16178.0
2024-12-31,15055.936650734617,16085.599609375
2025-01-02,15086.043851978318,16230.5
2025-01-03,15141.099100177942,16201.099609375
2025-01-06,15196.62949562489,16178.7998046875
2025-01-07,15204.678373937917,16179.099609375
2025-01-08,15217.263327536477,16157.7001953125
2025-01-09,15254.143378175093,16187.599609375
2025-01-10,15274.122095787896,16237.0
2025-01-13,15281.708634835397,16268.0
2025-01-14,15271.272434155246,16295.2001953125
2025-01-15,15293.739612588894,16320.0
2025-01-16,15327.021607387627,16360.7998046875
2025-01-17,15383.431661727162,16368.7998046875
2025-01-20,15393.39764730359,16367.099609375
2025-01-21,15391.97875652764,16245.0
2025-01-22,15448.239024886996,16330.7998046875
2025-01-23,15471.500482321564,16232.7998046875
2025-01-24,15506.060361063372,16230.900390625
2025-01-27,15502.972917203682,16164.900390625
2025-01-28,15485.361176785065,16155.599609375
2025-01-29,15490.171489505135,15881.2001953125
2025-01-30,15508.966257937156,16238.0
2025-01-31,15507.292012602096,16274.5
2025-02-03,15488.628660475351,16341.2998046875
2025-02-04,15454.574960018192,16320.0
2025-02-05,15433.502653805273,16299.099609375
2025-02-06,15438.000305424888,16298.099609375
2025-02-07,15415.572846767212,16327.0
2025-02-10,15410.816575724237,16314.7001953125
2025-02-11,15406.227384289594,16330.099609375
2025-02-12,15413.623284169196,16343.2998046875
2025-02-13,15406.588448940314,16375.0
2025-02-14,15390.077681986908,16219.0
2025-02-17,15350.946542697764,16173.0
2025-02-18,15316.819705023998,16220.0
2025-02-19,15292.24872004697,16317.0
2025-02-20,15263.204329138749,16346.400390625
2025-02-21,15214.62057043182,16245.099609375
2025-02-24,15149.85238476753,16278.0
2025-02-25,15129.225267607959,16279.2998046875
2025-02-26,15115.809582576208,16314.0
2025-02-27,15116.899472373845,16367.400390625
2025-02-28,15114.217594455728,16553.69921875
2025-03-03,15112.516250867455,16522.0
2025-03-04,15131.302477782336,16451.19921875
2025-03-05,15105.856806560465,16379.0
2025-03-06,15114.509487705825,16268.900390625
2025-03-07,15094.452074780967,16322.099609375
2025-03-10,15067.706373362826,16292.599609375
2025-03-11,15064.48097528034,16324.0
2025-03-12,15067.71160222202,16433.900390625
2025-03-13,15065.620871263169,16305.599609375
2025-03-14,15057.879260823382,16259.2998046875
2025-03-17,15072.537590812037,16321.0
2025-03-18,15065.609105484196,16370.0
2025-03-19,15068.130804090139,16514.5
2025-03-20,15070.038102219094,16330.2998046875
2025-03-21,15065.131588471491,16428.5
2025-03-24,15072.608698370941,16519.0
2025-03-25,15075.127903153452,16575.80078125
2025-03-26,15070.627328015096,16621.0
2025-03-27,15067.063264684697,16629.0
2025-03-28,15075.859322837594,16560.900390625
2025-03-31,15071.016364300454,16575.0
2025-04-01,15035.506770281394,16652.0
2025-04-02,15034.462646594378,16731.400390625
2025-04-03,15069.207866164648,16739.0
2025-04-04,15047.24738857158,16739.80078125
2025-04-07,15060.405352005053,16738.0
2025-04-08,15038.164727728781,16855.69921875
2025-04-09,15076.140010756784,17051.900390625
2025-04-10,15013.938616426509,16805.5
2025-04-11,15081.81179142128,16833.80078125
2025-04-14,15094.738138509356,16788.0
2025-04-15,15139.025887180384,16780.0
2025-04-16,15199.372693887119,16813.5
2025-04-17,15206.152718057596,16794.599609375
2025-04-21,15245.887053120332,16794.599609375
2025-04-22,15282.055687585642,16814.900390625
2025-04-23,15297.287334575383,16858.099609375
2025-04-24,15337.561537321757,16846.0
2025-04-25,15330.009607985337,16778.5
2025-04-28,15361.86037597011,16823.0
2025-04-29,15425.423313583075,16795.0
2025-04-30,15456.989605309362,16711.900390625
2025-05-01,15525.721217057158,16545.900390625
2025-05-02,15521.753050151814,16606.0
2025-05-05,15579.085412001172,16460.0
2025-05-06,15624.576558251476,16421.5
2025-05-07,15666.747444863224,16432.0
2025-05-08,15631.720573625415,16492.599609375
2025-05-09,15590.499531398886,16538.30078125
2025-05-12,15574.002687678,16543.0
2025-05-13,15543.05771231945,16688.80078125
2025-05-14,15517.196421478702,16599.400390625
2025-05-15,15495.015783084062,16558.19921875
2025-05-16,15485.68641551784,16511.80078125
2025-05-19,15447.670952656232,16487.0
2025-05-20,15422.87925398995,16428.0
2025-05-21,15440.395214633576,16403.0
2025-05-22,15416.467360600958,16347.599609375
2025-05-23,15407.398474652051,16356.900390625
2025-05-26,15393.420063292553,16211.0
2025-05-27,15348.937616749616,16243.5
2025-05-28,15333.700884329683,16279.0
2025-05-29,15289.414367232193,16286.0
2025-05-30,15240.224292475034,16293.0
2025-06-02,15175.860383543979,16322.0
2025-06-03,15149.087736398093,16288.5
2025-06-04,15137.307338920875,16332.400390625
2025-06-05,15134.38903371177,16291.5
2025-06-06,15133.980712580356,16246.400390625
2025-06-09,15115.125396930318,16309.0
2025-06-10,15096.760199874016,16278.7998046875
2025-06-11,15078.221257171776,16247.7998046875
2025-06-12,15058.498003258303,15778.0
2025-06-13,15060.670693761813,16164.5
2025-06-16,15054.99835526061,16282.599609375
2025-06-17,15077.46841900764,15801.0
2025-06-18,15073.25213628603,16275.0
2025-06-19,15094.287460461339,15598.5
2025-06-20,15073.15577692555,16390.0
2025-06-23,15062.538028521558,16431.0
2025-06-24,15082.13417465256,16370.0
2025-06-25,15068.50317229566,16290.0
2025-06-26,15092.927418408894,16290.0
2025-06-27,15109.822834215598,16222.7998046875
2025-06-30,15110.150436341039,16229.0
2025-07-01,15136.78338294987,16230.0
2025-07-02,15134.131838120997,16236.400390625
2025-07-03,15147.959903981216,16235.0
2025-07-04,15175.156596843643,16203.7001953125
2025-07-07,15181.873840490809,16178.0
2025-07-08,15207.923260687201,16318.900390625
2025-07-09,15209.570940604228,16261.0
2025-07-10,15210.121494197168,16235.0
2025-07-11,15215.498775680448,16209.099609375
2025-07-14,15204.41100085312,16222.0
2025-07-15,15211.73784820829,16256.2001953125
2025-07-16,15186.813208181025,16252.099609375
2025-07-17,15178.465653588408,16271.2001953125
2025-07-18,15184.573018776231,16329.7001953125
2025-07-21,15185.403249746745,16321.0
2025-07-22,15177.497095083676,16329.5
2025-07-23,15179.488272520033,16245.2998046875
2025-07-24,15188.071701716719,16266.099609375
2025-07-25,15183.371678787968,16307.0
2025-07-28,15173.845291406175,16353.0
2025-07-29,15166.944838677866,16398.80078125
2025-07-30,15175.789908243616,16367.900390625
2025-07-31,15153.203714631785,16426.80078125
2025-08-01,15123.93453546686,16483.0
2025-08-04,15087.425284235216,16483.0
2025-08-05,15063.754919390987,16362.0
2025-08-06,15070.007412010324,16377.5
2025-08-07,15065.075091144732,16334.7001953125
2025-08-08,15060.63631354204,16300.0
2025-08-11,15060.728472101504,16249.0
2025-08-12,15072.277762075903,16298.0
2025-08-13,15095.54936812953,16248.2001953125
2025-08-14,15101.87562721338,16109.0
2025-08-15,15114.137270439322,16169.0
2025-08-18,15121.902903861694,16196.0
2025-08-19,15134.079946058748,16205.400390625
2025-08-20,15163.305547902259,16275.2001953125
2025-08-21,15182.107327059332,16263.599609375
2025-08-22,15172.752084788151,16339.7001953125
2025-08-25,15165.170942683097,16227.0
2025-08-26,15160.970803101935,16267.0
2025-08-27,15183.13898329012,16299.2001953125
2025-08-28,15214.028570505658,16314.0
2025-08-29,15202.697527090586,16344.2998046875
2025-09-01,15193.900636365503,16409.0
2025-09-02,15173.757655773188,16405.19921875
2025-09-03,15209.823624305138,16443.900390625
2025-09-04,15219.826169754726,16463.0
2025-09-05,15199.349451744725,16452.099609375
2025-09-08,15195.237172043537,16392.0
2025-09-09,15198.78369676585,16446.099609375
2025-09-10,15215.970472879664,16449.900390625
2025-09-11,15222.002038237884,16439.0
2025-09-12,15200.574150399634,16413.599609375
2025-09-15,15199.97091638653,16401.0
2025-09-16,15173.988042516465,16364.599609375
2025-09-17,15194.312826125617,16398.099609375
2025-09-18,15162.470665355118,16418.599609375
2025-09-19,15126.409467131656,16569.099609375
2025-09-22,15103.837173482721,16637.0
2025-09-23,15086.362740125669,16582.0
2025-09-24,15091.94239114953,16633.0
2025-09-25,15084.49148152156,16695.099609375
2025-09-26,15065.786418199887,16759.099609375
2025-09-29,15052.268022090275,16723.0
2025-09-30,15029.37548743718,16628.0
2025-10-01,15026.730072822897,16683.0
2025-10-02,15008.97561481516,16644.099609375
2025-10-03,14995.970639024581,16601.5
2025-10-06,14970.727549970317,16558.0
2025-10-07,14950.390517642378,16596.5
2025-10-08,14910.298403318451,16587.0
2025-10-09,14878.091848577984,16556.0
2025-10-10,14859.867584313492,16577.69921875
2025-10-13,14845.384669332409,16598.0
2025-10-14,14852.927693439246,16548.0
2025-10-15,14836.52759121238,16585.900390625
2025-10-16,14817.768616050125,16575.0
2025-10-17,14828.24099591446,16561.900390625
2025-10-20,14832.385034581965,16566.0
2025-10-21,14846.290301489622,16542.0
2025-10-22,14843.825089968897,16598.900390625
2025-10-23,14848.726936688447,16596.599609375
2025-10-24,14866.99159272066,16593.80078125
2025-10-27,14880.36301512918,16597.80078125
2025-10-28,14921.598815159261,16158.2001953125
2025-10-29,14907.027382269718,16561.779296875
2025-10-30,14918.109451836308,16562.0
2025-10-31,14944.546350901262,16150.0
2025-11-03,14971.178742621818,16630.0
2025-11-04,14988.960615455304,16640.900390625
2025-11-05,14986.789849298355,16707.0
2025-11-06,14995.648492183596,16669.0
2025-11-07,15028.261586993975,16694.099609375
2025-11-10,15069.584380919663,16653.0
2025-11-11,15133.76927057705,16690.0
2025-11-12,15132.107950076488,16694.900390625
2025-11-13,15146.096849230804,16729.0
2025-11-14,15186.129774081985,16719.0
2025-11-17,15221.181350678133,16679.5
2025-11-18,15244.767048871221,16738.900390625
2025-11-19,15239.041626291655,16727.69921875
2025-11-20,15268.129905524185,16686.69921875
2025-11-21,15285.132795159341,16731.0
2025-11-24,15304.213393188644,16639.0
2025-11-25,15315.24053109932,16645.0
2025-11-26,15298.057241524853,16633.5
2025-11-27,15307.136897502045,16614.69921875
2025-11-28,15333.788395942782,16603.900390625
2025-12-01,15355.405412759188,16635.0
2025-12-02,15352.14085378339,16609.0
2025-12-03,15349.732522590068,16609.900390625
2025-12-04,15375.14667579274,16594.0
2025-12-05,15401.135743836294,16654.400390625
2025-12-08,15418.346119931126,16683.0
2025-12-09,15374.665911549797,16686.0
2025-12-10,15341.740336658813,16662.0
2025-12-11,15319.548937531079,16639.0
2025-12-12,15308.088487517362,16649.0
2025-12-15,15296.29503400452,16623.099609375
2025-12-16,15260.223822264525,16645.80078125
2025-12-17,15213.411107808077,16644.599609375
2025-12-18,15160.339708778405,16657.0
2025-12-19,15122.573944430058,16685.19921875
2025-12-22,15083.151816087655,16678.5
2025-12-23,15051.198743235867,16756.400390625
2025-12-24,15026.353777565835,16735.0
2025-12-26,15017.931243755114,16753.099609375
2025-12-29,15004.446930346341,16741.099609375
2025-12-30,15001.709714634624,16770.0
2025-12-31,14998.706921614612,16709.0
2026-01-02,14992.159140976035,16668.0
2026-01-05,14969.594915511556,16683.0
2026-01-06,14943.123334789701,16727.19921875
2026-01-07,14900.703690384578,16742.0
2026-01-08,14852.488442651227,16753.0
2026-01-09,14801.113362416178,16805.69921875
2026-01-12,14779.919740299973,16826.69921875
2026-01-13,14788.942177833254,16859.400390625
2026-01-14,14803.77022551959,16840.80078125
2026-01-15,14810.367468480028,16845.099609375
2026-01-16,14794.680608346916,16878.900390625
2026-01-19,14762.810521896883,16876.599609375
2026-01-20,14763.081535008387,16939.0
2026-01-21,14756.376953144603,16960.099609375
2026-01-22,14764.049605114202,16897.0
2026-01-23,14759.006838282863,16820.0
2026-01-26,14765.762455044389,16770.0
2026-01-27,14778.08165804484,16734.0
2026-01-28,14803.986479545756,16674.69921875
2026-01-29,14828.614352844375,16722.80078125
2026-01-30,14821.752173078872,16778.30078125
2026-02-02,14841.291949870565,16758.400390625
2026-02-03,14858.190397669263,16758.400390625
2026-02-04,14886.61118134825,16759.0
2026-02-05,14899.962641401964,16800.0
2026-02-06,14886.848891999512,16879.900390625
2026-02-09,14907.71286065199,16843.5
2026-02-10,14931.138957438938,16796.0
2026-02-11,14936.185830534896,16778.0
2026-02-12,14969.39762534179,16793.900390625
2026-02-13,14941.833479210696,16809.0
2026-02-16,14952.271590909097,16826.099609375
2026-02-17,14963.030960444661,16806.599609375
2026-02-18,14948.83024688831,16840.0
2026-02-19,14980.712740396833,16915.30078125
2026-02-20,14973.254153710317,16887.19921875
2026-02-23,14996.814077812427,16843.400390625
2026-02-24,14999.040214988387,16804.30078125
2026-02-25,14991.87607253642,16816.80078125
2026-02-26,15030.44900870807,16749.80078125
2026-02-27,15035.213266979812,16749.0
2026-03-02,15064.807360533865,16795.0
2026-03-03,15082.824127820535,16863.0
2026-03-04,15102.124267914598,16898.099609375
2026-03-05,15131.018326295338,16865.0
2026-03-06,15183.077589664588,16913.099609375
2026-03-09,15202.99177192613,16923.69921875
2026-03-10,15225.767923430754,16886.0
2026-03-11,15270.543183102158,16852.0
2026-03-12,15258.403006089748,16884.0
2026-03-13,15278.564256955331,16908.0
2026-03-16,15280.799147217307,16952.099609375
2026-03-17,15282.747205491432,16953.099609375
2026-03-18,15294.107471824354,16971.30078125
2026-03-19,15274.938790375198,17041.69921875
2026-03-20,15289.165899501824,16915.900390625
2026-03-23,15278.266006537646,16959.30078125
2026-03-24,15274.227303959204,16865.099609375
2026-03-25,15270.700695316324,16797.30078125
2026-03-26,15266.666119355152,16749.599609375
2026-03-27,15313.028887590137,16925.0
2026-03-30,15302.668587229478,16958.0
2026-03-31,15276.72985508353,16975.400390625
2026-04-01,15256.57882049736,16936.400390625
2026-04-02,15236.73446443033,16924.099609375
2026-04-03,15222.96655214046,16959.0
2026-04-06,15178.336769000944,16988.0
2026-04-07,15161.143982852924,17015.30078125
2026-04-08,15155.226943030997,17027.400390625
2026-04-09,15139.085942444028,17005.5
2026-04-10,15100.65126546668,17059.0
2026-04-13,15065.86446713853,17083.0
2026-04-14,15015.100836970198,17079.19921875
2026-04-15,14950.070525492478,17129.0
2026-04-16,14877.84022902521,17146.099609375
2026-04-17,14845.649022653155,17123.0
2026-04-20,14805.31801274015,17133.0
2026-04-21,14807.972178459868,17123.80078125
2026-04-22,14806.956243532351,17133.099609375
2026-04-23,14820.050292108037,17199.5
2026-04-24,14809.643660201971,17329.0
2026-04-27,14801.411769653303,17246.0
2026-04-28,14772.849056496603,17216.0
2026-04-29,14749.010262849093,17244.0
2026-04-30,14764.417600976925,17334.19921875
2026-05-01,14757.07431025025,17311.0
2026-05-04,14738.362579052957,17288.5
2026-05-05,14737.551176170002,17346.19921875
2026-05-06,14738.903478214635,17389.80078125
2026-05-07,14760.29252369734,17296.900390625
2026-05-08,14759.39372554426,17294.900390625
2026-05-11,14757.336829115733,17358.0
2026-05-12,14738.986949652663,17413.0
2026-05-13,14739.034090360174,17549.0
2026-05-14,14770.492956864931,17500.0
2026-05-15,14782.455821369404,17530.599609375
2026-05-18,14764.652480811756,17586.0
2026-05-19,14777.761225174725,17701.0
2026-05-20,14774.925298337035,17777.0
2026-05-21,14800.013975922553,17658.400390625
2026-05-22,14820.081683614173,17692.0
2026-05-25,14808.656462676094,17692.0
2026-05-26,14829.471784226193,17762.0
2026-05-27,14814.897354825405,17699.69921875
2026-05-28,14834.622348320685,17804.0
2026-05-29,14854.107905822839,17840.0
