Date,actual,transformer_pred,ridge_pred,ensemble_pred
2023-06-01,14984.0,14988.031658262538,14989.592586061475,14988.546764436189
2023-06-02,14907.0,14994.33157787764,14986.13644354536,14991.627183547986
2023-06-05,14983.0,14973.274555220192,14960.60780671922,14969.094528214871
2023-06-06,14849.5,14990.129494212772,14996.122525964867,14992.107194690963
2023-06-07,14872.0,15004.903791851437,15035.167945217652,15014.890962462287
2023-06-08,14889.0,15013.7481584376,15034.147887195888,15020.480068927835
2023-06-09,14836.0,15019.865611956408,15041.652811993952,15027.055387968798
2023-06-12,14833.0,15007.152898613283,15013.36667732046,15009.203445586652
2023-06-13,14871.5,15024.452066706148,15028.334091563009,15025.73313490891
2023-06-14,14869.0,15039.157632949844,15056.398193226958,15044.847017841294
2023-06-15,14909.0,15047.870658140271,15044.449901962642,15046.741808601655
2023-06-16,14897.0,15053.909256005403,15069.660676636977,15059.107224813823
2023-06-19,14928.0,15029.238369356315,15047.583311804196,15035.292200364114
2023-06-20,15008.0,15046.881960912518,15068.850964164872,15054.131731985795
2023-06-21,15016.0,15061.46344346406,15081.172034992334,15067.96727866839
2023-06-22,14943.0,15069.750451319442,15065.521802301218,15068.35499714343
2023-06-23,14935.0,15075.6467844997,15070.062563076555,15073.803991430063
2023-06-26,14987.0,15073.3159108335,15061.304432393725,15069.352122948374
2023-06-27,15039.0,15090.529152343408,15078.294488493138,15086.491713272819
2023-06-28,14982.5,15104.879406993516,15083.221929123603,15097.732439296444
2023-06-29,14981.0,15113.40507430984,15082.883444011204,15103.33293631129
2023-06-30,15064.0,15119.105599635976,15096.690034504849,15111.708463142702
2023-07-03,14986.0,15109.621886479135,15102.625815802909,15107.31318315598
2023-07-04,15056.0,15126.57115464726,15100.83897818946,15118.079536416186
2023-07-05,15010.0,15142.12195548534,15109.882015828416,15131.482775398556
2023-07-06,15077.0,15150.888811376451,15112.679638531294,15138.27978433755
2023-07-07,15189.2998046875,15155.230737151092,15122.444048922503,15144.411130035656
2023-07-10,15128.0,15139.984694490788,15119.698502269124,15133.290251057639
2023-07-11,15216.0,15155.34041003064,15109.21636108372,15140.119473878156
2023-07-12,15156.7998046875,15170.55802339187,15114.35267921654,15152.010259814011
2023-07-13,14928.0,15179.057071850017,15114.092420841687,15157.618737017268
2023-07-14,14954.0,15183.320929880045,15124.712959056293,15163.980299508206
2023-07-17,14951.0,15162.634174663131,15118.618144354388,15148.108884661246
2023-07-18,14982.5,15178.293100256313,15115.850336606536,15157.686988251886
2023-07-19,14986.0,15193.865401455969,15121.895394811088,15170.115299263158
2023-07-20,14992.0,15202.139239022694,15120.072765308172,15175.057302696901
2023-07-21,15051.5,15206.479809920766,15127.613236079442,15180.453840553128
2023-07-24,15018.0,15185.542985570704,15117.766210340616,15163.176649744775
2023-07-25,15021.5,15203.810238750337,15121.960058368362,15176.799679224285
2023-07-26,15032.0,15218.947114223092,15132.104611239796,15190.289088238604
2023-07-27,15007.0,15226.858244778952,15134.514497599645,15196.384808209781
2023-07-28,15095.0,15231.040649169185,15137.742718530031,15200.252332058266
2023-07-31,15088.0,15219.087091711524,15132.728719303315,15190.588828816813
2023-08-01,15104.0,15232.094723348431,15133.581341862066,15199.58530745793
2023-08-02,15131.0,15247.567947041876,15141.475280814077,15212.557367186702
2023-08-03,15220.0,15255.711043833277,15141.724460920856,15218.095471472177
2023-08-04,15161.0,15256.712083048284,15144.071172237833,15219.540582480837
2023-08-07,15163.0,15256.387992533768,15146.846300933428,15220.239234305656
2023-08-08,15232.0,15278.074472182438,15146.97149012575,15234.810488103732
2023-08-09,15207.2001953125,15289.631482425151,15151.085410128297,15243.91127856719
2023-08-10,15207.0,15297.019253085024,15149.16027241908,15248.225789465263
2023-08-11,15259.0,15297.725148932945,15152.318039399948,15249.740802787057
2023-08-14,15317.0,15274.20262004526,15156.012210971194,15235.199785050818
2023-08-15,15347.0,15276.785454558718,15158.158120082664,15237.63843418162
2023-08-16,15311.5,15287.971716419068,15164.846990442024,15247.340556846644
2023-08-17,15362.0,15295.25518636455,15163.342817536735,15251.724104651372
2023-08-18,15362.5,15296.193067902464,15169.982189663113,15254.543478083477
2023-08-21,15278.0,15280.603456269277,15173.188194037208,15245.156419732695
2023-08-22,15318.900390625,15270.165106945811,15173.472532372696,15238.256557336683
2023-08-23,15317.0,15280.605061723334,15178.343987482773,15246.858907223948
2023-08-24,15294.099609375,15287.521464271293,15179.648472849092,15251.923377101966
2023-08-25,15239.0,15289.001117936728,15187.655096683322,15255.556930923103
2023-08-28,15288.0,15261.69568076415,15191.128168858057,15238.408401835139
2023-08-29,15255.5,15253.987960917006,15191.73071590858,15233.443070064224
2023-08-30,15196.5,15263.984994534849,15195.45458502825,15241.36995939767
2023-08-31,15216.0,15270.599568519605,15198.319678918717,15246.747204951313
2023-09-01,15231.0,15271.03547898608,15203.786138570202,15248.843196648839
2023-09-04,15233.0,15244.577116572533,15206.6583496937,15232.06392350252
2023-09-05,15227.0,15235.07864707479,15208.09763496328,15226.17491307799
2023-09-06,15298.0,15244.822853601509,15213.344532371812,15234.435007595708
2023-09-07,15336.0,15250.710833291414,15217.20010139086,15239.652291764232
2023-09-08,15342.0,15251.810541229022,15221.042766999331,15241.657175733224
2023-09-11,15318.0,15227.195315320858,15224.875047786823,15226.429627034628
2023-09-12,15339.099609375,15222.378305015827,15226.667668675434,15223.793795023497
2023-09-13,15350.2001953125,15231.798385976712,15233.594864518684,15232.391223895562
2023-09-14,15353.0,15237.187566773457,15237.43878942812,15237.270470249496
2023-09-15,15395.0,15238.741453626257,15242.211581168543,15239.886595715212
2023-09-18,15346.0,15215.0021520115,15246.415454147236,15225.368541716294
2023-09-19,15377.0,15211.657452976237,15248.594729242845,15223.846754144217
2023-09-20,15384.5,15220.81018446152,15254.868016366589,15232.049268990193
2023-09-21,15361.0,15225.853599252125,15257.405630772031,15236.265769653693
2023-09-22,15400.5,15227.741139788206,15261.84065473404,15238.99397972033
2023-09-25,15368.0,15206.677348299483,15265.886077387851,15226.216228898646
2023-09-26,15405.0,15205.303145369768,15269.10068850422,15226.356334604137
2023-09-27,15493.0,15214.09277433085,15273.668863654237,15233.752883807567
2023-09-28,15569.0,15218.799915956104,15275.482697871035,15237.505233988031
2023-09-29,15474.0,15220.89811524356,15279.445568488572,15240.218774814413
2023-10-02,15448.0,15205.042496365686,15283.611996476153,15230.97043140214
2023-10-03,15516.0,15205.682612983705,15286.857722312232,15232.470399062118
2023-10-04,15622.0,15212.78650468572,15290.93488512401,15238.575470230357
2023-10-05,15591.0,15215.7680743031,15293.65919674526,15241.472144709012
2023-10-06,15631.0,15217.737090576911,15297.574553345628,15244.083453290586
2023-10-09,15603.0,15201.499978284424,15301.89847395624,15234.631481856124
2023-10-10,15691.400390625,15203.299315109678,15304.52159197665,15236.70266647578
2023-10-11,15718.5,15209.521544523004,15308.311421978417,15242.12220408329
2023-10-12,15693.0,15211.729248808571,15311.750798037669,15244.736360054174
2023-10-13,15739.0,15213.634338686968,15315.683350694087,15247.310512649317
2023-10-16,15676.0,15200.79408258477,15320.146402244383,15240.180348072441
2023-10-17,15675.0,15203.34927739246,15322.108589297151,15242.539850321009
2023-10-18,15728.2001953125,15209.161891093245,15325.830380426332,15247.662492573163
2023-10-19,15807.0,15211.03722011988,15328.850985025369,15249.915762538692
2023-10-20,15856.0,15212.921351878578,15332.640892655822,15252.428800335068
2023-10-23,15868.0,15200.053889515724,15336.741380693851,15245.160761604508
2023-10-24,15874.0,15203.360576456123,15339.255679394362,15248.205960425743
2023-10-25,15868.0,15208.818729660805,15343.68692968672,15253.325235669356
2023-10-26,15877.5,15210.38371027618,15346.89891691577,15255.433728467246
2023-10-27,15920.0,15212.178229544375,15350.66704239642,15257.87953778555
2023-10-30,15903.5,15201.144466046087,15354.180435154767,15251.64633585195
2023-10-31,15843.0,15205.150633868843,15357.105854226977,15255.295856587029
2023-11-01,15748.7001953125,15208.097100100296,15361.02732928688,15258.564075731869
2023-11-02,15900.0,15207.984993797005,15364.32942950378,15259.578657580241
2023-11-03,15838.0,15209.046566904266,15367.863155555831,15261.456041159283
2023-11-06,15582.099609375,15201.360344573764,15371.542788564337,15257.520551090653
2023-11-07,15570.0,15206.9987587525,15374.870195386036,15262.396332841567
2023-11-08,15643.599609375,15209.552020121566,15378.888251071006,15265.43297633488
2023-11-09,15616.0,15208.90431951834,15382.30246983582,15266.12570912311
2023-11-10,15713.7001953125,15209.667727412543,15385.901471037974,15267.824862808935
2023-11-13,15683.0,15203.729556736696,15389.989938882316,15265.195482844749
2023-11-14,15667.0,15209.726451189892,15393.406000933428,15270.34070260526
2023-11-15,15281.0,15212.194010668163,15397.295540770188,15273.277515601832
2023-11-16,15487.7998046875,15211.427253703145,15400.849661203692,15273.936648178325
2023-11-17,15475.0,15212.160496084956,15404.442280934323,15275.613485085247
2023-11-20,15399.400390625,15207.69137107204,15408.768035038416,15274.046670180944
2023-11-21,15382.099609375,15214.062378398974,15412.193737770587,15279.445726991606
2023-11-22,15501.2998046875,15216.4522184414,15415.682366581255,15282.198167327551
2023-11-23,15612.7998046875,15215.573759792544,15419.075070445546,15282.729192308034
2023-11-24,15495.0,15216.266510794025,15422.742558713277,15284.403606607379
2023-11-27,15560.0,15212.168534995912,15427.028578922636,15283.072349491731
2023-11-28,15466.5,15218.685280567595,15430.407687904666,15288.553674988827
2023-11-29,15259.0,15221.138796682644,15434.2512587269,15291.465909157248
2023-11-30,15407.0,15220.174747228684,15437.911247980755,15292.027792476869
2023-12-01,15549.2998046875,15219.59230490463,15442.001214724483,15292.987245145183
2023-12-04,15437.400390625,15218.468889389424,15445.992054187613,15293.551533772827
2023-12-05,15519.900390625,15225.64132061556,15449.342382608282,15299.462671073157
2023-12-06,15457.0,15226.391390867382,15453.265660437495,15301.25989982552
2023-12-07,15480.0,15224.339538131027,15457.073432223046,15301.141723181394
2023-12-08,15500.0,15223.710485910146,15460.875418005124,15301.974913501486
2023-12-11,15560.2001953125,15223.811608690785,15464.864998969384,15303.359227482722
2023-12-12,15647.0,15231.143828296828,15468.40372881078,15309.439595466432
2023-12-13,15569.0,15232.15206367919,15472.234408908069,15311.37923760472
2023-12-14,15275.0,15230.144541824478,15476.109230883769,15311.312889214045
2023-12-15,15468.0,15229.514979926853,15479.846762704254,15312.124468243397
2023-12-18,15282.7998046875,15230.90553774397,15483.853231718598,15314.378276755597
2023-12-19,15454.400390625,15238.657834776148,15487.828986907212,15320.884314979397
2023-12-20,15455.0,15240.04820303342,15491.653567736885,15323.077973385563
2023-12-21,15518.0,15238.25306498875,15495.411103560577,15323.115217717452
2023-12-22,15440.0,15237.833247854727,15499.09957961077,15324.051137334223
2023-12-25,15409.2001953125,15240.138571160378,15503.075939533692,15326.907902723571
2023-12-26,15460.0,15248.296416356636,15506.698418463586,15333.569077051929
2023-12-27,15400.0,15250.209203370316,15510.65206815435,15336.155348749046
2023-12-28,15373.0,15248.668150868738,15514.42411805691,15336.367620040834
2023-12-29,15425.0,15248.497846440094,15518.089087495298,15337.46295598831
2024-01-01,15383.099609375,15254.29426391813,15521.974350628876,15342.628692532675
2024-01-02,15383.0,15261.810191511406,15525.4090845684,15348.797826220214
2024-01-03,15498.0,15261.995711229005,15528.531783575245,15349.952615103262
2024-01-04,15555.0,15258.766490747856,15531.60441885353,15348.803007022729
2024-01-05,15511.0,15256.64521342769,15534.628545652433,15348.379713061855
2024-01-08,15477.5,15264.333633402255,15538.05696554654,15354.66233300987
2024-01-09,15495.5,15274.384613232243,15541.108002577168,15362.403331716068
2024-01-10,15534.5,15276.189138931944,15544.251566468614,15364.649740019046
2024-01-11,15555.0,15273.816804216876,15547.197762974703,15364.032520606961
2024-01-12,15556.5,15272.344237457755,15550.116991101138,15364.009246160073
2024-01-15,15503.2001953125,15280.901374610385,15553.130729160945,15370.73706161207
2024-01-16,15546.0,15292.826102098854,15555.942781128617,15379.654606178676
2024-01-17,15625.0,15295.952907815878,15558.764816470231,15382.680837671815
2024-01-18,15624.0,15294.17028753294,15561.729825472785,15382.464935053089
2024-01-19,15613.099609375,15293.257051308045,15564.673076204132,15382.824339523753
2024-01-22,15601.0,15302.826434539304,15567.746523875696,15390.250064020314
2024-01-23,15655.5,15316.617570061298,15570.380805380422,15400.35943771661
2024-01-24,15715.0,15320.984180212228,15573.185794359131,15404.210712880706
2024-01-25,15714.5,15319.86239097138,15576.411545230289,15404.523611876819
2024-01-26,15808.0,15319.679673681108,15579.636817676705,15405.465531199656
2024-01-29,15767.599609375,15329.058332666587,15582.852368077998,15412.810364352352
2024-01-30,15828.0,15344.530544841538,15585.893516570264,15424.180325512018
2024-01-31,15785.0,15350.62315125222,15589.060685425502,15429.307537529403
2024-02-01,15769.0,15350.162867988902,15592.341537705404,15430.081828995348
2024-02-02,15726.0,15350.52949258956,15595.547855645627,15431.38555239806
2024-02-05,15727.2001953125,15363.453370064854,15598.79427795395,15441.115869668254
2024-02-06,15711.5,15379.879223124904,15602.030705429212,15453.189212285324
2024-02-07,15733.0,15388.196811474934,15605.186903730242,15459.803541919187
2024-02-08,15647.0,15390.481720930846,15608.441820160931,15462.408553676774
2024-02-09,15660.2998046875,15393.392466348843,15611.646287223466,15465.416227237469
2024-02-12,15598.0,15404.400913506615,15615.063812484075,15473.919670169176
2024-02-13,15579.5,15422.268764874942,15618.258258992197,15486.945297933635
2024-02-14,15661.5,15432.183629158344,15621.53750457078,15494.670408044447
2024-02-15,15553.099609375,15435.64780958354,15624.946055949758,15498.116230884392
2024-02-16,15672.0,15439.558611059814,15628.183894070571,15501.804954453364
2024-02-19,15628.599609375,15449.686236462803,15631.62496134762,15509.726015674793
2024-02-20,15634.0,15468.48138738778,15634.940222076537,15523.412802835068
2024-02-21,15661.0,15479.503064096218,15638.3966654327,15531.937952537257
2024-02-22,15642.0,15483.934286050058,15641.721741731526,15536.004146424943
2024-02-23,15588.0,15488.779190395637,15645.246667210207,15540.413457744446
2024-02-26,15586.099609375,15495.84896820692,15648.9702385783,15546.378987429474
2024-02-27,15638.5,15515.527322857864,15652.58235609944,15560.755483827583
2024-02-28,15653.0,15527.745932877317,15656.234173850538,15570.14705239848
2024-02-29,15712.2001953125,15533.276243029462,15659.8611759646,15575.049270898056
2024-03-01,15704.0,15539.078258518482,15663.361087753,15580.091592165874
2024-03-04,15691.900390625,15547.633819980556,15666.894777821202,15586.98993606797
2024-03-05,15766.0,15567.247467593566,15670.544837391342,15601.335599626833
2024-03-06,15751.5,15580.686504749743,15674.006925263491,15611.48224351928
2024-03-07,15668.0,15589.195284832587,15677.513803370686,15618.34039595016
2024-03-08,15621.0,15597.30150108957,15680.976550924794,15624.914267535194
2024-03-11,15536.2998046875,15600.509251536589,15684.3840687816,15628.187941227443
2024-03-12,15518.0,15620.375663538303,15687.641020391708,15642.573231299928
2024-03-13,15546.0,15634.68091250039,15690.520641812189,15653.108023173281
2024-03-14,15574.0,15644.476051126472,15693.775929263278,15660.745010911618
2024-03-15,15630.0,15653.481725140982,15696.843111274018,15667.790982564882
2024-03-18,15639.2998046875,15655.10835101669,15699.90653559122,15669.891751926283
2024-03-19,15743.0,15674.963799646524,15702.89041013333,15684.17958110717
2024-03-20,15718.0,15689.59581663033,15705.816444112996,15694.948623699609
2024-03-21,15687.0,15699.80718473389,15708.752235678749,15702.759051545694
2024-03-22,15723.5,15709.251005818483,15711.492884364085,15709.990825738532
2024-03-25,15802.599609375,15709.331249629162,15714.406450675991,15711.006065974616
2024-03-26,15784.0,15729.053968075192,15717.24542948457,15725.157150340287
2024-03-27,15828.0,15743.967829288198,15720.048080175677,15736.074312081066
2024-03-28,15877.0,15754.590532729662,15722.836481910244,15744.111695959255
2024-03-29,15877.0,15764.225790530743,15725.659039506943,15751.498762692889
2024-04-01,15848.0,15759.27247272878,15728.415360124138,15749.08962556925
2024-04-02,15945.7998046875,15778.304774042575,15730.995254629752,15762.692632636343
2024-04-03,15955.0,15793.259176133655,15733.3929944833,15773.503336189038
2024-04-04,15936.0,15804.187230230948,15735.84829005683,15781.63537997349
2024-04-05,15904.5,15813.528399976649,15738.59728309855,15788.801131406875
2024-04-08,15881.0,15803.881933146293,15741.314544128718,15783.234694770494
2024-04-09,15918.0,15822.394437391731,15744.249536081665,15796.60661995941
2024-04-10,15892.2998046875,15837.224563442142,15746.926496320824,15807.426201292108
2024-04-11,15998.2001953125,15848.224270607108,15749.506233831058,15815.647318471012
2024-04-12,16007.0,15857.286615919576,15752.321003256386,15822.647963740725
2024-04-15,16111.0,15846.559478346582,15755.074114112644,15816.369308149384
2024-04-16,16075.0,15864.777874357238,15757.692790248706,15829.439796601422
2024-04-17,16312.2001953125,15879.555138201273,15759.973738843752,15840.09327641329
2024-04-18,16246.0,15890.56052184687,15762.39670487697,15848.266462246804
2024-04-19,16220.0,15899.481487814406,15764.834309460346,15855.047918957567
2024-04-22,16210.2998046875,15886.595043920204,15767.466553929098,15847.28264222314
2024-04-23,16246.0,15904.526664681856,15769.87092916071,15860.090271959878
2024-04-24,16140.2001953125,15919.251272884792,15772.255695873318,15870.742732471006
2024-04-25,16220.0,15930.28608566468,15774.645369822672,15878.924649436818
2024-04-26,16202.0,15939.065528881474,15777.241396442376,15885.663565176572
2024-04-29,16203.0,15925.11666451119,15779.83459225281,15877.173580665924
2024-04-30,16246.0,15942.71179273566,15782.243785019606,15889.757350189362
2024-05-01,16273.0,15957.387924044258,15784.80649524995,15900.436052542136
2024-05-02,16190.400390625,15968.331439243606,15787.27525392231,15908.582898087578
2024-05-03,16097.0,15976.50238360354,15789.974974739916,15914.948338678543
2024-05-06,16077.0,15950.0285581044,15792.80752192793,15898.145616166166
2024-05-07,16034.0,15965.786885904676,15795.561456814405,15909.612494304885
2024-05-08,16073.0,15980.241004119236,15798.338170397932,15920.213068991205
2024-05-09,16074.0,15990.686649704883,15801.0853898328,15928.118233947098
2024-05-10,16030.0,15998.333097356735,15803.86966308215,15934.160164046123
2024-05-13,16038.0,15971.454939875332,15806.657552537112,15917.07180205372
2024-05-14,16121.0,15986.499331909068,15809.552879067924,15928.10700247149
2024-05-15,16102.0,16000.776854274138,15812.388163896192,15938.608586449416
2024-05-16,15914.0,16011.113647531338,15815.170114634042,15946.452281675229
2024-05-17,15930.7998046875,16018.531546452065,15818.06529123751,15952.377682231261
2024-05-20,15958.0,15990.308486915494,15820.976373821875,15934.4288895946
2024-05-21,16031.0,16005.055360994193,15823.90060706453,15945.274292197406
2024-05-22,16005.0,16019.16433679017,15826.733370239392,15955.662117828413
2024-05-23,16040.7001953125,16029.43012879243,15829.4900498766,15963.449902750206
2024-05-24,16095.0,16036.743960250418,15832.423519882164,15969.318214928895
2024-05-27,16038.0,16007.673964887716,15835.43887674595,15950.836385800932
2024-05-28,16071.0,16022.18813049334,15838.395666129169,15961.536617253163
2024-05-29,16117.0,16036.175846130503,15841.317846778056,15971.872706344197
2024-05-30,16232.099609375,16046.35428431598,15844.11237431172,15979.614454014572
2024-05-31,16228.0,16053.525379515191,15847.025630071394,15985.380462198738
2024-06-03,16243.0,16017.154931941575,15850.002829415123,15961.994738107845
2024-06-04,16203.0,16024.133992204355,15852.883652480652,15967.621380095534
2024-06-05,16276.0,16037.964054653545,15855.818563015664,15977.856042413045
2024-06-06,16315.0,16048.051971772196,15858.605167274754,15985.53452628804
2024-06-07,16241.7001953125,16054.045108417047,15861.543446132431,15990.519559863124
2024-06-10,16270.0,16017.908258597628,15864.46432036898,15967.271758982173
2024-06-11,16312.0,16023.5131860309,15867.297880982727,15971.962135365004
2024-06-12,16305.400390625,16037.254159603855,15870.110181605554,15982.096646864415
2024-06-13,16230.0,16046.991921660305,15872.842062861751,15989.522468256782
2024-06-14,16286.0,16052.84886708202,15875.701293515203,15994.390167804971
2024-06-17,16479.900390625,16016.91369287072,15878.518696663128,15971.243344122213
2024-06-18,16479.0,16021.918519622948,15881.326150218802,15975.52303771958
2024-06-19,16379.0,16035.5710744133,15884.12974786582,15985.595436652631
2024-06-20,16380.900390625,16045.144016532557,15886.900526157544,15992.923664708804
2024-06-21,16491.900390625,16050.957342855956,15889.69611866337,15997.741138872403
2024-06-24,16443.0,16015.446381925498,15892.496908530591,15974.873055705179
2024-06-25,16394.099609375,16019.379426990956,15895.28864667908,15978.429469488037
2024-06-26,16401.0,16032.880883205844,15898.075240894465,15988.395021243088
2024-06-27,16434.0,16042.32544707563,15900.800671180505,15995.622271030237
2024-06-28,16374.400390625,16048.130555240275,15903.519387471648,16000.408869876628
2024-07-01,16343.0,16008.903934048498,15906.253101778186,15975.029159399295
2024-07-02,16390.0,16001.16648369518,15908.963837828976,15970.739610559333
2024-07-03,16391.0,16014.300437229856,15911.692772969443,15980.43990802392
2024-07-04,16340.0,16023.616225891314,15914.337770033138,15987.554335458115
2024-07-05,16328.5,16026.468819904843,15917.015905997903,15990.349358315552
2024-07-08,16245.0,15988.272244126923,15919.707139184253,15965.645759495843
2024-07-09,16277.2001953125,15980.560481551736,15922.371387375748,15961.358080473661
2024-07-10,16277.0,15993.47891933172,15925.058433648575,15970.900159056282
2024-07-11,16198.0,16002.61058223343,15927.64843475257,15977.873073564746
2024-07-12,16104.0,16005.819839571344,15930.307701277216,15980.90083393428
2024-07-15,16108.0,15968.54775585198,15932.991792881538,15956.814288071735
2024-07-16,16195.0,15960.318569828118,15935.669859970223,15952.184495575013
2024-07-17,16173.0,15973.20878243763,15938.3525856759,15961.70623750626
2024-07-18,16138.0,15982.12580858896,15940.969328070212,15968.544170017773
2024-07-19,16185.0,15985.613914437818,15943.631823512134,15971.759824432342
2024-07-22,16206.0,15949.17112225541,15946.316812919436,15948.229200174537
2024-07-23,16220.2001953125,15940.985750617176,15948.990002465353,15943.627153727073
2024-07-24,16222.0,15953.743275491002,15951.665244514395,15953.057525268723
2024-07-25,16246.0,15962.486448365937,15954.322823294771,15959.792452092453
2024-07-26,16337.7998046875,15966.214572132743,15957.000763646409,15963.174015332253
2024-07-29,16283.0,15931.806663225749,15959.691650982642,15941.008709185524
2024-07-30,16301.7001953125,15923.759812790991,15962.36050938554,15936.498042667194
2024-07-31,16328.5,15936.380347691304,15965.04173436712,15945.838605294322
2024-08-01,16255.0,15944.918395029294,15967.711812826572,15952.440222902396
2024-08-02,16281.0,15945.64293337899,15970.402587633323,15953.813619282919
2024-08-05,16012.0,15910.45516807693,15973.121064150882,15931.134913781334
2024-08-06,16208.0,15896.398630178706,15975.812378634311,15922.605167169055
2024-08-07,16152.2998046875,15908.201031560448,15978.540591784948,15931.413086434532
2024-08-08,16023.0,15916.43325445893,15981.242665346655,15937.82036005188
2024-08-09,15979.0,15918.064217507126,15983.955081732594,15939.80820270153
2024-08-12,15918.0,15884.451820836925,15986.68483196707,15918.188714509872
2024-08-13,15949.099609375,15872.54671685645,15989.40141403687,15911.10876692599
2024-08-14,15749.0,15884.476689736126,15992.16061795828,15920.012386049439
2024-08-15,15619.5,15892.439708817265,15994.891461262943,15926.24878712434
2024-08-16,15755.0,15894.56058697359,15997.63099130844,15928.573820404092
2024-08-19,15683.0,15862.027386173795,16000.377981035595,15907.68308247819
2024-08-20,15523.0,15851.47634259637,16003.12271101627,15901.519644174936
2024-08-21,15442.0,15863.330982395348,16005.889992595108,15910.37545576127
2024-08-22,15484.0,15870.948693386494,16008.630984770962,15916.383849543367
2024-08-23,15728.5,15873.518077842398,16011.379964036729,15919.012500286528
2024-08-26,15377.2001953125,15843.657410580416,16014.143941169732,15899.91796567489
2024-08-27,15462.599609375,15834.88027590114,16016.90606598682,15894.948786629415
2024-08-28,15467.099609375,15846.534986804812,16019.676489705822,15903.671682762146
2024-08-29,15440.0,15853.855966318695,16022.431240605423,15909.485806833316
2024-08-30,15444.7998046875,15856.788743603189,16025.185469784976,15912.35966324318
2024-09-02,15525.0,15828.61206327351,16027.965194707223,15894.398596646635
2024-09-03,15520.099609375,15818.90361040263,16030.73416913949,15888.807694785795
2024-09-04,15532.900390625,15829.893294398966,16033.515056681312,15897.08847595214
2024-09-05,15444.400390625,15836.312568802314,16036.280768824445,15902.302074809617
2024-09-06,15417.0,15838.443370561568,16039.042095313454,15904.64094972969
2024-09-09,15405.0,15811.663680329755,16041.824259909436,15887.616671591051
2024-09-10,15456.7998046875,15804.63856924692,16044.58511118115,15883.820928085215
2024-09-11,15489.0,15815.082578790436,16047.360043353876,15891.734142096371
2024-09-12,15437.0,15820.774545760196,16050.120498191576,15896.45871006255
2024-09-13,15418.7001953125,15823.391516802052,16052.882844539465,15899.123654955398
2024-09-16,15393.0,15798.850720755572,16055.653339396502,15883.595584907078
2024-09-17,15385.0,15794.66876114738,16058.402398732987,15881.700861550631
2024-09-18,15345.0,15804.732060238111,16061.164278564467,15889.354692285808
2024-09-19,15300.2001953125,15809.988995299287,16063.914470558508,15893.78440213483
2024-09-20,15197.599609375,15812.798171207687,16066.66655863858,15896.574739059883
2024-09-23,15154.0,15789.558296903895,16069.422609653511,15881.913520111268
2024-09-24,15174.099609375,15786.77856950228,16072.165950386205,15880.956405193974
2024-09-25,15121.099609375,15796.451871213834,16074.92024367432,15888.346434125793
2024-09-26,15201.5,15801.312132599798,16077.667141965328,15892.509285690423
2024-09-27,15070.0,15804.235272455231,16080.408005935822,15895.372274503827
2024-09-30,15118.0,15784.991438427684,16083.153869286332,15883.385040611038
2024-10-01,15170.599609375,15784.353541982438,16085.892632965772,15883.861442006939
2024-10-02,15260.599609375,15792.022152807916,16088.64091043882,15889.906342826114
2024-10-03,15324.0,15795.090690888355,16091.386487189906,15892.868303667867
2024-10-04,15457.0,15797.69495800606,16094.121226012438,15895.515626448165
2024-10-07,15650.0,15780.509716208033,16096.864106807368,15884.906665105813
2024-10-08,15744.0,15781.790831106891,16099.59813504042,15886.667241404954
2024-10-09,15682.400390625,15788.515191545062,16102.34138048292,15892.077833894557
2024-10-10,15664.599609375,15790.80827503426,16105.081075901811,15894.518299320553
2024-10-11,15670.900390625,15793.203966567678,16107.813414513044,15897.02508438965
2024-10-14,15562.0,15778.393252003549,16110.558642681091,15888.007830927138
2024-10-15,15573.0,15780.78078070697,16113.295969451814,15890.510792992769
2024-10-16,15578.599609375,15787.054195551034,16116.042847676616,15895.620450752474
2024-10-17,15583.900390625,15789.004292079611,16118.78368475305,15897.831491661846
2024-10-18,15493.0,15791.287636947647,16121.52182172722,15900.264917924906
2024-10-21,15467.0,15777.782982960502,16124.270811993078,15892.123966541252
2024-10-22,15556.0,15780.881872949449,16127.014134054722,15895.10551911419
2024-10-23,15586.0,15786.729685613613,16129.765650484713,15899.931554021075
2024-10-24,15663.0,15788.349964294075,16132.514525055632,15901.924269345389
2024-10-25,15621.5,15790.48921923804,16135.26326675855,15904.264654919807
2024-10-28,15688.099609375,15778.712053979862,16138.020002654674,15897.28367704255
2024-10-29,15747.0,15782.564072974325,16140.772392797327,15900.772818515916
2024-10-30,15768.0,15787.99291915443,16143.530499974207,15905.320320824958
2024-10-31,15695.5,15789.279704419543,16146.29093272047,15907.093409758849
2024-11-01,15713.0,15790.460912321128,16149.050713891676,15908.79554683941
2024-11-04,15842.0,15782.101314667883,16151.818127238084,15904.10786281605
2024-11-05,15790.0,15787.680497381434,16154.581666790024,15908.75788328627
2024-11-06,15665.0,15790.37148668974,16157.350150466342,15911.47444573602
2024-11-07,15818.2001953125,15789.80796087682,16160.12313752774,15912.011969171625
2024-11-08,15558.0,15790.667090414348,16162.893741243552,15913.501885187985
2024-11-11,15647.2001953125,15784.389068285836,16165.671754375862,15910.212354695544
2024-11-12,15765.0,15790.360036117256,16168.446023099354,15915.128411821348
2024-11-13,15788.900390625,15792.79578077242,16171.226854248842,15917.678035019639
2024-11-14,15847.2001953125,15791.949141320089,16174.01166867018,15918.029775345618
2024-11-15,15933.2998046875,15792.63967958855,16176.792942516162,15919.410256354662
2024-11-18,15891.2998046875,15787.343097627916,16179.581175756031,15916.781663410195
2024-11-19,15806.099609375,15793.704744115614,16182.36643731996,15921.963102873047
2024-11-20,15817.099609375,15796.111392034005,16185.15908165233,15924.497129608053
2024-11-21,15913.0,15795.168567538409,16187.953560788046,15924.787615310788
2024-11-22,15816.900390625,15795.822286172328,16190.745292792008,15926.146878356823
2024-11-25,15940.0,15792.052860304788,16193.542650901629,15924.544491201745
2024-11-26,15901.2001953125,15798.673923798724,16196.338295946223,15929.9031666074
2024-11-27,15930.0,15801.119853825068,16199.1386445672,15932.466054769971
2024-11-28,15863.5,15800.100118217468,16201.9404983628,15932.707443665427
2024-11-29,15878.0,15800.703970863784,16204.740435885918,15934.036004321088
2024-12-02,15829.0,15799.23185443501,16207.54518206181,15933.975252551852
2024-12-03,15910.0,15806.538793880538,16210.349431508064,15939.796304297623
2024-12-04,15940.0,15807.208312655885,16213.156059866438,15941.171069235366
2024-12-05,15906.599609375,15805.120125818892,16215.964605287663,15940.698804043586
2024-12-06,15839.7998046875,15804.395610204136,16218.771420357283,15941.139627554674
2024-12-09,15825.7998046875,15804.238832100997,16221.582698392933,15941.962307977334
2024-12-10,15864.0,15811.752285917706,16224.393069897931,15947.92374463118
2024-12-11,15908.0,15812.646751602546,16227.205024223314,15949.4509815674
2024-12-12,15963.0,15810.515505886317,16230.019532869035,15948.951834790612
2024-12-13,15967.400390625,15809.782071076988,16232.83156513415,15949.388404115853
2024-12-16,16025.7998046875,15811.120366710986,16235.648275517597,15951.214576617167
2024-12-17,15955.0,15819.076677316696,16238.462962617046,15957.474151465813
2024-12-18,15926.2001953125,15820.400653918436,16241.279041019145,15959.290521661671
2024-12-19,16145.2998046875,15818.482418423846,16244.097622056584,15958.93543562265
2024-12-20,15981.2998046875,15817.969434653163,16246.914064604587,15959.521162537134
2024-12-23,16159.2998046875,15820.283754581364,16249.73302487818,15962.002013779313
2024-12-24,16217.599609375,15828.659477029463,16252.549354065948,15968.543136451503
2024-12-25,15970.7998046875,15830.437479295088,16255.366532047032,15970.66406670323
2024-12-26,15069.400390625,15828.766310713998,16258.18557856725,15970.474669105572
2024-12-27,16189.0,15828.496452145637,16261.002531963377,15971.22345848549
2024-12-30,16178.0,15830.610531368571,16263.821487726802,15973.570146966787
2024-12-31,16085.599609375,15839.447333557124,16266.63858079263,15980.420445144842
2025-01-02,16230.5,15835.858096813095,16269.456531823267,15978.945580366451
2025-01-03,16201.099609375,15833.079247840258,16272.27589217445,15978.014140470541
2025-01-06,16178.7998046875,15840.663106467824,16275.093087971343,15984.025000363985
2025-01-07,16179.099609375,15850.335240229477,16277.911474938215,15991.435397683359
2025-01-08,16157.7001953125,15852.013474409456,16280.729242937914,15993.489678023847
2025-01-09,16187.599609375,15849.26548011547,16283.547682452096,15992.578606886556
2025-01-10,16237.0,15847.145966411774,16286.368148384878,15992.089286462899
2025-01-13,16268.0,15856.096875653711,16289.18620865284,15999.016355543423
2025-01-14,16295.2001953125,15867.708313882513,16292.00599687704,16007.726549270708
2025-01-15,16320.0,15870.866741577003,16294.826168567835,16010.773352483979
2025-01-16,16360.7998046875,15868.777166857928,16297.647220414823,16010.304284531703
2025-01-17,16368.7998046875,15867.091715692208,16300.47045075014,16010.106698261325
2025-01-20,16367.099609375,15876.77732491804,16303.292265069156,16017.527255167908
2025-01-21,16245.0,15890.2919241232,16306.116711149723,16027.514103841953
2025-01-22,16330.7998046875,15894.69719940883,16308.941668616872,16031.397874247483
2025-01-23,16232.7998046875,15893.308719546036,16311.76761330438,16031.400154486291
2025-01-24,16230.900390625,15892.223325788402,16314.595650545452,16031.606192958228
2025-01-27,16164.900390625,15902.876111203494,16317.423221336843,16039.676657547498
2025-01-28,16155.599609375,15918.163949626332,16320.253242413271,16050.85341624602
2025-01-29,15881.2001953125,15924.197216131985,16323.083916070222,16055.829827111604
2025-01-30,16238.0,15923.676416360202,16325.915750345404,16056.41539657532
2025-01-31,16274.5,15923.493085006134,16328.750073201118,16057.227891110479
2025-02-03,16341.2998046875,15936.852609070846,16331.584257431206,16067.114053029763
2025-02-04,16320.0,15952.75159726628,16334.420787552695,16078.702430060797
2025-02-05,16299.099609375,15960.280316697312,16337.25840119526,16084.683084581637
2025-02-06,16298.099609375,15961.168030797093,16340.096911613462,16086.214561466495
2025-02-07,16327.0,15962.341743084997,16342.93814531374,16087.938555820481
2025-02-10,16314.7001953125,15975.755921676964,16345.779676984412,16097.863760928421
2025-02-11,16330.099609375,15993.752422511769,16348.623551316236,16110.859895017242
2025-02-12,16343.2998046875,16003.675059253212,16351.468367657611,16118.446851026663
2025-02-13,16375.0,16007.630945188015,16354.314593741925,16122.036549210807
2025-02-14,16219.0,16010.818894657115,16357.16393065265,16125.11275653564
2025-02-17,16173.0,16022.782041609247,16360.013861895968,16134.068542303865
2025-02-18,16220.0,16041.985022368415,16362.866129221296,16147.875787629866
2025-02-19,16317.0,16053.261486798552,16365.719796574103,16156.372729024484
2025-02-20,16346.400390625,16058.318498654104,16368.574649823802,16160.703028540105
2025-02-21,16245.099609375,16062.41462441672,16371.432088376265,16164.39038752337
2025-02-24,16278.0,16073.260757036727,16374.290128131606,16172.600449498037
2025-02-25,16279.2998046875,16093.36215405104,16377.149887691588,16187.012106152422
2025-02-26,16314.0,16105.763297779977,16380.010992112506,16196.26503690971
2025-02-27,16367.400390625,16111.988754330458,16382.873301531448,16201.380654906785
2025-02-28,16553.69921875,16117.19632253612,16385.737641280095,16205.814957721632
2025-03-03,16522.0,16126.73124799693,16388.60196567886,16213.148584831966
2025-03-04,16451.19921875,16146.850230798069,16391.466956460743,16227.57375026675
2025-03-05,16379.0,16160.26674917119,16394.333145244527,16237.508659875391
2025-03-06,16268.900390625,16168.069222209931,16397.199702929756,16243.682280847474
2025-03-07,16322.099609375,16174.695099185026,16400.067638105436,16249.068037028761
2025-03-10,16292.599609375,16179.11532762709,16402.93540957747,16252.975954670716
2025-03-11,16324.0,16199.809026326238,16405.803929394373,16267.787344338723
2025-03-12,16433.900390625,16214.362948445694,16408.67308979793,16278.48529509193
2025-03-13,16305.599609375,16224.64288973802,16411.542003451526,16286.319597263477
2025-03-14,16259.2998046875,16233.769494658532,16414.4120840741,16293.38154916567
2025-03-17,16321.0,16235.866567171606,16417.281823789457,16295.733601855496
2025-03-18,16370.0,16256.533660438332,16420.152127395682,16310.527754534258
2025-03-19,16514.5,16271.656383763646,16423.022814120526,16321.607305781417
2025-03-20,16330.2998046875,16282.492443073728,16425.893408868862,16329.814761786121
2025-03-21,16428.5,16292.035464217102,16428.764801814537,16337.156145624256
2025-03-24,16519.0,16292.88863804229,16431.635509547683,16338.675105639071
2025-03-25,16575.80078125,16313.471190375065,16434.506020189645,16353.412684213876
2025-03-26,16621.0,16328.878691396558,16437.376465139307,16364.682956731665
2025-03-27,16629.0,16340.066148867343,16440.246924821953,16373.125804932362
2025-03-28,16560.900390625,16349.90812823008,16443.118081037766,16380.667412656618
2025-03-31,16575.0,16348.091782259227,16445.989448080694,16380.398011980311
2025-04-01,16652.0,16368.057916227155,16448.860843334423,16394.722882172555
2025-04-02,16731.400390625,16383.577000819216,16451.732285757724,16406.068244848924
2025-04-03,16739.0,16394.963018206596,16454.603902175466,16414.644509916325
2025-04-04,16739.80078125,16404.678299837044,16457.47622898246,16422.10161645503
2025-04-07,16738.0,16395.683465497426,16460.348284260872,16417.022855689363
2025-04-08,16855.69921875,16415.272625911264,16463.219747034913,16431.09517588207
2025-04-09,17051.900390625,16430.68230620489,16466.091375953918,16442.367299222067
2025-04-10,16805.5,16441.996468585745,16468.96270847452,16450.89532774904
2025-04-11,16833.80078125,16451.50851622418,16471.834888401503,16458.216219042697
2025-04-14,16788.0,16440.877716931394,16474.706490537654,16452.041212221462
2025-04-15,16780.0,16459.94306788121,16477.57780906206,16465.76253247089
2025-04-16,16813.5,16475.296336605956,16480.449236570956,16476.996793594408
2025-04-17,16794.599609375,16486.7262241858,16483.320817088545,16485.602439843708
2025-04-21,16794.599609375,16480.78974310526,16486.19303423126,16482.57282917684
2025-04-22,16814.900390625,16499.204199595697,16489.064810924105,16495.85820133407
2025-04-23,16858.099609375,16514.967428537177,16491.936797779996,16507.367320387308
2025-04-24,16846.0,16526.35476510414,16494.808938117323,16515.94464219849
2025-04-25,16778.5,16535.715389446348,16497.68158714142,16523.164234685722
2025-04-28,16823.0,16527.87903864669,16500.555308517585,16518.862207704085
2025-04-29,16795.0,16546.007486085415,16503.429288395633,16531.956680847787
2025-04-30,16711.900390625,16561.587371894184,16506.30377081895,16543.343783539356
2025-05-01,16545.900390625,16572.91545762169,16509.178874820667,16551.88238529735
2025-05-02,16606.0,16581.57947704757,16512.054542272374,16558.636248571755
2025-05-05,16460.0,16566.43267671435,16514.93107509307,16549.437148179328
2025-05-06,16421.5,16582.59342626858,16517.808303263286,16561.214335676832
2025-05-07,16432.0,16598.0165506355,16520.68602191562,16572.49747615794
2025-05-08,16492.599609375,16608.717005850078,16523.564414869208,16580.616650826392
2025-05-09,16538.30078125,16616.79154215537,16526.44358178131,16586.976715231933
2025-05-12,16543.0,16601.965019415882,16529.32377680579,16577.993409354553
2025-05-13,16688.80078125,16617.47022364092,16532.20470390634,16589.33260212851
2025-05-14,16599.400390625,16632.65619835036,16535.08603883979,16600.45804571187
2025-05-15,16558.19921875,16643.318011709514,16537.967904799967,16608.552476429366
2025-05-16,16511.80078125,16651.073891662207,16540.850636771193,16614.700217548172
2025-05-19,16487.0,16635.50775677244,16543.734611617336,16605.222618871256
2025-05-20,16428.0,16650.43311480872,16546.61930867418,16616.17455878432
2025-05-21,16403.0,16665.423601679213,16549.504575487674,16627.170323036004
2025-05-22,16347.599609375,16676.016925245436,16552.39029667043,16635.220137815682
2025-05-23,16356.900390625,16683.637795288923,16555.27677925391,16641.27865999737
2025-05-26,16211.0,16665.079356850856,16558.164345685167,16629.79740316618
2025-05-27,16243.5,16679.58130286451,16561.052386947915,16640.466760612035
2025-05-28,16279.0,16694.483638568658,16563.941049704426,16651.40458424346
2025-05-29,16286.0,16705.030674702793,16566.830013900984,16659.424456638197
2025-05-30,16293.0,16712.465344540586,16569.719827645506,16665.35932396521
2025-06-02,16322.0,16682.469944950357,16572.610424091137,16646.216303066813
2025-06-03,16288.5,16687.415249993403,16575.501367638055,16650.483668816138
2025-06-04,16332.400390625,16702.23741643284,16578.39253541236,16661.368605696083
2025-06-05,16291.5,16712.7762639139,16581.283861823445,16669.38377122405
2025-06-06,16246.400390625,16718.904318584555,16584.175838893927,16674.44392028665
2025-06-09,16309.0,16689.07601166362,16587.068267379575,16655.413456049882
2025-06-10,16278.7998046875,16692.235412894144,16589.961064911113,16658.484878059746
2025-06-11,16247.7998046875,16706.85816164884,16592.85403695471,16669.236800499777
2025-06-12,15778.0,16716.972924853493,16595.74725576452,16676.96845405413
2025-06-13,16164.5,16722.931358679518,16598.640851264536,16681.915491232576
2025-06-16,16282.599609375,16687.523779351333,16601.534848477662,16659.147432163023
2025-06-17,15801.0,16693.14884192194,16604.429149999745,16663.871343587616
2025-06-18,16275.0,16707.423213021844,16607.323584053105,16674.390335462158
2025-06-19,15598.5,16717.383211607004,16610.21811774804,16682.018730633547
2025-06-20,16390.0,16723.322096342647,16613.112813837837,16686.95303311606
2025-06-23,16431.0,16687.734718710668,16616.00777400744,16664.0648269586
2025-06-24,16370.0,16692.21261928465,16618.902846622965,16668.020394306295
2025-06-25,16290.0,16706.337884759756,16621.797978004273,16678.439715530447
2025-06-26,16290.0,16716.122042702184,16624.692972041183,16685.950449384054
2025-06-27,16222.7998046875,16722.06336004055,16627.588093101316,16690.886521950604
2025-06-30,16229.0,16687.323009081116,16630.483368672893,16668.565927746404
2025-07-01,16230.0,16678.96591477704,16633.378669393827,16663.92212380058
2025-07-02,16236.400390625,16692.732170614265,16636.27398375257,16674.100968949904
2025-07-03,16235.0,16702.443290143503,16639.16901429017,16681.562779111904
2025-07-04,16203.7001953125,16705.165037025472,16642.06420434206,16684.341762239943
2025-07-07,16178.0,16666.762813952388,16644.95955258226,16659.567737700247
2025-07-08,16318.900390625,16658.155697084476,16647.855029993156,16654.75647694434
2025-07-09,16261.0,16671.774837424342,16650.75053483173,16664.83681756878
2025-07-10,16235.0,16681.18825754168,16653.645871196994,16672.099270047933
2025-07-11,16209.099609375,16684.194170006747,16656.54139287572,16675.06875355351
2025-07-14,16222.0,16646.459520764518,16659.437093972683,16650.742119923212
2025-07-15,16256.2001953125,16638.043048998326,16662.33294218287,16646.058713749226
2025-07-16,16252.099609375,16651.301848692983,16665.228817184045,16655.897748295032
2025-07-17,16271.2001953125,16660.482861462348,16668.124707380586,16663.004670615366
2025-07-18,16329.7001953125,16663.78804958747,16671.0208054753,16666.174859030452
2025-07-21,16321.0,16626.373669152686,16673.917111344974,16642.063005076143
2025-07-22,16329.5,16618.896082591902,16676.8135540605,16638.008848176538
2025-07-23,16245.2998046875,16631.9508412387,16679.71007917833,16647.711389758777
2025-07-24,16266.099609375,16640.947378286404,16682.6066765557,16654.694946715274
2025-07-25,16307.0,16644.459758725734,16685.503519672322,16658.004199838106
2025-07-28,16353.0,16609.119983045162,16688.400671190026,16635.282610132967
2025-07-29,16398.80078125,16601.879734362676,16691.29801217709,16631.387766041433
2025-07-30,16367.900390625,16614.794359897078,16694.19562857213,16640.996778559846
2025-07-31,16426.80078125,16623.621372846403,16697.093374610977,16647.867133428714
2025-08-01,16483.0,16623.769413097405,16699.991421369,16648.92267582703
2025-08-04,16483.0,16587.089270856457,16702.88978506391,16625.303440544918
2025-08-05,16362.0,16572.543121786613,16705.78841062206,16616.51406710231
2025-08-06,16377.5,16584.439366868464,16708.68741771823,16625.441223648886
2025-08-07,16334.7001953125,16592.95466171496,16711.58661193066,16632.10320528614
2025-08-08,16300.0,16594.055903800712,16714.486171690518,16633.797892204348
2025-08-11,16249.0,16558.824252868646,16717.38605537312,16611.14964769512
2025-08-12,16298.0,16546.694462785832,16720.28627613736,16603.979761191837
2025-08-13,16248.2001953125,16558.89131289791,16723.18685948917,16613.108843273025
2025-08-14,16109.0,16567.185482216697,16726.087634129843,16619.623192348037
2025-08-15,16169.0,16569.059540401046,16728.988765515816,16621.83618468892
2025-08-18,16196.0,16534.922054388895,16731.890247685125,16599.92155817665
2025-08-19,16205.400390625,16524.02086809251,16734.792089238865,16593.575371070805
2025-08-20,16275.2001953125,16536.202749222975,16737.69426126313,16602.694948196226
2025-08-21,16263.599609375,16544.167421502876,16740.596652499873,16608.989067731887
2025-08-22,16339.7001953125,16546.599713247102,16743.499360197544,16611.57659674075
2025-08-25,16227.0,16513.64318342536,16746.402450665308,16590.453741614543
2025-08-26,16267.0,16504.664415950283,16749.305863373243,16585.396093599862
2025-08-27,16299.2001953125,16516.702250244154,16752.209615402826,16594.419680746516
2025-08-28,16314.0,16524.37973908868,16755.11358476302,16600.521908161212
2025-08-29,16344.2998046875,16527.282009706774,16758.017845452414,16603.424835502836
2025-09-01,16409.0,16497.882843764226,16760.922460084337,16584.68591714986
2025-09-02,16405.19921875,16487.596717251763,16763.827311907677,16578.752813488216
2025-09-03,16443.900390625,16498.98707187259,16766.73246697062,16587.34305225494
2025-09-04,16463.0,16505.754389657348,16769.637787806565,16592.83591104659
2025-09-05,16452.099609375,16507.859460977572,16772.54338145974,16595.205154736686
2025-09-08,16392.0,16479.85523077841,16775.449245078576,16577.401255497465
2025-09-09,16446.099609375,16472.195443956974,16778.355278363968,16573.22818931128
2025-09-10,16449.900390625,16483.0843662209,16781.261556593687,16581.48283904392
2025-09-11,16439.0,16489.093766026057,16784.167947749516,16586.468245994798
2025-09-12,16413.599609375,16491.76294694746,16787.074559694145,16589.215779153867
2025-09-15,16401.0,16466.008509869018,16789.98136445869,16572.91955188361
2025-09-16,16364.599609375,16461.24078470763,16792.888313844593,16570.684469322827
2025-09-17,16398.099609375,16471.7805777682,16795.79547000809,16578.705492207366
2025-09-18,16418.599609375,16477.362265426997,16798.702726713153,16583.404617651428
2025-09-19,16569.099609375,16480.261645975377,16801.61013801522,16586.306648348527
2025-09-22,16637.0,16455.786117636897,16804.517699996668,16570.86753981562
2025-09-23,16582.0,16452.544917587307,16807.425384216494,16569.655471574937
2025-09-24,16633.0,16462.70958256838,16810.33324496776,16577.425391160174
2025-09-25,16695.099609375,16467.849253361463,16813.24120524375,16581.828597482618
2025-09-26,16759.099609375,16470.88801664295,16816.149277418048,16584.82423269873
2025-09-29,16723.0,16449.662798467798,16819.057492960044,16571.56304765024
2025-09-30,16628.0,16448.731247639542,16821.96580012538,16571.89864995987
2025-10-01,16683.0,16456.91327913059,16824.874265122377,16578.34040450788
2025-10-02,16644.099609375,16460.315200713023,16827.782804225277,16581.579509872066
2025-10-03,16601.5,16463.05357412764,16830.69144042868,16584.374070006983
2025-10-06,16558.0,16444.795514871366,16833.60023152321,16573.101071366473
2025-10-07,16596.5,16445.631409515765,16836.509115654597,16574.62105254158
2025-10-08,16587.0,16452.849448509358,16839.418170976303,16580.41712692345
2025-10-09,16556.0,16455.333333189577,16842.327295692994,16583.041340815704
2025-10-10,16577.69921875,16457.832215098915,16845.236538778237,16585.67564191309
2025-10-13,16598.0,16441.910189125596,16848.145943424617,16575.967988044275
2025-10-14,16548.0,16444.182942214913,16851.055458824267,16578.450872696
2025-10-15,16585.900390625,16450.81454896223,16853.965157234572,16583.8542496921
2025-10-16,16575.0,16452.935929804775,16856.87495632509,16586.235808556477
2025-10-17,16561.900390625,16455.32863792493,16859.78490969312,16588.799207608434
2025-10-20,16566.0,16440.47409675981,16862.695038834292,16579.80700764439
2025-10-21,16542.0,16443.57442744786,16865.605304355664,16582.844616827435
2025-10-22,16598.900390625,16449.752089078895,16868.515759454185,16587.944100302742
2025-10-23,16596.599609375,16451.501545288727,16871.426358536573,16590.076733660517
2025-10-24,16593.80078125,16453.75005984134,16874.337134898167,16592.543794610094
2025-10-27,16597.80078125,16441.041371218475,16877.24811412203,16584.989596376647
2025-10-28,16158.2001953125,16444.88067606633,16880.1592545646,16588.522606970757
2025-10-29,16561.779296875,16450.61748298918,16883.070606105623,16593.327013617607
2025-10-30,16562.0,16452.027804427635,16885.982139820215,16595.232735107187
2025-10-31,16150.0,16454.089715198435,16888.893865611277,16597.575084834672
2025-11-03,16630.0,16444.3974448015,16891.805820595062,16592.042208813375
2025-11-04,16640.900390625,16450.090200369137,16894.717956287783,16596.817359822293
2025-11-05,16707.0,16452.958590967308,16897.63033682511,16599.700267100383
2025-11-06,16669.0,16452.478221112582,16900.542927649272,16600.339574269692
2025-11-07,16694.099609375,16453.438274757063,16903.45572727384,16601.9440340876
2025-11-10,16653.0,16445.46037342933,16906.36877271948,16597.56014519508
2025-11-11,16690.0,16451.650204764705,16909.28201614773,16602.668702521103
2025-11-12,16694.900390625,16454.157307603964,16912.195526241623,16605.309919754392
2025-11-13,16729.0,16453.261414265096,16915.109256865548,16605.671202323247
2025-11-14,16719.0,16453.96073786587,16918.02321197808,16607.1013543229
2025-11-17,16679.5,16448.245252775076,16920.93741873718,16604.23366754257
2025-11-18,16738.900390625,16454.840048371272,16923.851839085095,16609.613939306833
2025-11-19,16727.69921875,16457.30171451827,16926.766524220864,16612.225101720127
2025-11-20,16686.69921875,16456.301975531744,16929.68143162021,16612.51719604094
2025-11-21,16731.0,16456.95955219366,16932.596566684988,16613.9197669758
2025-11-24,16639.0,16452.678885083136,16935.511953111592,16612.013797532527
2025-11-25,16645.0,16459.6386316176,16938.42756175465,16617.638978562827
2025-11-26,16633.5,16462.14674940602,16941.3434254243,16620.281652492053
2025-11-27,16614.69921875,16461.05545959119,16944.25951378146,16620.51279747398
2025-11-28,16603.900390625,16461.65649224055,16947.175823661906,16621.877871609595
2025-12-01,16635.0,16460.017967261098,16950.09238238227,16621.742524251084
2025-12-02,16609.0,16467.623439095394,16953.009157425364,16627.800726144284
2025-12-03,16609.900390625,16468.252487123653,16955.926176431993,16629.184804595403
2025-12-04,16594.0,16466.049930891833,16958.843419953806,16628.671782282283
2025-12-05,16654.400390625,16465.284667842458,16961.760876743956,16629.121816779952
2025-12-08,16683.0,16465.027309708435,16964.678578184066,16629.912228305395
2025-12-09,16686.0,16472.856266494102,16967.59648186044,16636.120537564995
2025-12-10,16662.0,16473.723326018626,16970.514617937093,16637.66445235172
2025-12-11,16639.0,16471.46061634888,16973.432969727997,16637.111492963988
2025-12-12,16649.0,16470.680750753843,16976.351527494022,16637.552107078103
2025-12-15,16623.099609375,16471.97817288282,16979.2703160035,16639.384580112644
2025-12-16,16645.80078125,16480.261848712664,16982.18929404225,16645.897905671427
2025-12-17,16644.599609375,16481.56285373326,16985.108492868003,16647.732914647724
2025-12-18,16657.0,16479.531828329218,16988.02789522338,16647.33553040429
2025-12-19,16685.19921875,16478.961815006667,16990.947493162246,16647.917088798007
2025-12-22,16678.5,16481.305005887825,16993.867305747634,16650.45056484156
2025-12-23,16756.400390625,16490.022879237767,16996.787301375625,16657.25513854326
2025-12-24,16735.0,16491.781545240035,16999.70750836716,16659.397113071987
2025-12-26,16753.099609375,16491.17601274141,17002.627913030592,16659.95513983684
2025-12-29,16741.099609375,16495.457946097107,17005.548505311508,16663.78783063786
2025-12-30,16770.0,16504.59817911459,17008.469301145622,16670.87564938483
2025-12-31,16709.0,16507.2571515408,17011.390278352133,16673.62108338854
2026-01-02,16668.0,16504.444368149903,17014.311458892636,16672.700508095004
2026-01-05,16683.0,16511.491974074997,17017.232836953674,16678.38645882496
2026-01-06,16727.19921875,16520.770425329996,17020.15439789906,16685.567136277787
2026-01-07,16742.0,16521.867128894184,17023.076162780977,16687.266110076824
2026-01-08,16753.0,16519.248421691784,17025.998112569418,16686.475819681404
2026-01-09,16805.69921875,16516.991126762587,17028.920265993303,16685.92774270872
2026-01-12,16826.69921875,16525.58407139152,17031.842620216474,16692.649392503758
2026-01-13,16859.400390625,16537.131073473705,17034.76516113123,16701.35032240069
2026-01-14,16840.80078125,16539.73442671425,17037.68791477167,16704.0590777732
2026-01-15,16845.099609375,16537.80988826101,17040.610861376743,16703.7342093892
2026-01-16,16878.900390625,16536.10545543148,17043.534019784256,16703.556881667893
2026-01-19,16876.599609375,16545.71675086898,17046.457387012106,16710.961160796214
2026-01-20,16939.0,16559.10871941031,17049.380953004205,16720.898556496293
2026-01-21,16960.099609375,16562.89568502871,17052.304741639986,16724.400673710432
2026-01-22,16897.0,16561.81558635296,17055.228734465632,16724.641925230142
2026-01-23,16820.0,16560.686146715503,17058.15294952469,16724.850191642538
2026-01-26,16770.0,16571.638529449334,17061.0773858417,16733.153352058813
2026-01-27,16734.0,16586.749458391525,17064.002035976308,16744.242808994502
2026-01-28,16674.69921875,16592.13559839388,17066.92691969106,16748.81673442195
2026-01-29,16722.80078125,16591.937898587636,17069.852022058618,16749.649559333062
2026-01-30,16778.30078125,16591.751526653148,17072.77735651159,16750.490050506436
2026-02-02,16758.400390625,16605.51840810129,17075.702926027967,16760.679299017094
2026-02-03,16758.400390625,16621.44223957575,17078.628723364105,16772.313779225908
2026-02-04,16759.0,16628.155197075666,17081.55476584945,16777.777054771017
2026-02-05,16800.0,16629.126186175905,17084.481040551887,16779.39328811998
2026-02-06,16879.900390625,16629.819219222496,17087.40755912507,16780.823371390346
2026-02-09,16843.5,16643.74088900052,17090.33432759288,16791.116723736
2026-02-10,16796.0,16661.80145525217,17093.26133633388,16804.183216009136
2026-02-11,16778.0,16670.661981030265,17096.18860200663,16811.085765952466
2026-02-12,16793.900390625,16674.19999971102,17099.116113282624,16814.422317189652
2026-02-13,16809.0,16677.8729596423,17102.043880199075,16817.849363426038
2026-02-16,16826.099609375,16690.111062440956,17104.97190846944,16827.015141630356
2026-02-17,16806.599609375,16709.84927471762,17107.900187037427,16841.206075783157
2026-02-18,16840.0,16720.89964148922,17110.82873083081,16849.576240971946
2026-02-19,16915.30078125,16726.56121047453,17113.757529236984,16854.33599566614
2026-02-20,16887.19921875,16731.305812142058,17116.686591651847,16858.481469380287
2026-02-23,16843.400390625,16742.19034356797,17119.615921491913,16866.74078428287
2026-02-24,16804.30078125,16762.86805352052,17122.54550752802,16881.561613342994
2026-02-25,16816.80078125,16775.218477090937,17125.475361645877,16890.803248994067
2026-02-26,16749.80078125,16782.053915432574,17128.405474886993,16896.349930052533
2026-02-27,16749.0,16788.022837707602,17131.335853076154,16901.316132779226
2026-03-02,16795.0,16797.502415343035,17134.266498319124,16908.634562725143
2026-03-03,16863.0,16818.311673827935,17137.197400685145,16923.543963690812
2026-03-04,16898.099609375,16831.886887461667,17140.128570558143,16933.606642883504
2026-03-05,16865.0,16840.261567171285,17143.05999995359,16940.185049989446
2026-03-06,16913.099609375,16847.746821062246,17145.991691297568,16946.167628239902
2026-03-09,16923.69921875,16851.76986829963,17148.923647636526,16949.830615480805
2026-03-10,16886.0,16873.225132492025,17151.85585893029,16965.173272216653
2026-03-11,16852.0,16887.992941199427,17154.788334481917,16976.035420982647
2026-03-12,16884.0,16898.35979773284,17157.721066857815,16983.94901654408
2026-03-13,16908.0,16908.12274514392,17160.654057223295,16991.458078130112
2026-03-16,16952.099609375,16909.768980733566,17163.587309344894,16993.529029175304
2026-03-17,16953.099609375,16931.21300334571,17166.520812667244,17008.864580421818
2026-03-18,16971.30078125,16946.793147573324,17169.454574765092,17020.27141854661
2026-03-19,17041.69921875,16958.17822522271,17172.388588100497,17028.86764497238
2026-03-20,16915.900390625,16968.266742880653,17175.32285393754,17036.595259529426
2026-03-23,16959.30078125,16968.485134032828,17178.257376319187,17037.709973987327
2026-03-24,16865.099609375,16989.844626676797,17181.192147269707,17052.989308472457
2026-03-25,16797.30078125,17005.831917588544,17184.127173520537,17064.6693520461
2026-03-26,16749.599609375,17017.55068715696,17187.06244843206,17073.489568377743
2026-03-27,16925.0,17027.893993640548,17189.99797380389,17081.38830709445
2026-03-30,16958.0,17025.232182425658,17192.93375357806,17080.573700905952
2026-03-31,16975.400390625,17046.496080794226,17195.86977977666,17095.78940145843
2026-04-01,16936.400390625,17062.636120692358,17198.806057102203,17107.572199707607
2026-04-02,16924.099609375,17074.56342068625,17201.74258127554,17116.532543680714
2026-04-03,16959.0,17084.770388566092,17204.679352986463,17124.340346824814
2026-04-06,16988.0,17074.509416835845,17207.616377226692,17118.434713764822
2026-04-07,17015.30078125,17094.945133393667,17210.55364583563,17133.095942499516
2026-04-08,17027.400390625,17111.096090498973,17213.491163468534,17144.88646457893
2026-04-09,17005.5,17122.928083577557,17216.42892708902,17153.78336193634
2026-04-10,17059.0,17132.92354633998,17219.36693774358,17161.449865503168
2026-04-13,17083.0,17121.183421513088,17222.305200001603,17154.5536084143
2026-04-14,17079.19921875,17141.01585347696,17225.24370662016,17168.81104501422
2026-04-15,17129.0,17156.991044278126,17228.182463136887,17180.484212501517
2026-04-16,17146.099609375,17168.895353846357,17231.121467105855,17189.42997122199
2026-04-17,17123.0,17178.561984260177,17234.060720047848,17196.87656707011
2026-04-20,17133.0,17165.348757318523,17237.00022736257,17188.993742433056
2026-04-21,17123.80078125,17184.895984799172,17239.93998346108,17203.0605043576
2026-04-22,17133.099609375,17200.823882618068,17242.87999396367,17214.70239936212
2026-04-23,17199.5,17212.76375326279,17245.820257647232,17223.672399709656
2026-04-24,17329.0,17222.318529856842,17248.760775681636,17231.044470979024
2026-04-27,17246.0,17207.24359358325,17251.701552792292,17221.914720122233
2026-04-28,17216.0,17226.474751246024,17254.64258518747,17235.7701364467
2026-04-29,17244.0,17242.35268157688,17257.583877502668,17247.378976232387
2026-04-30,17334.19921875,17254.288548608525,17260.525428972,17256.346719128473
2026-05-01,17311.0,17263.255970365375,17263.467240967915,17263.325689664212
2026-05-04,17288.5,17235.642365831747,17266.409318184276,17245.795460108082
2026-05-05,17346.19921875,17252.941877619127,17269.351657528725,17258.357104989293
2026-05-06,17389.80078125,17268.675343944407,17272.29426247186,17269.869587058467
2026-05-07,17296.900390625,17280.06832293465,17275.23713226321,17278.474030013076
2026-05-08,17294.900390625,17288.472129229227,17278.18026826853,17285.075815112195
2026-05-11,17358.0,17259.02433197986,17281.12367553178,17266.317115351994
2026-05-12,17413.0,17275.526695100598,17284.067351127847,17278.345111589588
2026-05-13,17549.0,17291.012327705965,17287.011298126996,17289.691987944905
2026-05-14,17500.0,17302.24671467896,17289.95551575813,17298.190619035086
2026-05-15,17530.599609375,17310.30012679178,17292.900004901578,17304.558086568013
2026-05-18,17586.0,17280.078990795926,17295.8447701757,17285.281697991253
2026-05-19,17701.0,17296.13371789353,17298.789808119316,17297.01022766804
2026-05-20,17777.0,17311.470077460526,17301.735121613903,17308.25754203114
2026-05-21,17658.400390625,17322.629613696623,17304.680709515098,17316.70647531672
2026-05-22,17692.0,17330.567436572885,17307.626573036374,17322.996951605837
2026-05-25,17692.0,17299.092736789436,17310.57271556136,17302.88112978417
2026-05-26,17762.0,17314.75147607408,17313.51913366877,17314.34480308033
2026-05-27,17699.69921875,17329.96464336629,17316.465828793673,17325.510034557326
2026-05-28,17804.0,17341.051592091884,17319.412799789952,17333.910790632246
2026-05-29,17840.0,17348.831820717965,17322.36004746026,17340.096135542924
