Date,actual,single_trend_ridge,regime_split_ridge
2023-06-01,14984.0,14989.61188645445,15011.94157409524
2023-06-02,14907.0,14986.147284487382,15005.438549204971
2023-06-05,14983.0,14960.570502064184,14995.087371200409
2023-06-06,14849.5,14995.788485925223,14999.843011624029
2023-06-07,14872.0,15034.796672638453,15017.304995660183
2023-06-08,14889.0,15034.45174634436,15019.148715526357
2023-06-09,14836.0,15042.327728480985,15025.846428385847
2023-06-12,14833.0,15014.448797190233,14992.537078703115
2023-06-13,14871.5,15029.184851778604,14964.217851614463
2023-06-14,14869.0,15056.789849471077,14983.386114389314
2023-06-15,14909.0,15044.373567414648,14986.471253927746
2023-06-16,14897.0,15068.652329458062,15009.76058997006
2023-06-19,14928.0,15046.249820735013,14980.668757405825
2023-06-20,15008.0,15066.808188204053,14990.407820533435
2023-06-21,15016.0,15079.158622729716,15006.716599914806
2023-06-22,14943.0,15063.048436091009,14992.514024556483
2023-06-23,14935.0,15066.802524890978,15012.157527043324
2023-06-26,14987.0,15057.50415151721,14993.737621505788
2023-06-27,15039.0,15072.996555614987,14988.323499103428
2023-06-28,14982.5,15077.542937761893,14988.651651430018
2023-06-29,14981.0,15075.890286342097,14983.04394652893
2023-06-30,15064.0,15088.756256291408,14987.35983218727
2023-07-03,14986.0,15093.634757558602,14971.461280302854
2023-07-04,15056.0,15091.184697446257,14967.748122528605
2023-07-05,15010.0,15099.734058597129,14957.812446137228
2023-07-06,15077.0,15101.418493969923,14962.366353419617
2023-07-07,15189.2998046875,15110.492409061719,14973.214115248227
2023-07-10,15128.0,15106.849317965645,14964.203588109352
2023-07-11,15216.0,15095.418075739213,14949.048478059442
2023-07-12,15156.7998046875,15099.698829114179,14935.941040662974
2023-07-13,14928.0,15097.989721106711,14927.284719506873
2023-07-14,14954.0,15107.121255724534,14943.849414725644
2023-07-17,14951.0,15099.849707418063,14946.316000118297
2023-07-18,14982.5,15095.629726159133,14930.826830737227
2023-07-19,14986.0,15100.196334427566,14932.723482679945
2023-07-20,14992.0,15096.825336712669,14933.084927824248
2023-07-21,15051.5,15102.512703774226,14949.728155840841
2023-07-24,15018.0,15090.946572561008,14942.837723001978
2023-07-25,15021.5,15093.163138980755,14935.065246893822
2023-07-26,15032.0,15101.475286464116,14930.695337223715
2023-07-27,15007.0,15101.908422477725,14927.682574725779
2023-07-28,15095.0,15103.463022487822,14939.726739956017
2023-07-31,15088.0,15096.618258691713,14937.722246366799
2023-08-01,15104.0,15095.4759053983,14931.390238612435
2023-08-02,15131.0,15101.521585636207,14927.672111155496
2023-08-03,15220.0,15099.682376598454,14930.34608424503
2023-08-04,15161.0,15100.152956756285,14938.461564085215
2023-08-07,15163.0,15100.843808384887,14936.54993414325
2023-08-08,15232.0,15099.029460553555,14935.172061430982
2023-08-09,15207.2001953125,15101.353397088742,14927.638873966662
2023-08-10,15207.0,15097.35876797604,14924.578559425885
2023-08-11,15259.0,15098.42204822056,14924.929952375029
2023-08-14,15317.0,15099.801533881313,14922.577656675432
2023-08-15,15347.0,15099.79713868624,14926.47850489001
2023-08-16,15311.5,15104.463653286515,14921.526053442101
2023-08-17,15362.0,15101.009056550694,14915.961234415427
2023-08-18,15362.5,15105.518780155659,14919.790933522456
2023-08-21,15278.0,15106.767939874962,14920.528050043009
2023-08-22,15318.900390625,15105.097293778472,14919.75773949585
2023-08-23,15317.0,15108.003888362342,14917.006382676977
2023-08-24,15294.099609375,15107.32232742535,14908.87203639214
2023-08-25,15239.0,15113.158785109044,14911.877990725261
2023-08-28,15288.0,15114.763500771158,14913.124588649613
2023-08-29,15255.5,15113.466781258108,14913.212558141147
2023-08-30,15196.5,15115.417769284932,14909.806322991368
2023-08-31,15216.0,15116.37252007566,14903.118495470557
2023-09-01,15231.0,15119.879139058135,14905.483860794746
2023-09-04,15233.0,15120.924685273789,14907.4198507617
2023-09-05,15227.0,15120.502367334842,14909.744652801934
2023-09-06,15298.0,15123.933138623237,14905.480039066719
2023-09-07,15336.0,15125.912488518365,14899.803662094228
2023-09-08,15342.0,15127.956800990481,14899.423539986437
2023-09-11,15318.0,15129.956472392552,14898.436064802163
2023-09-12,15339.099609375,15129.970566845146,14897.901970245652
2023-09-13,15350.2001953125,15135.080182549453,14893.620913019777
2023-09-14,15353.0,15137.189919131006,14890.278293126763
2023-09-15,15395.0,15140.244039188425,14888.513768429482
2023-09-18,15346.0,15142.76484207295,14887.54471453398
2023-09-19,15377.0,15143.392811590034,14888.753381886507
2023-09-20,15384.5,15148.17302173194,14884.97293226866
2023-09-21,15361.0,15149.458373672329,14881.336246352397
2023-09-22,15400.5,15152.544298012397,14882.959334186879
2023-09-25,15368.0,15155.43863269716,14882.37297927692
2023-09-26,15405.0,15157.51248316774,14882.617111725112
2023-09-27,15493.0,15161.131775358517,14881.715909575922
2023-09-28,15569.0,15162.233609058068,14878.371251165574
2023-09-29,15474.0,15165.324415611476,14877.834318287247
2023-10-02,15448.0,15168.918823582702,14876.447025502539
2023-10-03,15516.0,15171.853836728746,14877.727043242206
2023-10-04,15622.0,15175.903142477537,14876.80348697433
2023-10-05,15591.0,15178.872435905081,14872.617105502051
2023-10-06,15631.0,15183.03848908429,14870.240308057751
2023-10-09,15603.0,15187.979098949907,14868.725243691362
2023-10-10,15691.400390625,15191.72308199322,14869.478475699114
2023-10-11,15718.5,15196.820485085203,14866.527089066021
2023-10-12,15693.0,15201.668967593412,14863.983144934014
2023-10-13,15739.0,15207.146697649478,14863.22006819332
2023-10-16,15676.0,15213.38272915065,14863.026960097573
2023-10-17,15675.0,15217.567221689962,14864.813218362258
2023-10-18,15728.2001953125,15223.444397559837,14862.048226578248
2023-10-19,15807.0,15228.742876819502,14858.984829405177
2023-10-20,15856.0,15234.759794195574,14857.139421635344
2023-10-23,15868.0,15241.19141880308,14856.467179913125
2023-10-24,15874.0,15246.244015872642,14857.424949923925
2023-10-25,15868.0,15253.02098613944,14854.603071948013
2023-10-26,15877.5,15258.795106178655,14853.189477360545
2023-10-27,15920.0,15264.945060137841,14852.568176126384
2023-10-30,15903.5,15270.969592323856,14851.97618097575
2023-10-31,15843.0,15276.402014183866,14852.962058048886
2023-11-01,15748.7001953125,15282.745919071485,14852.423888466206
2023-11-02,15900.0,15288.530387431816,14851.061558372185
2023-11-03,15838.0,15294.351684371577,14850.716084122436
2023-11-06,15582.099609375,15300.329072459097,14849.562977333177
2023-11-07,15570.0,15305.839028187876,14849.519804660931
2023-11-08,15643.599609375,15311.926711649663,14848.349273909278
2023-11-09,15616.0,15317.418999982836,14846.711050419015
2023-11-10,15713.7001953125,15322.829188551466,14845.611129434821
2023-11-13,15683.0,15328.66240988389,14844.660852965995
2023-11-14,15667.0,15333.765909263475,14845.510507745215
2023-11-15,15281.0,15339.194727188804,14843.87575804066
2023-11-16,15487.7998046875,15344.216179749714,14842.651740418707
2023-11-17,15475.0,15349.028753197948,14840.58564018536
2023-11-20,15399.400390625,15354.448391183909,14838.696926894803
2023-11-21,15382.099609375,15358.985535308686,14839.710057840333
2023-11-22,15501.2998046875,15363.468085082388,14838.409918678977
2023-11-23,15612.7998046875,15367.717437969446,14837.415801880306
2023-11-24,15495.0,15371.984743487948,14835.273480451591
2023-11-27,15560.0,15376.746951003437,14833.67410645848
2023-11-28,15466.5,15380.624945712378,14834.448439304138
2023-11-29,15259.0,15384.7739630771,14832.530507810854
2023-11-30,15407.0,15388.660408981848,14831.569951297672
2023-12-01,15549.2998046875,15392.720520813155,14829.680003678612
2023-12-04,15437.400390625,15396.677435391572,14828.7365178373
2023-12-05,15519.900390625,15399.941059168483,14829.18175487232
2023-12-06,15457.0,15403.556499151528,14827.100976669142
2023-12-07,15480.0,15406.988704863295,14825.975029178337
2023-12-08,15500.0,15410.236676078744,14824.738588507664
2023-12-11,15560.2001953125,15413.609541526035,14823.726880490554
2023-12-12,15647.0,15416.459685174543,14824.069088576138
2023-12-13,15569.0,15419.444773982683,14822.7533790804
2023-12-14,15275.0,15422.397713623404,14821.900232190825
2023-12-15,15468.0,15425.091325564741,14820.585857389831
2023-12-18,15282.7998046875,15427.97093578745,14819.238410556714
2023-12-19,15454.400390625,15430.723927029703,14818.714377919432
2023-12-20,15455.0,15433.287617105043,14817.603355831163
2023-12-21,15518.0,15435.740758889342,14817.640102251224
2023-12-22,15440.0,15438.017778036265,14816.152593051473
2023-12-25,15409.2001953125,15440.504488630277,14814.79155655931
2023-12-26,15460.0,15442.62557934154,14815.05933841342
2023-12-27,15400.0,15444.960368015969,14813.368721040684
2023-12-28,15373.0,15447.121905744774,14813.451856092017
2023-12-29,15425.0,15449.09012218062,14811.997969457278
2024-01-01,15383.099609375,15451.221307869078,14810.887493260436
2024-01-02,15383.0,15452.931243666184,14811.523423861283
2024-01-03,15498.0,15454.310754864604,14810.507287814768
2024-01-04,15555.0,15455.641191256304,14810.74391846227
2024-01-05,15511.0,15456.871770039024,14809.079010773712
2024-01-08,15477.5,15458.459528408643,14807.889262435407
2024-01-09,15495.5,15459.734428377766,14808.432673508225
2024-01-10,15534.5,15461.073657445324,14807.047628612067
2024-01-11,15555.0,15462.264223324182,14807.496441243133
2024-01-12,15556.5,15463.389006989033,14806.163244918305
2024-01-15,15503.2001953125,15464.623973347781,14805.32205449456
2024-01-16,15546.0,15465.69436654605,14805.514579663548
2024-01-17,15625.0,15466.763907448716,14804.250231565165
2024-01-18,15624.0,15467.97588502262,14804.187429298061
2024-01-19,15613.099609375,15469.156675467619,14802.780519468888
2024-01-22,15601.0,15470.480308689012,14802.036164393332
2024-01-23,15655.5,15471.444580341597,14802.326435589132
2024-01-24,15715.0,15472.535948609471,14801.08749901071
2024-01-25,15714.5,15474.00757184909,14800.316418033552
2024-01-26,15808.0,15475.488839528032,14798.755649013106
2024-01-29,15767.599609375,15476.996740456556,14798.404755876634
2024-01-30,15828.0,15478.381887540889,14798.25425684214
2024-01-31,15785.0,15479.874771277382,14796.614485239124
2024-02-01,15769.0,15481.507361850336,14797.134109118893
2024-02-02,15726.0,15483.090196536898,14795.453614676066
2024-02-05,15727.2001953125,15484.739355726133,14795.056020425136
2024-02-06,15711.5,15486.409707122328,14794.876377216888
2024-02-07,15733.0,15488.024994302976,14793.424157756846
2024-02-08,15647.0,15489.765942297881,14794.16318798247
2024-02-09,15660.2998046875,15491.47732950444,14792.425865242454
2024-02-12,15598.0,15493.397502381575,14792.102957455834
2024-02-13,15579.5,15495.164609031091,14791.853611851655
2024-02-14,15661.5,15497.009033242965,14790.208167056138
2024-02-15,15553.099609375,15499.004089699223,14791.016009957246
2024-02-16,15672.0,15500.870801135383,14789.035560341177
2024-02-19,15628.599609375,15502.931658139425,14788.88124054238
2024-02-20,15634.0,15504.920381187405,14788.549641593634
2024-02-21,15661.0,15507.035931015682,14787.03129068583
2024-02-22,15642.0,15509.076687523908,14788.025520471714
2024-02-23,15588.0,15511.295148321871,14785.657411851154
2024-02-26,15586.099609375,15513.713157130785,14785.556631201962
2024-02-27,15638.5,15516.080165460702,14785.052776685552
2024-02-28,15653.0,15518.495635887251,14783.62188773708
2024-02-29,15712.2001953125,15520.927527868633,14784.4445065131
2024-03-01,15704.0,15523.268660295562,14782.332379464151
2024-03-04,15691.900390625,15525.658969152724,14782.792257313986
2024-03-05,15766.0,15528.177243803417,14781.63843236356
2024-03-06,15751.5,15530.549573416047,14780.721565370894
2024-03-07,15668.0,15532.980204645179,14781.69744793203
2024-03-08,15621.0,15535.386706207068,14779.300275105206
2024-03-11,15536.2998046875,15537.831797948375,14780.280483383176
2024-03-12,15518.0,15540.217968379384,14779.298463153278
2024-03-13,15546.0,15542.328168270196,14778.725638813818
2024-03-14,15574.0,15544.791403929696,14779.252049534349
2024-03-15,15630.0,15547.16265958992,14777.361842776534
2024-03-18,15639.2998046875,15549.583200537038,14778.204082112252
2024-03-19,15743.0,15551.997049257612,14777.317965406859
2024-03-20,15718.0,15554.404783605714,14776.050720918254
2024-03-21,15687.0,15556.868989695358,14777.517599084138
2024-03-22,15723.5,15559.219834114503,14776.156184710768
2024-03-25,15802.599609375,15561.749892291784,14775.524268825871
2024-03-26,15784.0,15564.273552755827,14774.987981923628
2024-03-27,15828.0,15566.79745279126,14774.021694237565
2024-03-28,15877.0,15569.347277057821,14775.41373927749
2024-03-29,15877.0,15571.959982542814,14773.770990523455
2024-04-01,15848.0,15574.55359962467,14773.603041602628
2024-04-02,15945.7998046875,15577.03387923514,14773.114614541766
2024-04-03,15955.0,15579.366563991902,14772.242341296296
2024-04-04,15936.0,15581.748359535277,14773.634280581025
2024-04-05,15904.5,15584.383546118532,14772.160996228353
2024-04-08,15881.0,15587.018351251396,14771.682118016519
2024-04-09,15918.0,15589.855109330036,14770.463791015874
2024-04-10,15892.2998046875,15592.50596306493,14770.39882355004
2024-04-11,15998.2001953125,15595.076270567053,14771.003125173114
2024-04-12,16007.0,15597.839580671634,14769.142560144757
2024-04-15,16111.0,15600.569547343432,14769.883556448116
2024-04-16,16075.0,15603.193510997347,14768.899667142394
2024-04-17,16312.2001953125,15605.522669355129,14768.445663976152
2024-04-18,16246.0,15607.925561964457,14769.084141346737
2024-04-19,16220.0,15610.31868953205,14768.149977048422
2024-04-22,16210.2998046875,15612.85045934002,14768.171762568201
2024-04-23,16246.0,15615.185563735888,14767.41567867166
2024-04-24,16140.2001953125,15617.459820626273,14766.869042784352
2024-04-25,16220.0,15619.688228380299,14767.203682077143
2024-04-26,16202.0,15622.04787613953,14766.059615396904
2024-04-29,16203.0,15624.379980274001,14765.84235790711
2024-04-30,16246.0,15626.532993551287,14765.404454250016
2024-05-01,16273.0,15628.75883615788,14764.402062589588
2024-05-02,16190.400390625,15630.865991181707,14764.908821414323
2024-05-03,16097.0,15633.114215586933,14763.869510515045
2024-05-06,16077.0,15635.450933326443,14763.3754150391
2024-05-07,16034.0,15637.706804210835,14762.623225947063
2024-05-08,16073.0,15639.944618566624,14762.37150168281
2024-05-09,16074.0,15642.127112303686,14762.678913998483
2024-05-10,16030.0,15644.304731723061,14761.24751492821
2024-05-13,16038.0,15646.461786804359,14762.345384613109
2024-05-14,16121.0,15648.681068511518,14761.03896702088
2024-05-15,16102.0,15650.828838719095,14760.23385632841
2024-05-16,15914.0,15652.895359011596,14761.204257333773
2024-05-17,15930.7998046875,15655.020826622278,14759.670147411454
2024-05-20,15958.0,15657.144590686526,14760.348207372183
2024-05-21,16031.0,15659.2613176742,14758.671387949535
2024-05-22,16005.0,15661.284070649031,14759.544129271
2024-05-23,16040.7001953125,15663.208670840515,14758.855014340435
2024-05-24,16095.0,15665.244401265176,14757.38944393475
2024-05-27,16038.0,15667.342678159417,14759.697368602914
2024-05-28,16071.0,15669.39372157307,14758.130721465317
2024-05-29,16117.0,15671.406340396681,14756.655300208182
2024-05-30,16232.099609375,15673.298222148494,14758.604098764157
2024-05-31,16228.0,15675.260651407965,14757.449029501242
2024-06-03,16243.0,15677.273686865557,14756.562970088033
2024-06-04,16203.0,15679.21125041416,14756.122027861338
2024-06-05,16276.0,15681.181890669648,14756.112920802243
2024-06-06,16315.0,15683.026211337687,14755.88759391052
2024-06-07,16241.7001953125,15684.973089709249,14754.530760568015
2024-06-10,16270.0,15686.919072806368,14756.896424152024
2024-06-11,16312.0,15688.796394931951,14755.785469789203
2024-06-12,16305.400390625,15690.650215802023,14754.001039993947
2024-06-13,16230.0,15692.42904318786,14755.817290966632
2024-06-14,16286.0,15694.292560921973,14754.582864850585
2024-06-17,16479.900390625,15696.136049702694,14753.806488069447
2024-06-18,16479.0,15697.969810965957,14753.272165704317
2024-06-19,16379.0,15699.805335245255,14754.10821500244
2024-06-20,16380.900390625,15701.612821219802,14753.494106125196
2024-06-21,16491.900390625,15703.43733731602,14751.494988993909
2024-06-24,16443.0,15705.279109184556,14756.088090973524
2024-06-25,16394.099609375,15707.120702037206,14754.78473458491
2024-06-26,16401.0,15708.970602310508,14753.126577862384
2024-06-27,16434.0,15710.7759944536,14752.550020321498
2024-06-28,16374.400390625,15712.57572337199,14751.575916042972
2024-07-01,16343.0,15714.39858223995,14752.920530879852
2024-07-02,16390.0,15716.210803471802,14751.265096549008
2024-07-03,16391.0,15718.045957492272,14751.496584414614
2024-07-04,16340.0,15719.81905109818,14750.760162378116
2024-07-05,16328.5,15721.61264410743,14750.047117247193
2024-07-08,16245.0,15723.426241246269,14752.720904778693
2024-07-09,16277.2001953125,15725.224749048399,14751.811897587946
2024-07-10,16277.0,15727.046086421196,14750.068308126392
2024-07-11,16198.0,15728.792858693674,14749.781514886965
2024-07-12,16104.0,15730.583397961633,14749.499937044975
2024-07-15,16108.0,15732.403314471721,14749.872416531161
2024-07-16,16195.0,15734.224096284584,14748.490576664635
2024-07-17,16173.0,15736.056591583363,14749.87767584104
2024-07-18,16138.0,15737.840617730124,14749.250853781024
2024-07-19,16185.0,15739.653734719284,14747.420559599579
2024-07-22,16206.0,15741.49550432609,14751.305168791356
2024-07-23,16220.2001953125,15743.333802092262,14750.262113783245
2024-07-24,16222.0,15745.181885822265,14749.044051294191
2024-07-25,16246.0,15747.01976730473,14748.469160277104
2024-07-26,16337.7998046875,15748.873886706268,14747.006012254116
2024-07-29,16283.0,15750.749894021845,14749.595812162848
2024-07-30,16301.7001953125,15752.615411798326,14747.911563854159
2024-07-31,16328.5,15754.497890958446,14747.216167689347
2024-08-01,16255.0,15756.376196388419,14746.679238140789
2024-08-02,16281.0,15758.272723005548,14745.748111257866
2024-08-05,16012.0,15760.202622760273,14749.826819875097
2024-08-06,16208.0,15762.122245080474,14748.515959100718
2024-08-07,16152.2998046875,15764.08004159865,14747.485617044824
2024-08-08,16023.0,15766.031185835016,14746.791586371213
2024-08-09,15979.0,15767.996078119399,14745.607409472432
2024-08-12,15918.0,15769.989053284346,14747.38410233437
2024-08-13,15949.099609375,15771.985109800027,14746.10592982118
2024-08-14,15749.0,15774.026783809775,14745.329411514469
2024-08-15,15619.5,15776.064853546108,14745.182725489034
2024-08-16,15755.0,15778.11794614182,14744.515316484083
2024-08-19,15683.0,15780.194103887095,14747.47607254242
2024-08-20,15523.0,15782.282419523885,14746.437779555754
2024-08-21,15442.0,15784.40346806157,14745.64359236369
2024-08-22,15484.0,15786.522160307479,14744.890397082265
2024-08-23,15728.5,15788.656012762103,14743.610055169285
2024-08-26,15377.2001953125,15790.819225423193,14748.070625197233
2024-08-27,15462.599609375,15792.996873041468,14746.632759659948
2024-08-28,15467.099609375,15795.198335764195,14745.821913374717
2024-08-29,15440.0,15797.405554074863,14745.186504077032
2024-08-30,15444.7998046875,15799.624103235219,14743.66038391967
2024-09-02,15525.0,15801.880011219479,14746.654885397626
2024-09-03,15520.099609375,15804.146574223456,14745.37390995128
2024-09-04,15532.900390625,15806.440599315629,14744.752707056063
2024-09-05,15444.400390625,15808.74310983191,14744.280197038519
2024-09-06,15417.0,15811.056656067825,14742.762148387976
2024-09-09,15405.0,15813.405217638483,14748.0854637528
2024-09-10,15456.7998046875,15815.757414454165,14746.859816555054
2024-09-11,15489.0,15818.13647187946,14745.865754088472
2024-09-12,15437.0,15820.524285265892,14745.11583686613
2024-09-13,15418.7001953125,15822.926614243064,14743.790084765278
2024-09-16,15393.0,15825.353419614145,14744.58054528013
2024-09-17,15385.0,15827.781008159918,14743.672326954522
2024-09-18,15345.0,15830.231220708421,14743.374445256777
2024-09-19,15300.2001953125,15832.689574693575,14742.73372776051
2024-09-20,15197.599609375,15835.159930040249,14742.835090199462
2024-09-23,15154.0,15837.648504954359,14743.652139070873
2024-09-24,15174.099609375,15840.140664047427,14742.974962391545
2024-09-25,15121.099609375,15842.651903336391,14742.42308112447
2024-09-26,15201.5,15845.171965486064,14742.963393710808
2024-09-27,15070.0,15847.696666820497,14741.535593204693
2024-09-30,15118.0,15850.236608466477,14746.827716948312
2024-10-01,15170.599609375,15852.780833993793,14745.528672018723
2024-10-02,15260.599609375,15855.34042029946,14745.189674169147
2024-10-03,15324.0,15857.908687418314,14744.995031273653
2024-10-04,15457.0,15860.47536146168,14743.142105938834
2024-10-07,15650.0,15863.054934235868,14744.119877626335
2024-10-08,15744.0,15865.63403050631,14742.978319857828
2024-10-09,15682.400390625,15868.223638435902,14742.73835382595
2024-10-10,15664.599609375,15870.816336756665,14742.397855252475
2024-10-11,15670.900390625,15873.404893553736,14740.797481748234
2024-10-14,15562.0,15876.004386861874,14749.462309175302
2024-10-15,15573.0,15878.600062451316,14748.163606561315
2024-10-16,15578.599609375,15881.201538249026,14747.201634800373
2024-10-17,15583.900390625,15883.799914697167,14746.82460359727
2024-10-18,15493.0,15886.392705259515,14745.814922875681
2024-10-21,15467.0,15888.990855299564,14746.804581174918
2024-10-22,15556.0,15891.58260647515,14745.743458227904
2024-10-23,15586.0,15894.174977190632,14745.706288798652
2024-10-24,15663.0,15896.76253481854,14744.960845930407
2024-10-25,15621.5,15899.342657030842,14743.563998320216
2024-10-28,15688.099609375,15901.922565021068,14744.145410855275
2024-10-29,15747.0,15904.492870920161,14744.094954451972
2024-10-30,15768.0,15907.057875659137,14743.374947330753
2024-10-31,15695.5,15909.616956410066,14742.927773989282
2024-11-01,15713.0,15912.164921273376,14742.000512529283
2024-11-04,15842.0,15914.708364295591,14743.592149905451
2024-11-05,15790.0,15917.238768086432,14742.560165241464
2024-11-06,15665.0,15919.759639168626,14742.624961674817
2024-11-07,15818.2001953125,15922.272430652036,14742.608736246115
2024-11-08,15558.0,15924.770215359253,14740.604197622406
2024-11-11,15647.2001953125,15927.25982571565,14755.08518078299
2024-11-12,15765.0,15929.733680282872,14739.142796971762
2024-11-13,15788.900390625,15932.196533841745,14765.305318145414
2024-11-14,15847.2001953125,15934.648920732943,14732.368234973688
2024-11-15,15933.2998046875,15937.083759064868,14793.993621945467
2024-11-18,15891.2998046875,15939.508081749867,14747.596130913089
2024-11-19,15806.099609375,15941.915648346145,14742.306080539787
2024-11-20,15817.099609375,15944.311431223668,14750.60080001705
2024-11-21,15913.0,15946.694232708282,14747.564588946454
2024-11-22,15816.900390625,15949.058837479468,14753.290969829153
2024-11-25,15940.0,15951.411073461259,14748.462603516278
2024-11-26,15901.2001953125,15953.74659596767,14749.921424488257
2024-11-27,15930.0,15956.06799777671,14751.953250327204
2024-11-28,15863.5,15958.37536931351,14752.951550786862
2024-11-29,15878.0,15960.664552484883,14755.416316962175
2024-12-02,15829.0,15962.940470392427,14756.567546448876
2024-12-03,15910.0,15965.200374851162,14750.35026778647
2024-12-04,15940.0,15967.44493781957,14754.528674143676
2024-12-05,15906.599609375,15969.675673580854,14757.316166497216
2024-12-06,15839.7998046875,15971.888978366487,14753.756139890576
2024-12-09,15825.7998046875,15974.089395661395,14755.90406060607
2024-12-10,15864.0,15976.27438199724,14754.502161543582
2024-12-11,15908.0,15978.444491511063,14757.534672987851
2024-12-12,15963.0,15980.60207318517,14753.100811844604
2024-12-13,15967.400390625,15982.743206675928,14756.87185626434
2024-12-16,16025.7998046875,15984.872894670394,14761.216266248477
2024-12-17,15955.0,15986.988008276512,14750.401137181712
2024-12-18,15926.2001953125,15989.089533243236,14757.450727139958
2024-12-19,16145.2998046875,15991.179972001079,14748.242470726402
2024-12-20,15981.2998046875,15993.255967144183,14756.92215021053
2024-12-23,16159.2998046875,15995.320746462861,14750.941045528802
2024-12-24,16217.599609375,15997.372175567309,14751.43663016815
2024-12-25,15970.7998046875,15999.411395881152,14758.39355306346
2024-12-26,15069.400390625,16001.440934552236,14747.711757204217
2024-12-27,16189.0,16003.458058143699,14757.139918622874
2024-12-30,16178.0,16005.465737899407,14753.343981859382
2024-12-31,16085.599609375,16007.462629023243,14753.56646442281
2025-01-02,16230.5,16009.449726174244,14753.202664660603
2025-01-03,16201.099609375,16011.429202884045,14749.383783717252
2025-01-06,16178.7998046875,16013.398737784994,14753.914502029324
2025-01-07,16179.099609375,16015.360773009023,14751.987361407691
2025-01-08,16157.7001953125,16017.315302172472,14751.79673232678
2025-01-09,16187.599609375,16019.262762795477,14750.191317610186
2025-01-10,16237.0,16021.205628332782,14750.06489120937
2025-01-13,16268.0,16023.141247825482,14752.995268169694
2025-01-14,16295.2001953125,16025.072431269926,14752.088106217727
2025-01-15,16320.0,16026.999665610796,14753.05344028174
2025-01-16,16360.7998046875,16028.92306395371,14753.64330029446
2025-01-17,16368.7998046875,16030.844865977535,14751.942206248592
2025-01-20,16367.099609375,16032.763182134826,14752.497367142512
2025-01-21,16245.0,16034.680777565505,14753.55131917242
2025-01-22,16330.7998046875,16036.597805042029,14751.00329956908
2025-01-23,16232.7998046875,16038.51440165286,14753.873464226608
2025-01-24,16230.900390625,16040.432630192005,14750.4225330826
2025-01-27,16164.900390625,16042.35138880072,14753.203557708668
2025-01-28,16155.599609375,16044.272807211257,14752.730654797631
2025-01-29,15881.2001953125,16046.197238984345,14750.880663322334
2025-01-30,16238.0,16048.12490970898,14754.701370406883
2025-01-31,16274.5,16050.05799991579,14749.602048068353
2025-02-03,16341.2998046875,16051.995445730023,14752.905810472985
2025-02-04,16320.0,16053.93916917085,14750.971873256172
2025-02-05,16299.099609375,16055.889761256456,14751.997505446212
2025-02-06,16298.099609375,16057.84706952689,14752.143238501996
2025-02-07,16327.0,16059.813414612005,14750.360323199162
2025-02-10,16314.7001953125,16061.78796886475,14750.621851900883
2025-02-11,16330.099609375,16063.77237937925,14751.011134238086
2025-02-12,16343.2998046875,16065.767003346555,14752.144589927873
2025-02-13,16375.0,16067.77224505548,14752.28934866196
2025-02-14,16219.0,16069.790287604363,14751.119847468924
2025-02-17,16173.0,16071.820366047055,14751.648859711626
2025-02-18,16220.0,16073.863851839298,14750.69488254765
2025-02-19,16317.0,16075.921349184397,14751.854433087674
2025-02-20,16346.400390625,16077.992853199312,14751.357634614818
2025-02-21,16245.099609375,16080.08018346431,14750.001761344754
2025-02-24,16278.0,16082.182891236695,14750.830109954803
2025-02-25,16279.2998046875,16084.301798365079,14750.602986484659
2025-02-26,16314.0,16086.437723075069,14751.065298147714
2025-02-27,16367.400390625,16088.590683579392,14751.497554624373
2025-02-28,16553.69921875,16090.762074933247,14749.992203376463
2025-03-03,16522.0,16092.951234200249,14750.9459829143
2025-03-04,16451.19921875,16095.158554905296,14750.55402336343
2025-03-05,16379.0,16097.38525332654,14750.022398728888
2025-03-06,16268.900390625,16099.630866493422,14751.152822193864
2025-03-07,16322.099609375,16101.896561380512,14749.599457059106
2025-03-10,16292.599609375,16104.181800381697,14750.29863449986
2025-03-11,16324.0,16106.487022828645,14749.258736766436
2025-03-12,16433.900390625,16108.812759909977,14749.775987833938
2025-03-13,16305.599609375,16111.158321416935,14750.246198818975
2025-03-14,16259.2998046875,16113.52479902091,14749.422193976867
2025-03-17,16321.0,16115.911469651879,14749.94619691072
2025-03-18,16370.0,16118.318528040094,14749.407633162735
2025-03-19,16514.5,16120.74614552919,14749.559338355064
2025-03-20,16330.2998046875,16123.193673326497,14749.461123641155
2025-03-21,16428.5,16125.661528680816,14749.355853874762
2025-03-24,16519.0,16128.148700080608,14749.322448468534
2025-03-25,16575.80078125,16130.654773196908,14748.559827111188
2025-03-26,16621.0,16133.179716412838,14749.102622670503
2025-03-27,16629.0,16135.722955230936,14749.301648736111
2025-03-28,16560.900390625,16138.284450108431,14748.9706909183
2025-03-31,16575.0,16140.863568010333,14749.08504946327
2025-04-01,16652.0,16143.459291227495,14748.501423711337
2025-04-02,16731.400390625,16146.071161146865,14748.737479007963
2025-04-03,16739.0,16148.698362898293,14748.976014444832
2025-04-04,16739.80078125,16151.340488939348,14748.524871342197
2025-04-07,16738.0,16153.996265987904,14748.607781678716
2025-04-08,16855.69921875,16156.664252968887,14748.108296101671
2025-04-09,17051.900390625,16159.344107078705,14747.98933550087
2025-04-10,16805.5,16162.034427477562,14748.376765578734
2025-04-11,16833.80078125,16164.7349044782,14747.89613304568
2025-04-14,16788.0,16167.443771434318,14748.140669625096
2025-04-15,16780.0,16170.159761381574,14747.68752096241
2025-04-16,16813.5,16172.882083314798,14747.862258693069
2025-04-17,16794.599609375,16175.609531738675,14747.858123605358
2025-04-21,16794.599609375,16178.341218733209,14747.586389477116
2025-04-22,16814.900390625,16181.075422441714,14747.745906689994
2025-04-23,16858.099609375,16183.811041442865,14747.214934226424
2025-04-24,16846.0,16186.546931236948,14749.2800997776
2025-04-25,16778.5,16189.282029320028,14748.972151856375
2025-04-28,16823.0,16192.015501551261,14748.892202655094
2025-04-29,16795.0,16194.745827093018,14748.98290103423
2025-04-30,16711.900390625,16197.471715500797,14748.607837993482
2025-05-01,16545.900390625,16200.192181359425,14748.83045346527
2025-05-02,16606.0,16202.905991422775,14748.64286014909
2025-05-05,16460.0,16205.612177980967,14748.547268147366
2025-05-06,16421.5,16208.309678683789,14748.652828781418
2025-05-07,16432.0,16210.997091016894,14748.265702058943
2025-05-08,16492.599609375,16213.673505585371,14748.409417240904
2025-05-09,16538.30078125,16216.33791486287,14748.391995264186
2025-05-12,16543.0,16218.989467406342,14748.13369459554
2025-05-13,16688.80078125,16221.627175391131,14748.283742407419
2025-05-14,16599.400390625,16224.249782002858,14748.106541038731
2025-05-15,16558.19921875,16226.856515906387,14747.98865449461
2025-05-16,16511.80078125,16229.446769456355,14748.073445210275
2025-05-19,16487.0,16232.020055552797,14748.016147259645
2025-05-20,16428.0,16234.57552849722,14748.041115842118
2025-05-21,16403.0,16237.11232326716,14747.57994710352
2025-05-22,16347.599609375,16239.629790490098,14747.557864404784
2025-05-23,16356.900390625,16242.127561648833,14747.543653690567
2025-05-26,16211.0,16244.605374973926,14747.458400662392
2025-05-27,16243.5,16247.062583884106,14747.546226134202
2025-05-28,16279.0,16249.49878395178,14747.131720003783
2025-05-29,16286.0,16251.913478231078,14747.273197025936
2025-05-30,16293.0,16254.306717643849,14746.909718685398
2025-06-02,16322.0,16256.678299687273,14749.481276882352
2025-06-03,16288.5,16259.027903825296,14749.445581129252
2025-06-04,16332.400390625,16261.355227814065,14748.848498186673
2025-06-05,16291.5,16263.660145375636,14749.031968949026
2025-06-06,16246.400390625,16265.94292898098,14748.897780071413
2025-06-09,16309.0,16268.203538748467,14749.13179706023
2025-06-10,16278.7998046875,16270.44208438154,14748.965493499732
2025-06-11,16247.7998046875,16272.65852043931,14748.63172877853
2025-06-12,15778.0,16274.853046776645,14748.62940464987
2025-06-13,16164.5,16277.02597424774,14748.542171843284
2025-06-16,16282.599609375,16279.177606667752,14748.703186554874
2025-06-17,15801.0,16281.308275863532,14748.725832036947
2025-06-18,16275.0,16283.418191046514,14748.33595717277
2025-06-19,15598.5,16285.507689654169,14748.28015017728
2025-06-20,16390.0,16287.577233868606,14748.252488234111
2025-06-23,16431.0,16289.627347963278,14748.24971789183
2025-06-24,16370.0,16291.658501374886,14748.31830994092
2025-06-25,16290.0,16293.67114479217,14748.246035046268
2025-06-26,16290.0,16295.665674873273,14748.197618079172
2025-06-27,16222.7998046875,16297.642806794232,14747.85933827891
2025-06-30,16229.0,16299.603173405765,14747.874503023077
2025-07-01,16230.0,16301.547381635533,14747.992566368528
2025-07-02,16236.400390625,16303.476044030818,14747.809805723913
2025-07-03,16235.0,16305.3896137349,14747.860076156083
2025-07-04,16203.7001953125,16307.289014309978,14747.468374768774
2025-07-07,16178.0,16309.174991830218,14747.577701417835
2025-07-08,16318.900390625,16311.048314629192,14747.392654616297
2025-07-09,16261.0,16312.909669907729,14747.262587748404
2025-07-10,16235.0,16314.759671383597,14749.297500168412
2025-07-11,16209.099609375,16316.599294025036,14748.802286557418
2025-07-14,16222.0,16318.429377319566,14748.809448725831
2025-07-15,16256.2001953125,16320.250764931065,14748.834896788647
2025-07-16,16252.099609375,16322.064222488014,14748.839720859607
2025-07-17,16271.2001953125,16323.870549785266,14748.870684167081
2025-07-18,16329.7001953125,16325.670721319953,14748.472936468765
2025-07-21,16321.0,16327.465639192429,14748.448132618061
2025-07-22,16329.5,16329.256179039941,14748.42352664957
2025-07-23,16245.2998046875,16331.043205061094,14748.370815970058
2025-07-24,16266.099609375,16332.827576657952,14748.358853178719
2025-07-25,16307.0,16334.610314099518,14748.240626137065
2025-07-28,16353.0,16336.392408466687,14748.061553821137
2025-07-29,16398.80078125,16338.17476537726,14747.96672058716
2025-07-30,16367.900390625,16339.958389267753,14748.040213732636
2025-07-31,16426.80078125,16341.744140498611,14748.068646040661
2025-08-01,16483.0,16343.533077114285,14747.957909454508
2025-08-04,16483.0,16345.326210581376,14747.984354360626
2025-08-05,16362.0,16347.124520130963,14747.947316710235
2025-08-06,16377.5,16348.929077221366,14747.69463096482
2025-08-07,16334.7001953125,16350.740759832106,14747.77025605592
2025-08-08,16300.0,16352.560646443333,14747.643610813975
2025-08-11,16249.0,16354.38972664333,14747.624187950982
2025-08-12,16298.0,16356.229000045772,14747.567456900077
2025-08-13,16248.2001953125,16358.079480967233,14747.356045757122
2025-08-14,16109.0,16359.942049660613,14747.5369113211
2025-08-15,16169.0,16361.817779612225,14747.151026515245
2025-08-18,16196.0,16363.707696181367,14755.598082664688
2025-08-19,16205.400390625,16365.6128172965,14707.904790179973
2025-08-20,16275.2001953125,16367.534145157591,14938.402225351922
2025-08-21,16263.599609375,16369.472588595729,14871.375586752134
2025-08-22,16339.7001953125,16371.429167644761,14829.012267931603
2025-08-25,16227.0,16373.40491163524,14829.090206872437
2025-08-26,16267.0,16375.400761045319,14821.906351462852
2025-08-27,16299.2001953125,16377.417685368053,14838.94197399469
2025-08-28,16314.0,16379.45652753896,14813.878278488479
2025-08-29,16344.2998046875,16381.518213186257,14810.513887011739
2025-09-01,16409.0,16383.603669176779,14810.65319417345
2025-09-02,16405.19921875,16385.713681702317,14810.0864386772
2025-09-03,16443.900390625,16387.849095299294,14830.407099960561
2025-09-04,16463.0,16390.010589231228,14834.255890011578
2025-09-05,16452.099609375,16392.198920111805,14807.265520945433
2025-09-08,16392.0,16394.414776144175,14812.629004082642
2025-09-09,16446.099609375,16396.65871687746,14826.98788972058
2025-09-10,16449.900390625,16398.931338794184,14825.916261995613
2025-09-11,16439.0,16401.233055253,14825.05099170059
2025-09-12,16413.599609375,16403.564323426774,14827.348041621877
2025-09-15,16401.0,16405.925496659398,14829.813950246267
2025-09-16,16364.599609375,16408.3168131205,14807.630725676656
2025-09-17,16398.099609375,16410.73850029021,14820.38549398225
2025-09-18,16418.599609375,16413.190600996702,14831.82766566717
2025-09-19,16569.099609375,16415.67313492694,14826.034245452958
2025-09-22,16637.0,16418.186031130328,14833.115162717835
2025-09-23,16582.0,16420.729085378487,14811.291040995015
2025-09-24,16633.0,16423.30205310353,14834.816819932632
2025-09-25,16695.099609375,16425.904509871627,14810.985360852366
2025-09-26,16759.099609375,16428.53595818817,14818.810875290448
2025-09-29,16723.0,16431.19583347642,14833.651412490884
2025-09-30,16628.0,16433.883407022928,14807.185741312998
2025-10-01,16683.0,16436.597917386258,14832.157246011218
2025-10-02,16644.099609375,16439.33841773154,14829.535042610738
2025-10-03,16601.5,16442.10389721973,14837.840152116549
2025-10-06,16558.0,16444.893295318714,14833.901625373546
2025-10-07,16596.5,16447.70538477187,14819.070173826696
2025-10-08,16587.0,16450.538924776367,14830.301386421153
2025-10-09,16556.0,16453.39249750119,14832.666500376257
2025-10-10,16577.69921875,16456.264658635704,14835.409633493298
2025-10-13,16598.0,16459.15392274171,14824.175316389035
2025-10-14,16548.0,16462.058676773668,14819.605586562087
2025-10-15,16585.900390625,16464.977315636334,14827.603338016976
2025-10-16,16575.0,16467.908107097715,14824.937608061315
2025-10-17,16561.900390625,16470.84931767162,14831.9424331158
2025-10-20,16566.0,16473.799194074356,14836.839941355867
2025-10-21,16542.0,16476.755903964236,14833.594467397004
2025-10-22,16598.900390625,16479.717644711727,14839.05304086439
2025-10-23,16596.599609375,16482.682554428262,14841.380943029017
2025-10-24,16593.80078125,16485.648784906734,14841.243627220394
2025-10-27,16597.80078125,16488.61451415285,14844.675216795478
2025-10-28,16158.2001953125,16491.57787875916,14835.045641471554
2025-10-29,16561.779296875,16494.53708027332,14844.954586918366
2025-10-30,16562.0,16497.49030985218,14841.47069787643
2025-10-31,16150.0,16500.435788426,14842.482922787105
2025-11-03,16630.0,16503.371806925865,14852.470176254436
2025-11-04,16640.900390625,16506.296640715693,14841.347524024806
2025-11-05,16707.0,16509.208663220412,14847.880171025829
2025-11-06,16669.0,16512.106250495537,14843.472056235645
2025-11-07,16694.099609375,16514.987810890234,14849.429296112301
2025-11-10,16653.0,16517.851830102347,14853.103595765586
2025-11-11,16690.0,16520.696805168915,14847.812027169937
2025-11-12,16694.900390625,16523.521377849807,14844.068411654911
2025-11-13,16729.0,16526.324236318287,14843.20757606737
2025-11-14,16719.0,16529.104151551855,14849.384828492786
2025-11-17,16679.5,16531.86000620847,14851.55403749083
2025-11-18,16738.900390625,16534.590723412253,14850.836503274995
2025-11-19,16727.69921875,16537.29535098213,14851.516643556006
2025-11-20,16686.69921875,16539.972985899156,14849.462338778425
2025-11-21,16731.0,16542.622806035844,14856.261757438051
2025-11-24,16639.0,16545.244099851112,14856.394063769807
2025-11-25,16645.0,16547.836206281983,14852.447315578494
2025-11-26,16633.5,16550.398577304353,14852.980865688467
2025-11-27,16614.69921875,16552.930727105268,14851.44735327579
2025-11-28,16603.900390625,16555.43224072734,14856.498267858207
2025-12-01,16635.0,16557.902810192867,14858.886599501226
2025-12-02,16609.0,16560.342168944102,14855.513420114441
2025-12-03,16609.900390625,16562.750153139325,14858.899749724436
2025-12-04,16594.0,16565.126662817267,14857.528299759611
2025-12-05,16654.400390625,16567.471656562302,14858.391615793518
2025-12-08,16683.0,16569.78519665214,14862.210305302558
2025-12-09,16686.0,16572.067374946237,14860.869933843682
2025-12-10,16662.0,16574.318378654338,14863.071890326395
2025-12-11,16639.0,16576.538450902754,14859.483775900047
2025-12-12,16649.0,16578.727883440373,14861.22631543028
2025-12-15,16623.099609375,16580.887054469826,14863.393825368334
2025-12-16,16645.80078125,16583.01636434916,14862.605973537291
2025-12-17,16644.599609375,16585.11629542949,14864.274127366929
2025-12-18,16657.0,16587.18737396842,14863.89119797902
2025-12-19,16685.19921875,16589.230161587227,14865.270430586099
2025-12-22,16678.5,16591.245286734415,14865.88949362555
2025-12-23,16756.400390625,16593.23339341943,14867.960403609079
2025-12-24,16735.0,16595.19519001578,14868.29693831102
2025-12-26,16753.099609375,16597.13141941742,14864.114657007402
2025-12-29,16741.099609375,16599.042846156797,14865.988000608148
2025-12-30,16770.0,16600.930287558138,14867.724350756273
2025-12-31,16709.0,16602.794572032515,14868.57609964669
2026-01-02,16668.0,16604.636574720527,14869.159319993985
2026-01-05,16683.0,16606.457200553938,14866.779584240572
2026-01-06,16727.19921875,16608.25736336119,14868.513903892039
2026-01-07,16742.0,16610.03802391905,14870.403222163795
2026-01-08,16753.0,16611.80014674402,14870.65012928138
2026-01-09,16805.69921875,16613.544729311325,14871.827350164076
2026-01-12,16826.69921875,16615.272791262283,14869.996156118179
2026-01-13,16859.400390625,16616.98535441887,14870.405203779106
2026-01-14,16840.80078125,16618.683482882374,14872.114345095619
2026-01-15,16845.099609375,16620.36823967014,14872.231925342894
2026-01-16,16878.900390625,16622.040714541028,14873.23958359173
2026-01-19,16876.599609375,16623.702013004367,14872.357165069707
2026-01-20,16939.0,16625.35323941916,14873.702799643408
2026-01-21,16960.099609375,16626.995530763514,14874.742329351484
2026-01-22,16897.0,16628.63001997707,14875.655389077167
2026-01-23,16820.0,16630.25786211632,14876.93490179229
2026-01-26,16770.0,16631.889585703877,14876.008868286839
2026-01-27,16734.0,16633.524735247647,14876.740287681005
2026-01-28,16674.69921875,16635.163439027903,14876.626184993069
2026-01-29,16722.80078125,16636.806341983243,14878.141682129599
2026-01-30,16778.30078125,16638.45390025247,14879.548035048017
2026-02-02,16758.400390625,16640.107259196593,14878.81880715953
2026-02-03,16758.400390625,16641.76642796678,14879.683670716753
2026-02-04,16759.0,16643.43182196621,14879.808619029292
2026-02-05,16800.0,16645.10347164502,14881.012128188862
2026-02-06,16879.900390625,16646.781959539207,14882.377131869693
2026-02-09,16843.5,16648.468058488597,14881.27187303382
2026-02-10,16796.0,16650.16139504495,14881.951175848564
2026-02-11,16778.0,16651.86196316017,14882.123996886212
2026-02-12,16793.900390625,16653.569249204436,14882.849881494903
2026-02-13,16809.0,16655.28334828837,14884.388336547043
2026-02-16,16826.099609375,16657.005412127248,14883.653099642293
2026-02-17,16806.599609375,16658.735150790268,14883.802979793694
2026-02-18,16840.0,16660.482629948587,14884.56515729423
2026-02-19,16915.30078125,16662.248025182646,14885.626760000672
2026-02-20,16887.19921875,16664.032324273976,14886.430355315306
2026-02-23,16843.400390625,16665.83763335387,14885.628690804233
2026-02-24,16804.30078125,16667.66473026377,14885.861503607797
2026-02-25,16816.80078125,16669.515952925896,14885.978539314749
2026-02-26,16749.80078125,16671.392007673094,14886.672018713509
2026-02-27,16749.0,16673.294006200864,14887.385739481877
2026-03-02,16795.0,16675.22371848038,14887.048863744647
2026-03-03,16863.0,16677.182433242797,14887.821779059486
2026-03-04,16898.099609375,16679.17199643457,14887.679914512577
2026-03-05,16865.0,16681.192771637154,14888.701899941192
2026-03-06,16913.099609375,16683.245705377627,14889.405155352233
2026-03-09,16923.69921875,16685.33247201366,14889.12675561125
2026-03-10,16886.0,16687.45389950877,14889.924732757438
2026-03-11,16852.0,16689.612126051477,14889.693040443985
2026-03-12,16884.0,16691.807508891263,14890.453171794792
2026-03-13,16908.0,16694.0412278566,14891.24490643021
2026-03-16,16952.099609375,16696.31486560832,14891.098049336199
2026-03-17,16953.099609375,16698.629493131884,14891.807961194347
2026-03-18,16971.30078125,16700.98637426924,14891.65070684071
2026-03-19,17041.69921875,16703.38559462488,14892.292446750032
2026-03-20,16915.900390625,16705.82798843757,14893.387061695516
2026-03-23,16959.30078125,16708.314071105295,14893.379994785995
2026-03-24,16865.099609375,16710.84399849536,14893.67837168763
2026-03-25,16797.30078125,16713.418422692786,14893.546008886453
2026-03-26,16749.599609375,16716.037216265206,14894.078515827496
2026-03-27,16925.0,16718.7001344554,14894.89000873504
2026-03-30,16958.0,16721.406524690487,14894.963579907317
2026-03-31,16975.400390625,16724.15518574704,14895.36493830466
2026-04-01,16936.400390625,16726.94631836591,14895.299651485939
2026-04-02,16924.099609375,16729.778928407184,14896.005333309064
2026-04-03,16959.0,16732.651952484786,14896.68302225655
2026-04-06,16988.0,16735.564120104707,14896.710313449794
2026-04-07,17015.30078125,16738.51399170485,14897.168904946517
2026-04-08,17027.400390625,16741.500885307345,14896.873423579185
2026-04-09,17005.5,16744.523327312316,14897.68055384934
2026-04-10,17059.0,16747.579198997024,14898.223378191293
2026-04-13,17083.0,16750.666644837514,14898.174771282565
2026-04-14,17079.19921875,16753.78339458739,14898.803360883605
2026-04-15,17129.0,16756.927554758644,14898.62021258098
2026-04-16,17146.099609375,16760.09695915743,14899.297853914697
2026-04-17,17123.0,16763.288867140098,14899.802441006588
2026-04-20,17133.0,16766.500862822402,14899.9570539511
2026-04-21,17123.80078125,16769.730332009967,14900.595674901533
2026-04-22,17133.099609375,16772.974711800816,14900.41692653064
2026-04-23,17199.5,16776.230816173294,14900.899401790435
2026-04-24,17329.0,16779.49554809227,14901.37437822206
2026-04-27,17246.0,16782.766244762395,14901.522823352552
2026-04-28,17216.0,16786.03998782819,14902.086286192054
2026-04-29,17244.0,16789.314244671372,14902.057510380033
2026-04-30,17334.19921875,16792.586154293385,14902.517234729861
2026-05-01,17311.0,16795.852881912044,14902.984225909275
2026-05-04,17288.5,16799.11185501441,14903.296123458227
2026-05-05,17346.19921875,16802.36031038415,14903.7790829172
2026-05-06,17389.80078125,16805.595869027624,14903.637381728953
2026-05-07,17296.900390625,16808.816043311326,14904.104875839863
2026-05-08,17294.900390625,16812.018345314224,14904.495647404285
2026-05-11,17358.0,16815.200529943068,14904.764856044047
2026-05-12,17413.0,16818.360155851788,14905.267619881079
2026-05-13,17549.0,16821.49498154566,14905.03459153549
2026-05-14,17500.0,16824.60296610176,14905.58468295654
2026-05-15,17530.599609375,16827.68198259815,14905.936989656604
2026-05-18,17586.0,16830.730166787616,14906.161110793137
2026-05-19,17701.0,16833.74557902194,14906.706498840174
2026-05-20,17777.0,16836.726740829105,14906.459670711016
2026-05-21,17658.400390625,16839.672276608944,14906.999024954352
2026-05-22,17692.0,16842.580735768406,14907.261443997717
2026-05-25,17692.0,16845.450938168073,14907.410924467003
2026-05-26,17762.0,16848.281655102794,14907.88289007283
2026-05-27,17699.69921875,16851.07206532891,14907.726963194962
2026-05-28,17804.0,16853.821418284668,14908.22545808989
2026-05-29,17840.0,16856.528875800053,14908.473246818896
