Date,actual,pure_trend,rolling_ridge_predictions
2023-06-01,14984.0,14982.944497505276,14987.863233461174
2023-06-02,14907.0,15001.607823272481,14976.253977299808
2023-06-05,14983.0,14980.557017435298,14954.484995295139
2023-06-06,14849.5,14995.878972727678,14971.816608037723
2023-06-07,14872.0,15026.698877422294,14999.046655045775
2023-06-08,14889.0,15026.867293044406,15018.785985231052
2023-06-09,14836.0,15051.989498547218,14986.514273255683
2023-06-12,14833.0,15040.94805170264,14976.802639048812
2023-06-13,14871.5,15041.300944859722,14951.740040376559
2023-06-14,14869.0,15065.882553206073,14979.761455596297
2023-06-15,14909.0,15062.894809871732,14978.709792255997
2023-06-16,14897.0,15082.12319575923,14957.031917491462
2023-06-19,14928.0,15066.810533186153,14966.501158873638
2023-06-20,15008.0,15074.188281145909,14971.274946102018
2023-06-21,15016.0,15083.111527817673,15020.797592981504
2023-06-22,14943.0,15080.204538183096,14998.619074811502
2023-06-23,14935.0,15084.290223358874,15029.768091539025
2023-06-26,14987.0,15079.507374732731,15038.635819472618
2023-06-27,15039.0,15088.133001222895,15032.695581867823
2023-06-28,14982.5,15095.118125351799,15036.380780575782
2023-06-29,14981.0,15091.047842236521,15041.714591813647
2023-06-30,15064.0,15103.358141534058,15040.337828194644
2023-07-03,14986.0,15113.080458514261,15023.214500344471
2023-07-04,15056.0,15117.812357661496,15013.060011562786
2023-07-05,15010.0,15124.632752652818,15040.86091196265
2023-07-06,15077.0,15126.026298910137,15030.27190145989
2023-07-07,15189.2998046875,15137.286987854379,15048.090397584565
2023-07-10,15128.0,15138.047000585551,15057.774556223241
2023-07-11,15216.0,15138.381990852638,15038.160425268683
2023-07-12,15156.7998046875,15141.298542329376,15002.754136475225
2023-07-13,14928.0,15137.065450699822,14970.586680396169
2023-07-14,14954.0,15152.357314723437,14973.862829746862
2023-07-17,14951.0,15151.944362462782,14957.804755418743
2023-07-18,14982.5,15149.7525671518,14950.85587265863
2023-07-19,14986.0,15155.579250977169,14933.631245177337
2023-07-20,14992.0,15151.19965870973,14931.17084487192
2023-07-21,15051.5,15160.516453729093,14945.898623911095
2023-07-24,15018.0,15161.386768398728,14932.043497137523
2023-07-25,15021.5,15160.975794338436,14910.580646786619
2023-07-26,15032.0,15166.829074085688,14900.071040437733
2023-07-27,15007.0,15169.94817133795,14882.526168035112
2023-07-28,15095.0,15174.522303942957,14946.685764316555
2023-07-31,15088.0,15175.514519619403,14884.145322353192
2023-08-01,15104.0,15176.516763739068,14870.599367020983
2023-08-02,15131.0,15181.102232753126,14922.55387863503
2023-08-03,15220.0,15182.997009331975,14951.003978578112
2023-08-04,15161.0,15186.471054960399,14940.62328003493
2023-08-07,15163.0,15188.664272641407,14965.639459597996
2023-08-08,15232.0,15189.42047606283,14929.414451197415
2023-08-09,15207.2001953125,15192.961966824529,14967.222466103132
2023-08-10,15207.0,15192.645139441582,14984.744847993208
2023-08-11,15259.0,15196.204338187747,14980.128865981647
2023-08-14,15317.0,15197.679023466299,14999.785375492322
2023-08-15,15347.0,15199.73398200907,14976.890572669936
2023-08-16,15311.5,15204.514346215768,15026.825605590204
2023-08-17,15362.0,15203.706530657848,15048.610573135982
2023-08-18,15362.5,15207.531127616454,15083.684509488754
2023-08-21,15278.0,15210.553402558558,15095.63977149399
2023-08-22,15318.900390625,15212.880491256003,15068.837190796401
2023-08-23,15317.0,15217.352454027396,15079.635191787773
2023-08-24,15294.099609375,15217.897535027092,15047.930866422714
2023-08-25,15239.0,15221.725769719564,15109.198627857933
2023-08-28,15288.0,15225.426429618516,15097.88452287376
2023-08-29,15255.5,15227.319078667355,15067.537521918552
2023-08-30,15196.5,15230.65956174032,15034.07920618331
2023-08-31,15216.0,15231.922685587797,15028.248262497667
2023-09-01,15231.0,15235.16219093537,15061.358642823696
2023-09-04,15233.0,15238.636084578045,15038.564386245527
2023-09-05,15227.0,15240.104070262729,15022.87853705399
2023-09-06,15298.0,15242.851587642688,15060.118740099233
2023-09-07,15336.0,15244.817591047431,15069.119002891315
2023-09-08,15342.0,15247.583687291928,15110.572764280554
2023-09-11,15318.0,15250.906675907218,15117.425557329989
2023-09-12,15339.099609375,15252.839381663029,15070.302918065883
2023-09-13,15350.2001953125,15256.269759668874,15131.33939397711
2023-09-14,15353.0,15258.448760420606,15118.963346981644
2023-09-15,15395.0,15261.913451025825,15109.615288248222
2023-09-18,15346.0,15264.740379571489,15124.247243280033
2023-09-19,15377.0,15266.614262384577,15123.156239141377
2023-09-20,15384.5,15270.32371239099,15109.35304216566
2023-09-21,15361.0,15272.496939874642,15103.478733155755
2023-09-22,15400.5,15275.563935542275,15186.266202464116
2023-09-25,15368.0,15278.338935580945,15148.25030155163
2023-09-26,15405.0,15280.349962626227,15161.107545163162
2023-09-27,15493.0,15283.752105237838,15245.672642718044
2023-09-28,15569.0,15285.886948913,15239.309385385148
2023-09-29,15474.0,15288.353212320635,15258.759545461879
2023-10-02,15448.0,15291.218964583077,15274.883140379508
2023-10-03,15516.0,15293.4325638647,15282.618200625046
2023-10-04,15622.0,15296.682725346538,15352.406954634009
2023-10-05,15591.0,15299.156252864928,15348.935586202624
2023-10-06,15631.0,15301.586325162514,15376.864026696805
2023-10-09,15603.0,15304.688153271636,15350.280701512324
2023-10-10,15691.400390625,15307.246588769563,15347.33349761723
2023-10-11,15718.5,15310.495533845504,15340.926023381817
2023-10-12,15693.0,15313.281894985363,15327.885375731958
2023-10-13,15739.0,15316.046245699985,15362.865534712735
2023-10-16,15676.0,15319.254231793224,15341.557154961996
2023-10-17,15675.0,15322.013486297014,15344.678933623523
2023-10-18,15728.2001953125,15325.253810969954,15339.177239333614
2023-10-19,15807.0,15327.941052437889,15350.719021470231
2023-10-20,15856.0,15330.882671414478,15403.17729133232
2023-10-23,15868.0,15334.094352227174,15394.394840262843
2023-10-24,15874.0,15336.788081428065,15433.240873183333
2023-10-25,15868.0,15339.952018289028,15394.115025949572
2023-10-26,15877.5,15342.704265137289,15413.721582622109
2023-10-27,15920.0,15345.675246944767,15475.957424022925
2023-10-30,15903.5,15348.871234055592,15446.477819579419
2023-10-31,15843.0,15351.63932606241,15435.64563193423
2023-11-01,15748.7001953125,15354.879440948336,15427.710244411655
2023-11-02,15900.0,15357.908893384825,15445.724972981632
2023-11-03,15838.0,15360.95112044733,15396.859191923648
2023-11-06,15582.099609375,15364.26751330754,15373.476881923129
2023-11-07,15570.0,15367.132146161879,15359.123968747888
2023-11-08,15643.599609375,15370.347650862852,15366.047685626962
2023-11-09,15616.0,15373.516529581135,15375.968639799195
2023-11-10,15713.7001953125,15376.504359376682,15369.39428522841
2023-11-13,15683.0,15379.726646622068,15376.364332015035
2023-11-14,15667.0,15382.61095468608,15359.03504980536
2023-11-15,15281.0,15385.727066589057,15317.236107035229
2023-11-16,15487.7998046875,15388.775157565115,15313.359217271807
2023-11-17,15475.0,15391.676910999777,15294.215301204898
2023-11-20,15399.400390625,15394.715427167182,15286.30572648876
2023-11-21,15382.099609375,15397.54511457967,15268.250789697206
2023-11-22,15501.2998046875,15400.620741540153,15253.648931138476
2023-11-23,15612.7998046875,15403.564167905733,15263.861873344746
2023-11-24,15495.0,15406.407572188184,15225.468797698353
2023-11-27,15560.0,15409.362340033664,15206.57295493432
2023-11-28,15466.5,15412.147620999216,15190.380967647594
2023-11-29,15259.0,15415.10067685282,15150.721950920108
2023-11-30,15407.0,15417.932981710219,15141.187746439118
2023-12-01,15549.2998046875,15420.67021485334,15104.620922883156
2023-12-04,15437.400390625,15423.539315454134,15076.548937495136
2023-12-05,15519.900390625,15426.231066841216,15093.521642354302
2023-12-06,15457.0,15428.995631385571,15066.133068907808
2023-12-07,15480.0,15431.689697883154,15062.91891880862
2023-12-08,15500.0,15434.262602324738,15012.288014450829
2023-12-11,15560.2001953125,15436.96550989891,15013.253307144641
2023-12-12,15647.0,15439.497436001415,15024.600127973355
2023-12-13,15569.0,15442.04737381104,14978.36488847052
2023-12-14,15275.0,15444.570864448764,14962.953615315344
2023-12-15,15468.0,15446.962515231977,14901.310919577629
2023-12-18,15282.7998046875,15449.453640122647,14940.673983432454
2023-12-19,15454.400390625,15451.777343210619,14935.091531840626
2023-12-20,15455.0,15454.133728954235,14885.20147756489
2023-12-21,15518.0,15456.482330281113,14948.26215605799
2023-12-22,15440.0,15458.727883977446,14890.601749040216
2023-12-25,15409.2001953125,15461.024371772397,14893.200193845985
2023-12-26,15460.0,15463.197900319148,14903.786692213662
2023-12-27,15400.0,15465.364447611706,14881.085648484033
2023-12-28,15373.0,15467.513440856039,14886.726891873303
2023-12-29,15425.0,15469.582787591042,14860.893224248617
2024-01-01,15383.099609375,15471.675686607157,14899.263613577992
2024-01-02,15383.0,15473.670965117428,14890.346952157563
2024-01-03,15498.0,15475.696024429077,14879.68870152251
2024-01-04,15555.0,15477.698786114248,14935.332765862762
2024-01-05,15511.0,15479.626788238495,14877.623157589238
2024-01-08,15477.5,15481.56494039346,14901.00711818148
2024-01-09,15495.5,15483.423373462634,14890.398042206678
2024-01-10,15534.5,15485.275041452724,14903.78320528841
2024-01-11,15555.0,15487.135892791279,14891.109478128928
2024-01-12,15556.5,15488.911599064144,14883.920003772628
2024-01-15,15503.2001953125,15490.722040416475,14856.212987463769
2024-01-16,15546.0,15492.471281159806,14870.198775241033
2024-01-17,15625.0,15494.210165389271,14877.755182223706
2024-01-18,15624.0,15495.949765657273,14925.333530734233
2024-01-19,15613.099609375,15497.61138553535,14846.360377950932
2024-01-22,15601.0,15499.294923539475,14845.033636371125
2024-01-23,15655.5,15500.951183434261,14843.776427550618
2024-01-24,15715.0,15502.582100690634,14828.582904541121
2024-01-25,15714.5,15504.184291686288,14860.188881159474
2024-01-26,15808.0,15505.717740440148,14838.869141561036
2024-01-29,15767.599609375,15507.29446910191,14858.675629608846
2024-01-30,15828.0,15508.850699141434,14828.604432661576
2024-01-31,15785.0,15510.395636360221,14821.39796695249
2024-02-01,15769.0,15511.941120000118,14851.305285035129
2024-02-02,15726.0,15513.453228603128,14802.119207513211
2024-02-05,15727.2001953125,15514.995150716308,14789.495308660249
2024-02-06,15711.5,15516.512928871656,14824.345774582429
2024-02-07,15733.0,15518.035158819754,14780.610546144027
2024-02-08,15647.0,15519.564355023016,14789.595173091113
2024-02-09,15660.2998046875,15521.069049008629,14778.189134507014
2024-02-12,15598.0,15522.588202987963,14775.933439346874
2024-02-13,15579.5,15524.102217863128,14765.195054151905
2024-02-14,15661.5,15525.60601695396,14840.981523032984
2024-02-15,15553.099609375,15527.11574927678,14816.816707471558
2024-02-16,15672.0,15528.610912891088,14770.483774071145
2024-02-19,15628.599609375,15530.120168311312,14788.031016534334
2024-02-20,15634.0,15531.621888475758,14801.569758294834
2024-02-21,15661.0,15533.104614828753,14781.749914657803
2024-02-22,15642.0,15534.614472041238,14804.71039167375
2024-02-23,15588.0,15536.08694101751,14768.78387449986
2024-02-26,15586.099609375,15537.564183567982,14774.568266421411
2024-02-27,15638.5,15539.035532196664,14797.97226312028
2024-02-28,15653.0,15540.494586969327,14777.680923945089
2024-02-29,15712.2001953125,15541.969385034072,14782.531431808917
2024-03-01,15704.0,15543.433748387171,14755.676411965367
2024-03-04,15691.900390625,15544.905828116896,14720.755596625275
2024-03-05,15766.0,15546.360625023986,14726.59355258407
2024-03-06,15751.5,15547.821506340353,14746.743554794733
2024-03-07,15668.0,15549.294690075705,14704.218824328327
2024-03-08,15621.0,15550.755479343778,14674.600332668955
2024-03-11,15536.2998046875,15552.227969168849,14678.019439642492
2024-03-12,15518.0,15553.70331744991,14683.779796458166
2024-03-13,15546.0,15555.205073969166,14673.63546101073
2024-03-14,15574.0,15556.696094622097,14655.042067176499
2024-03-15,15630.0,15558.188446940127,14661.759248053368
2024-03-18,15639.2998046875,15559.69365901344,14704.57574893635
2024-03-19,15743.0,15561.215476153147,14688.309054795556
2024-03-20,15718.0,15562.760731477443,14669.690180613312
2024-03-21,15687.0,15564.338810480438,14660.049719482668
2024-03-22,15723.5,15565.946175887946,14633.446824849521
2024-03-25,15802.599609375,15567.578306913432,14651.755804558421
2024-03-26,15784.0,15569.245377422765,14635.396062784792
2024-03-27,15828.0,15570.946529135552,14652.51477488294
2024-03-28,15877.0,15572.692963254032,14631.613322482877
2024-03-29,15877.0,15574.467644342702,14625.189074338607
2024-04-01,15848.0,15576.293260201193,14631.914921913347
2024-04-02,15945.7998046875,15578.176388030297,14654.728811539315
2024-04-03,15955.0,15580.118798988893,14642.12116819423
2024-04-04,15936.0,15582.117572285417,14648.09497618294
2024-04-05,15904.5,15584.144624230079,14652.152585131209
2024-04-08,15881.0,15586.231283050634,14609.724860102142
2024-04-09,15918.0,15588.359214976974,14640.336599260223
2024-04-10,15892.2998046875,15590.55649359754,14628.11055595546
2024-04-11,15998.2001953125,15592.828609876471,14662.7086261009
2024-04-12,16007.0,15595.142873576813,14630.434855491365
2024-04-15,16111.0,15597.528648021385,14673.442491245733
2024-04-16,16075.0,15599.99232980136,14686.219578352604
2024-04-17,16312.2001953125,15602.54876716864,14717.081897645096
2024-04-18,16246.0,15605.181214636725,14740.71803652429
2024-04-19,16220.0,15607.88448520022,14717.860697407219
2024-04-22,16210.2998046875,15610.655014264214,14767.256100172353
2024-04-23,16246.0,15613.516326588802,14775.778006852213
2024-04-24,16140.2001953125,15616.455552898287,14750.570101833375
2024-04-25,16220.0,15619.483256559055,14758.251699313627
2024-04-26,16202.0,15622.573994802256,14769.743503493733
2024-04-29,16203.0,15625.744719335231,14784.91257315208
2024-04-30,16246.0,15629.00573552431,14754.842711371857
2024-05-01,16273.0,15632.331682104914,14798.18181676639
2024-05-02,16190.400390625,15635.744082501338,14798.140616370258
2024-05-03,16097.0,15639.212909029307,14804.551943535978
2024-05-06,16077.0,15642.740052005358,14787.037507829418
2024-05-07,16034.0,15646.338679451479,14775.745243176687
2024-05-08,16073.0,15649.995035791015,14790.54774796896
2024-05-09,16074.0,15653.717244516594,14799.23022247622
2024-05-10,16030.0,15657.493158279676,14780.14177205229
2024-05-13,16038.0,15661.319624788443,14775.665090556271
2024-05-14,16121.0,15665.189051753325,14794.038986545025
2024-05-15,16102.0,15669.099452679644,14779.252946667322
2024-05-16,15914.0,15673.056152549616,14732.424673568063
2024-05-17,15930.7998046875,15677.03983646068,14740.603157408588
2024-05-20,15958.0,15681.05156204837,14710.577936595657
2024-05-21,16031.0,15685.088114798717,14710.55029383475
2024-05-22,16005.0,15689.139955584094,14723.843286867024
2024-05-23,16040.7001953125,15693.215473508897,14726.518136241295
2024-05-24,16095.0,15697.293061880131,14754.90249868054
2024-05-27,16038.0,15701.368959141199,14728.261037623468
2024-05-28,16071.0,15705.446526990027,14740.335693760191
2024-05-29,16117.0,15709.511415110353,14714.480529405913
2024-05-30,16232.099609375,15713.5736643085,14774.138487783195
2024-05-31,16228.0,15717.618665578279,14797.348390628365
2024-06-03,16243.0,15721.638991296697,14783.256445022955
2024-06-04,16203.0,15725.639810018025,14767.29401468525
2024-06-05,16276.0,15729.607579749894,14766.47969913051
2024-06-06,16315.0,15733.55375227427,14761.379406064549
2024-06-07,16241.7001953125,15737.461587323669,14759.75050040559
2024-06-10,16270.0,15741.330918692664,14794.175972150992
2024-06-11,16312.0,15745.1618776225,14778.297936348079
2024-06-12,16305.400390625,15748.947176922316,14790.680527666293
2024-06-13,16230.0,15752.691801821156,14760.983700742385
2024-06-14,16286.0,15756.383805689824,14791.925422458391
2024-06-17,16479.900390625,15760.02392001712,14800.12419566117
2024-06-18,16479.0,15763.613374994131,14789.527707424473
2024-06-19,16379.0,15767.143057151043,14781.957973576658
2024-06-20,16380.900390625,15770.616904459032,14798.101235848684
2024-06-21,16491.900390625,15774.029720079985,14789.859719127704
2024-06-24,16443.0,15777.380455503562,14806.459036399548
2024-06-25,16394.099609375,15780.670370849677,14809.040185404356
2024-06-26,16401.0,15783.892873361008,14808.936679613847
2024-06-27,16434.0,15787.054339587074,14813.328289635729
2024-06-28,16374.400390625,15790.149711047488,14797.224645892584
2024-07-01,16343.0,15793.17872021084,14802.177616083543
2024-07-02,16390.0,15796.144234736645,14779.147670459617
2024-07-03,16391.0,15799.03733635097,14773.124572287217
2024-07-04,16340.0,15801.867027422008,14721.417285830898
2024-07-05,16328.5,15804.629500914356,14732.902964849141
2024-07-08,16245.0,15807.323411643547,14694.828216483676
2024-07-09,16277.2001953125,15809.953713222523,14709.486636506728
2024-07-10,16277.0,15812.512777446009,14692.335759154734
2024-07-11,16198.0,15815.007736912414,14644.48204055126
2024-07-12,16104.0,15817.436380510155,14665.776243428863
2024-07-15,16108.0,15819.797747579481,14632.904588011139
2024-07-16,16195.0,15822.094709778889,14646.065530729735
2024-07-17,16173.0,15824.324354789022,14625.171157428767
2024-07-18,16138.0,15826.491735261381,14671.135048974545
2024-07-19,16185.0,15828.595451244828,14653.7606787356
2024-07-22,16206.0,15830.635675258667,14706.090463850891
2024-07-23,16220.2001953125,15832.615192932959,14665.443261256927
2024-07-24,16222.0,15834.532039924601,14673.929630555269
2024-07-25,16246.0,15836.390420721531,14726.347156865757
2024-07-26,16337.7998046875,15838.190146574381,14749.421745295962
2024-07-29,16283.0,15839.93139902903,14700.043022308031
2024-07-30,16301.7001953125,15841.61803206292,14721.812385389418
2024-07-31,16328.5,15843.247405976465,14733.369481021791
2024-08-01,16255.0,15844.824042861721,14701.573318736166
2024-08-02,16281.0,15846.347606752177,14709.670222086026
2024-08-05,16012.0,15847.851469813439,14741.762600012766
2024-08-06,16208.0,15849.349694167584,14831.84986132471
2024-08-07,16152.2998046875,15850.83361708042,14787.489607826543
2024-08-08,16023.0,15852.30800709544,14799.655540597121
2024-08-09,15979.0,15853.77280202086,14779.90604733963
2024-08-12,15918.0,15855.230868582148,14778.062926044353
2024-08-13,15949.099609375,15856.685810958525,14773.421408853877
2024-08-14,15749.0,15858.13460103751,14747.303982747953
2024-08-15,15619.5,15859.580456804288,14756.53122789953
2024-08-16,15755.0,15861.024031225006,14746.151240709147
2024-08-19,15683.0,15862.467870723329,14725.52257326151
2024-08-20,15523.0,15863.91464657669,14721.814898474611
2024-08-21,15442.0,15865.362200752264,14710.491407550788
2024-08-22,15484.0,15866.810930585301,14705.96276177858
2024-08-23,15728.5,15868.260662595823,14731.496653691813
2024-08-26,15377.2001953125,15869.715127292991,14688.664905770007
2024-08-27,15462.599609375,15871.176199920428,14699.632393457005
2024-08-28,15467.099609375,15872.642179329783,14689.791321230843
2024-08-29,15440.0,15874.11467114787,14695.83515014829
2024-08-30,15444.7998046875,15875.594358530408,14687.785818611777
2024-09-02,15525.0,15877.083358326658,14682.651294156834
2024-09-03,15520.099609375,15878.582976896983,14681.617472769878
2024-09-04,15532.900390625,15880.091067908532,14730.89175926172
2024-09-05,15444.400390625,15881.60913579755,14703.374198553302
2024-09-06,15417.0,15883.135512941644,14708.50028317251
2024-09-09,15405.0,15884.670272674755,14721.994192266602
2024-09-10,15456.7998046875,15886.215351104722,14710.239063113744
2024-09-11,15489.0,15887.769059020471,14685.641327891482
2024-09-12,15437.0,15889.332258303291,14680.863442206228
2024-09-13,15418.7001953125,15890.90301165615,14652.477735851618
2024-09-16,15393.0,15892.481423184236,14642.63186403736
2024-09-17,15385.0,15894.069048675081,14667.937536607411
2024-09-18,15345.0,15895.664464901372,14662.125091643715
2024-09-19,15300.2001953125,15897.267993785714,14665.207662403682
2024-09-20,15197.599609375,15898.879268036648,14605.203309985103
2024-09-23,15154.0,15900.498321580695,14685.079054666592
2024-09-24,15174.099609375,15902.12758297737,14649.264922577584
2024-09-25,15121.099609375,15903.766233142967,14645.922918405015
2024-09-26,15201.5,15905.414054647748,14653.20196575726
2024-09-27,15070.0,15907.070671634081,14631.556672001643
2024-09-30,15118.0,15908.735897062128,14684.865909524367
2024-10-01,15170.599609375,15910.410625602612,14699.76112151817
2024-10-02,15260.599609375,15912.094167436764,14676.720957725189
2024-10-03,15324.0,15913.78647712968,14709.812433792347
2024-10-04,15457.0,15915.48696396584,14700.676828854597
2024-10-07,15650.0,15917.19547589796,14707.896666437066
2024-10-08,15744.0,15918.911607744838,14727.61641734111
2024-10-09,15682.400390625,15920.672407543425,14703.850924453378
2024-10-10,15664.599609375,15922.47970640893,14713.118199289978
2024-10-11,15670.900390625,15924.333695877694,14710.05964592496
2024-10-14,15562.0,15926.236906143582,14689.765249538907
2024-10-15,15573.0,15928.192491190966,14681.011193350718
2024-10-16,15578.599609375,15930.205447760736,14684.02943947505
2024-10-17,15583.900390625,15932.277571151644,14668.780945667146
2024-10-18,15493.0,15934.411326380785,14645.24028217538
2024-10-21,15467.0,15936.608914441924,14639.11126203502
2024-10-22,15556.0,15938.873192769133,14642.55608098128
2024-10-23,15586.0,15941.208799589564,14628.555779704975
2024-10-24,15663.0,15943.617154011326,14683.88230382707
2024-10-25,15621.5,15946.100595943777,14658.01444260218
2024-10-28,15688.099609375,15948.657761930983,14670.019815204723
2024-10-29,15747.0,15951.289642125557,14677.625558767411
2024-10-30,15768.0,15954.00141270671,14664.24359205109
2024-10-31,15695.5,15956.792806729552,14690.031216604362
2024-11-01,15713.0,15959.664757935494,14732.207179577887
2024-11-04,15842.0,15962.616914373024,14728.444434404371
2024-11-05,15790.0,15965.649616908722,14748.022233193242
2024-11-06,15665.0,15968.765353560451,14713.69729338165
2024-11-07,15818.2001953125,15971.962092387592,14744.097144022744
2024-11-08,15558.0,15975.238848206996,14746.871454880711
2024-11-11,15647.2001953125,15978.59347930829,14729.628931409205
2024-11-12,15765.0,15982.022241629427,14768.486268689785
2024-11-13,15788.900390625,15985.52409788264,14745.312827910286
2024-11-14,15847.2001953125,15989.09572131925,14771.210530751407
2024-11-15,15933.2998046875,15992.73417549031,14806.310464953729
2024-11-18,15891.2998046875,15996.435118130268,14833.729291105692
2024-11-19,15806.099609375,16000.192637869603,14825.540140172598
2024-11-20,15817.099609375,16004.003949809592,14798.394277588166
2024-11-21,15913.0,16007.86391867564,14819.283115240489
2024-11-22,15816.900390625,16011.768063987538,14822.269955546388
2024-11-25,15940.0,16015.710791030997,14799.800192382076
2024-11-26,15901.2001953125,16019.686769396092,14804.561166498168
2024-11-27,15930.0,16023.69182581709,14800.253459197986
2024-11-28,15863.5,16027.72201420849,14816.497837742136
2024-11-29,15878.0,16031.772460127435,14826.980855471447
2024-12-02,15829.0,16035.837884416065,14824.208945568867
2024-12-03,15910.0,16039.912929297341,14845.020010594322
2024-12-04,15940.0,16043.993648850992,14797.114633875406
2024-12-05,15906.599609375,16048.075211968673,14773.225955460042
2024-12-06,15839.7998046875,16052.153645636694,14802.033183350559
2024-12-09,15825.7998046875,16056.224337857884,14767.785374662471
2024-12-10,15864.0,16060.282483930885,14780.52253595772
2024-12-11,15908.0,16064.324845582116,14760.013491251006
2024-12-12,15963.0,16068.345982871779,14730.491517432683
2024-12-13,15967.400390625,16072.341465314934,14787.884037762593
2024-12-16,16025.7998046875,16076.307840756364,14779.99166942817
2024-12-17,15955.0,16080.240834560265,14785.523708689254
2024-12-18,15926.2001953125,16084.137557719152,14811.642198467314
2024-12-19,16145.2998046875,16087.994556487845,14873.801183096279
2024-12-20,15981.2998046875,16091.808746053197,14904.06130197535
2024-12-23,16159.2998046875,16095.577341476388,14864.41593332574
2024-12-24,16217.599609375,16099.297283034657,14868.395758652381
2024-12-25,15970.7998046875,16102.966563524655,14856.865441218231
2024-12-26,15069.400390625,16106.582774366974,14865.462118766105
2024-12-27,16189.0,16110.143976354502,14871.725566000943
2024-12-30,16178.0,16113.648419707379,14899.39873017651
2024-12-31,16085.599609375,16117.094297771833,14915.9426153926
2025-01-02,16230.5,16120.47986785697,14908.048362219675
2025-01-03,16201.099609375,16123.80361128231,14887.478854314277
2025-01-06,16178.7998046875,16127.064400260424,14898.187199842348
2025-01-07,16179.099609375,16130.26126191632,14909.73672028189
2025-01-08,16157.7001953125,16133.392981008423,14921.01176485172
2025-01-09,16187.599609375,16136.458799879692,14911.197616006268
2025-01-10,16237.0,16139.457833060385,14916.730478273235
2025-01-13,16268.0,16142.389561088417,14942.574048076372
2025-01-14,16295.2001953125,16145.25369773268,14967.851433347574
2025-01-15,16320.0,16148.049659873794,14978.421995621993
2025-01-16,16360.7998046875,16150.77752367598,14916.57796432257
2025-01-17,16368.7998046875,16153.437123626336,14919.462597571764
2025-01-20,16367.099609375,16156.028542489426,14903.356272265273
2025-01-21,16245.0,16158.552094868248,14904.789418397291
2025-01-22,16330.7998046875,16161.007846280156,14884.127416460817
2025-01-23,16232.7998046875,16163.39632930393,14847.348909603154
2025-01-24,16230.900390625,16165.717971119517,14851.01229865742
2025-01-27,16164.900390625,16167.973268280257,14864.235865921586
2025-01-28,16155.599609375,16170.162989250213,14903.238553157307
2025-01-29,15881.2001953125,16172.287653841078,14860.508738811877
2025-01-30,16238.0,16174.348067855008,14866.319624208247
2025-01-31,16274.5,16176.345015083445,14853.32378874667
2025-02-03,16341.2998046875,16178.279222744035,14860.153232308532
2025-02-04,16320.0,16180.151645532178,14896.802735976353
2025-02-05,16299.099609375,16181.963195209602,14853.744634592786
2025-02-06,16298.099609375,16183.7149167727,14856.969692778912
2025-02-07,16327.0,16185.407806045347,14887.754645404093
2025-02-10,16314.7001953125,16187.04290488458,14919.752722468636
2025-02-11,16330.099609375,16188.621399318046,14903.066315262884
2025-02-12,16343.2998046875,16190.14440606729,14920.570256847977
2025-02-13,16375.0,16191.624630942564,14895.347987660833
2025-02-14,16219.0,16193.104856084914,14877.898199485833
2025-02-17,16173.0,16194.57029986521,14898.175120214444
2025-02-18,16220.0,16196.024939751946,14866.985585841536
2025-02-19,16317.0,16197.469488026296,14847.048147069327
2025-02-20,16346.400390625,16198.906061281772,14864.390950268338
2025-02-21,16245.099609375,16200.338990261265,14859.227432172867
2025-02-24,16278.0,16201.766549968725,14890.494743099174
2025-02-25,16279.2998046875,16203.190803951962,14898.559722844173
2025-02-26,16314.0,16204.612443435288,14942.755004502089
2025-02-27,16367.400390625,16206.033375497134,14921.819403818721
2025-02-28,16553.69921875,16207.457388906932,14996.175839899792
2025-03-03,16522.0,16208.882927676344,14995.668556232305
2025-03-04,16451.19921875,16210.311160548084,14980.355795568772
2025-03-05,16379.0,16211.739771231874,15024.716624738998
2025-03-06,16268.900390625,16213.171324151908,14975.577890593206
2025-03-07,16322.099609375,16214.61085193901,15014.480364144732
2025-03-10,16292.599609375,16216.05568326211,15004.612927757362
2025-03-11,16324.0,16217.507862147526,15052.169952747585
2025-03-12,16433.900390625,16218.967271123074,15048.055731421844
2025-03-13,16305.599609375,16220.435752504005,15009.28037662274
2025-03-14,16259.2998046875,16221.916501703367,15029.512303007308
2025-03-17,16321.0,16223.406940046574,15011.778620892663
2025-03-18,16370.0,16224.908533411173,15017.145786809762
2025-03-19,16514.5,16226.420089629211,15049.050456775247
2025-03-20,16330.2998046875,16227.940433211446,15003.309908725741
2025-03-21,16428.5,16229.472304331954,15023.694793412946
2025-03-24,16519.0,16231.014201192611,15041.728306518782
2025-03-25,16575.80078125,16232.56703923997,15030.64858603758
2025-03-26,16621.0,16234.129272453456,15029.436205209387
2025-03-27,16629.0,16235.699417046606,15007.787561438578
2025-03-28,16560.900390625,16237.280210306146,15008.846362012324
2025-03-31,16575.0,16238.869816809784,15021.125424770324
2025-04-01,16652.0,16240.469047170065,15000.92507238682
2025-04-02,16731.400390625,16242.076928834947,15007.931750994603
2025-04-03,16739.0,16243.693554258612,14979.276952695802
2025-04-04,16739.80078125,16245.320726356049,15055.185240639117
2025-04-07,16738.0,16246.958989994866,15093.449478783432
2025-04-08,16855.69921875,16248.607842693558,15088.722931445587
2025-04-09,17051.900390625,16250.266839593445,15143.25766658067
2025-04-10,16805.5,16251.935510775762,15045.968757810875
2025-04-11,16833.80078125,16253.615012031318,15058.877716777402
2025-04-14,16788.0,16255.304513264122,15042.30819341905
2025-04-15,16780.0,16257.004446711859,15035.74925207234
2025-04-16,16813.5,16258.713941630778,15042.808496517879
2025-04-17,16794.599609375,16260.432478031513,15021.244011061248
2025-04-21,16794.599609375,16262.16067571127,15035.67608193246
2025-04-22,16814.900390625,16263.916735481127,15030.794234081915
2025-04-23,16858.099609375,16265.728320129012,15008.136758792796
2025-04-24,16846.0,16267.588493931462,15022.214277806996
2025-04-25,16778.5,16269.500597799484,14988.315245656857
2025-04-28,16823.0,16271.468152991103,15000.524931429234
2025-04-29,16795.0,16273.494931264324,14987.014772845025
2025-04-30,16711.900390625,16275.585666413928,14981.59784408616
2025-05-01,16545.900390625,16277.741684807163,14999.163976678357
2025-05-02,16606.0,16279.965735306376,14986.575140305158
2025-05-05,16460.0,16282.261043201102,14977.675397092073
2025-05-06,16421.5,16284.631155068611,14969.262390175949
2025-05-07,16432.0,16287.080253056925,14950.164782318212
2025-05-08,16492.599609375,16289.609468448023,14958.674390278413
2025-05-09,16538.30078125,16292.219671492858,14962.01392722521
2025-05-12,16543.0,16294.910240431871,14950.950562533153
2025-05-13,16688.80078125,16297.684770995606,14933.225115984264
2025-05-14,16599.400390625,16300.546682795608,14923.167592812773
2025-05-15,16558.19921875,16303.49508051964,14905.639140222436
2025-05-16,16511.80078125,16306.53056088628,14874.28873992906
2025-05-19,16487.0,16309.65301576009,14865.010167219898
2025-05-20,16428.0,16312.863664691642,14846.851878289557
2025-05-21,16403.0,16316.163170007894,14857.92195979535
2025-05-22,16347.599609375,16319.548777663293,14861.193813196644
2025-05-23,16356.900390625,16323.018868552155,14845.251425347042
2025-05-26,16211.0,16326.570108627982,14831.987063277838
2025-05-27,16243.5,16330.199096546261,14851.494311994209
2025-05-28,16279.0,16333.904041747091,14818.500742361393
2025-05-29,16286.0,16337.680672011998,14853.296454860616
2025-05-30,16293.0,16341.524903189664,14830.022097825205
2025-06-02,16322.0,16345.430931831273,14834.66798577405
2025-06-03,16288.5,16349.393342071313,14841.05877865863
2025-06-04,16332.400390625,16353.408408900521,14828.752654184116
2025-06-05,16291.5,16357.470120102698,14827.845714389734
2025-06-06,16246.400390625,16361.572955197911,14826.725923816019
2025-06-09,16309.0,16365.710804742146,14816.0512645865
2025-06-10,16278.7998046875,16369.878278706894,14820.196287893807
2025-06-11,16247.7998046875,16374.071148334411,14779.432823368043
2025-06-12,15778.0,16378.284531138996,14823.423115037209
2025-06-13,16164.5,16382.512579293969,14788.885077245828
2025-06-16,16282.599609375,16386.74965396766,14834.616653337294
2025-06-17,15801.0,16390.990520376716,14828.856945561318
2025-06-18,16275.0,16395.230789111243,14827.869701780028
2025-06-19,15598.5,16399.46551650524,14849.962084603907
2025-06-20,16390.0,16403.69020115766,14871.556584863729
2025-06-23,16431.0,16407.899810963565,14893.007401424613
2025-06-24,16370.0,16412.089960730897,14890.918132894389
2025-06-25,16290.0,16416.25640861665,14858.835442128766
2025-06-26,16290.0,16420.393529066405,14882.630795927253
2025-06-27,16222.7998046875,16424.49736514678,14844.54978699917
2025-06-30,16229.0,16428.564105002253,14864.70551447991
2025-07-01,16230.0,16432.589686307667,14837.501123601123
2025-07-02,16236.400390625,16436.57117204013,14828.467121038071
2025-07-03,16235.0,16440.505004331408,14832.091734765734
2025-07-04,16203.7001953125,16444.388253973677,14812.716606221402
2025-07-07,16178.0,16448.21814177486,14823.019566772464
2025-07-08,16318.900390625,16451.9919756588,14829.801616316841
2025-07-09,16261.0,16455.70781319494,14827.177015302797
2025-07-10,16235.0,16459.36339908358,14809.854194200929
2025-07-11,16209.099609375,16462.956966483413,14789.848425972768
2025-07-14,16222.0,16466.486881606557,14790.09947964576
2025-07-15,16256.2001953125,16469.951331200686,14777.258729675825
2025-07-16,16252.099609375,16473.348769314343,14790.82522744597
2025-07-17,16271.2001953125,16476.67801214449,14758.851922189207
2025-07-18,16329.7001953125,16479.93808469206,14737.687152532098
2025-07-21,16321.0,16483.128067622816,14751.63460424379
2025-07-22,16329.5,16486.246946920415,14703.211490057492
2025-07-23,16245.2998046875,16489.29408939693,14735.35914661151
2025-07-24,16266.099609375,16492.268869052677,14679.639273424456
2025-07-25,16307.0,16495.17101164102,14696.143800484942
2025-07-28,16353.0,16498.000262329453,14705.65565005689
2025-07-29,16398.80078125,16500.7563627666,14696.308055656411
2025-07-30,16367.900390625,16503.439528420455,14717.663864467362
2025-07-31,16426.80078125,16506.049785835206,14736.068805917515
2025-08-01,16483.0,16508.587472368956,14755.247717562223
2025-08-04,16483.0,16511.052982535828,14756.963355600805
2025-08-05,16362.0,16513.446642052648,14726.361782074639
2025-08-06,16377.5,16515.769168183404,14733.01477500352
2025-08-07,16334.7001953125,16518.02112459701,14711.566796206942
2025-08-08,16300.0,16520.203248946247,14712.37282969752
2025-08-11,16249.0,16522.316401093398,14670.808242844345
2025-08-12,16298.0,16524.36127200359,14698.1027104297
2025-08-13,16248.2001953125,16526.33884684468,14635.014917397977
2025-08-14,16109.0,16528.24999269941,14636.75578328641
2025-08-15,16169.0,16530.095616833587,14658.263477055529
2025-08-18,16196.0,16531.876838456854,14663.058346190202
2025-08-19,16205.400390625,16533.59470164075,14659.025074728474
2025-08-20,16275.2001953125,16535.25035225767,14684.829811795747
2025-08-21,16263.599609375,16536.844911402903,14648.652914386952
2025-08-22,16339.7001953125,16538.379563736722,14690.823110263693
2025-08-25,16227.0,16539.859190814455,14638.339873290362
2025-08-26,16267.0,16541.341416985706,14650.280055206707
2025-08-27,16299.2001953125,16542.806367355966,14643.320709938602
2025-08-28,16314.0,16544.258940579057,14628.921859199449
2025-08-29,16344.2998046875,16545.699971132468,14624.494984227611
2025-09-01,16409.0,16547.130990342957,14649.161602760905
2025-09-02,16405.19921875,16548.558087642225,14650.952777857858
2025-09-03,16443.900390625,16549.978605545803,14623.80368378037
2025-09-04,16463.0,16551.394954979176,14590.741003816933
2025-09-05,16452.099609375,16552.807905917092,14612.199538971543
2025-09-08,16392.0,16554.218889787182,14600.982939635274
2025-09-09,16446.099609375,16555.633224573434,14616.87655872794
2025-09-10,16449.900390625,16557.048503121157,14619.454459764916
2025-09-11,16439.0,16558.466792593295,14589.132567016542
2025-09-12,16413.599609375,16559.88484952337,14587.1511374775
2025-09-15,16401.0,16561.30468990078,14574.443863541408
2025-09-16,16364.599609375,16562.733439898868,14563.684989965963
2025-09-17,16398.099609375,16564.167092719465,14584.356077388766
2025-09-18,16418.599609375,16565.608437053685,14565.930872147595
2025-09-19,16569.099609375,16567.057068107413,14588.29410787724
2025-09-22,16637.0,16568.514482284165,14547.900472078238
2025-09-23,16582.0,16569.985475688987,14549.480309281957
2025-09-24,16633.0,16571.466293879697,14556.290757686176
2025-09-25,16695.099609375,16572.95906038843,14571.81639488755
2025-09-26,16759.099609375,16574.46268738966,14594.929398216962
2025-09-29,16723.0,16575.97495448698,14537.925896354212
2025-09-30,16628.0,16577.49986667819,14538.121547892624
2025-10-01,16683.0,16579.03516806071,14545.481086731474
2025-10-02,16644.099609375,16580.582315729258,14521.29344048202
2025-10-03,16601.5,16582.13984951465,14544.466656404566
2025-10-06,16558.0,16583.705114116725,14506.432824045256
2025-10-07,16596.5,16585.282192796574,14496.035328659176
2025-10-08,16587.0,16586.86841807434,14519.18202840738
2025-10-09,16556.0,16588.46509845907,14478.435931736276
2025-10-10,16577.69921875,16590.071009154864,14518.244996336294
2025-10-13,16598.0,16591.685921640943,14541.452593197648
2025-10-14,16548.0,16593.312011441205,14486.96193982552
2025-10-15,16585.900390625,16594.950047687715,14547.992503940312
2025-10-16,16575.0,16596.59947486089,14518.269367614237
2025-10-17,16561.900390625,16598.25987101757,14512.734970375042
2025-10-20,16566.0,16599.930349741127,14544.258498999228
2025-10-21,16542.0,16601.612672510295,14466.229939215162
2025-10-22,16598.900390625,16603.305580650245,14510.476992566995
2025-10-23,16596.599609375,16605.009853271386,14514.645672211025
2025-10-24,16593.80078125,16606.72451226859,14482.443148072667
2025-10-27,16597.80078125,16608.448621638272,14476.50740776575
2025-10-28,16158.2001953125,16610.183691427126,14481.005831438488
2025-10-29,16561.779296875,16611.926155936555,14490.523986422648
2025-10-30,16562.0,16613.688214738067,14463.473379823774
2025-10-31,16150.0,16615.51325220796,14491.478004537854
2025-11-03,16630.0,16617.388066993768,14484.537753411923
2025-11-04,16640.900390625,16619.319345183885,14453.932256943963
2025-11-05,16707.0,16621.308723941736,14507.9551653347
2025-11-06,16669.0,16623.36036068311,14466.211030012051
2025-11-07,16694.099609375,16625.4807827364,14499.240789845158
2025-11-10,16653.0,16627.669632080015,14485.540228077838
2025-11-11,16690.0,16629.931761015676,14431.725523700721
2025-11-12,16694.900390625,16632.26894583523,14476.240840955541
2025-11-13,16729.0,16634.685086967755,14441.946360843554
2025-11-14,16719.0,16637.185873890845,14488.123688473175
2025-11-17,16679.5,16639.771090936087,14490.95540562372
2025-11-18,16738.900390625,16642.442855824662,14481.67285777133
2025-11-19,16727.69921875,16645.19955060144,14528.354902560804
2025-11-20,16686.69921875,16648.04423424619,14488.279007661642
2025-11-21,16731.0,16650.98244005902,14532.005577189006
2025-11-24,16639.0,16654.011254776153,14507.784711236382
2025-11-25,16645.0,16657.132514497887,14441.529840393772
2025-11-26,16633.5,16660.34508457957,14468.652507534252
2025-11-27,16614.69921875,16663.649954925688,14423.50849281378
2025-11-28,16603.900390625,16667.049295607485,14464.494764979863
2025-12-01,16635.0,16670.53827384589,14440.893620880777
2025-12-02,16609.0,16674.116590766112,14426.549364635295
2025-12-03,16609.900390625,16677.779915060695,14432.609612299922
2025-12-04,16594.0,16681.523767506253,14412.587393098878
2025-12-05,16654.400390625,16685.347224842295,14422.593426854006
2025-12-08,16683.0,16689.244341819896,14411.06999719029
2025-12-09,16686.0,16693.21188183898,14403.301424328822
2025-12-10,16662.0,16697.24321105275,14431.090610691177
2025-12-11,16639.0,16701.331367889623,14390.541387378642
2025-12-12,16649.0,16705.47374185538,14419.576660539467
2025-12-15,16623.099609375,16709.662521868784,14413.626597591732
2025-12-16,16645.80078125,16713.89279347545,14400.836971550869
2025-12-17,16644.599609375,16718.157521927325,14414.740291621047
2025-12-18,16657.0,16722.450452988876,14404.784427318084
2025-12-19,16685.19921875,16726.76769781666,14411.10104221
2025-12-22,16678.5,16731.10399176076,14383.612431766542
2025-12-23,16756.400390625,16735.453404986023,14343.797684938118
2025-12-24,16735.0,16739.80990305927,14387.657475283075
2025-12-26,16753.099609375,16744.167563429713,14373.520209103868
2025-12-29,16741.099609375,16748.522564755065,14371.98546201899
2025-12-30,16770.0,16752.86913991486,14390.49617527719
2025-12-31,16709.0,16757.203158207434,14368.02603165337
2026-01-02,16668.0,16761.5191625859,14410.499595711746
2026-01-05,16683.0,16765.812227952323,14358.81307268746
2026-01-06,16727.19921875,16770.07908938959,14333.476080602397
2026-01-07,16742.0,16774.31281531584,14336.300524923712
2026-01-08,16753.0,16778.50962974301,14359.8804271137
2026-01-09,16805.69921875,16782.665637002287,14370.702545298544
2026-01-12,16826.69921875,16786.776189591576,14332.510486676625
2026-01-13,16859.400390625,16790.83892153489,14358.66812864904
2026-01-14,16840.80078125,16794.849653037436,14347.48364093665
2026-01-15,16845.099609375,16798.805726793635,14342.242192205644
2026-01-16,16878.900390625,16802.704386912555,14345.243434243464
2026-01-19,16876.599609375,16806.542546117656,14345.894144799991
2026-01-20,16939.0,16810.318860851043,14335.324593718775
2026-01-21,16960.099609375,16814.030598472666,14375.775511100881
2026-01-22,16897.0,16817.676227990396,14349.103097517982
2026-01-23,16820.0,16821.254249989983,14347.956284829606
2026-01-26,16770.0,16824.76268391379,14341.939188514676
2026-01-27,16734.0,16828.2001749753,14315.68776089747
2026-01-28,16674.69921875,16831.565333757568,14336.15472068845
2026-01-29,16722.80078125,16834.857355121905,14355.957860995062
2026-01-30,16778.30078125,16838.07547106194,14364.036806610045
2026-02-02,16758.400390625,16841.218448188032,14390.258424109523
2026-02-03,16758.400390625,16844.285956315358,14402.92227418171
2026-02-04,16759.0,16847.277147775476,14396.647004189545
2026-02-05,16800.0,16850.191918110144,14408.05054827168
2026-02-06,16879.900390625,16853.030173235515,14446.010635081288
2026-02-09,16843.5,16855.791413219584,14416.805782411951
2026-02-10,16796.0,16858.476261933753,14407.194722986993
2026-02-11,16778.0,16861.084564739664,14421.613410607399
2026-02-12,16793.900390625,16863.61686909297,14404.584280069945
2026-02-13,16809.0,16866.073712382433,14451.847929161064
2026-02-16,16826.099609375,16868.455266687943,14441.629717922824
2026-02-17,16806.599609375,16870.762606765908,14441.208893361023
2026-02-18,16840.0,16872.996203864335,14455.23050856984
2026-02-19,16915.30078125,16875.156924620682,14433.766507575077
2026-02-20,16887.19921875,16877.24582715268,14458.770322214737
2026-02-23,16843.400390625,16879.26346724698,14442.523651176865
2026-02-24,16804.30078125,16881.211110743025,14447.739158597318
2026-02-25,16816.80078125,16883.089604494464,14449.593019368422
2026-02-26,16749.80078125,16884.89988056981,14433.3248180359
2026-02-27,16749.0,16886.643224464235,14473.572244023831
2026-03-02,16795.0,16888.32061036269,14468.921981939846
2026-03-03,16863.0,16889.933394388383,14491.830412860254
2026-03-04,16898.099609375,16891.48266660591,14540.439495523187
2026-03-05,16865.0,16892.969663501088,14546.92337140615
2026-03-06,16913.099609375,16894.45092153495,14560.433707150283
2026-03-09,16923.69921875,16895.916388913476,14592.527995469594
2026-03-10,16886.0,16897.367685728732,14604.246802217796
2026-03-11,16852.0,16898.80617038734,14590.175915592912
2026-03-12,16884.0,16900.233035971996,14613.292824284264
2026-03-13,16908.0,16901.65483228179,14659.689320215986
2026-03-16,16952.099609375,16903.069564311118,14690.762357890126
2026-03-17,16953.099609375,16904.479350599846,14686.765645104007
2026-03-18,16971.30078125,16905.885081968405,14680.598146914874
2026-03-19,17041.69921875,16907.28790874606,14725.916357365653
2026-03-20,16915.900390625,16908.69354616407,14762.01134462628
2026-03-23,16959.30078125,16910.10016458084,14785.666703683562
2026-03-24,16865.099609375,16911.509768977012,14782.64978980051
2026-03-25,16797.30078125,16912.919378164737,14805.77388089047
2026-03-26,16749.599609375,16914.329916945408,14764.660955381894
2026-03-27,16925.0,16915.749035695928,14858.49046301761
2026-03-30,16958.0,16917.1736131731,14871.71741588126
2026-03-31,16975.400390625,16918.605832233414,14874.628983471546
2026-04-01,16936.400390625,16920.04567922723,14843.963021301019
2026-04-02,16924.099609375,16921.494190805115,14823.141114342288
2026-04-03,16959.0,16922.95661166369,14884.990626027333
2026-04-06,16988.0,16924.429794405998,14882.014775714984
2026-04-07,17015.30078125,16925.91535975981,14879.759373764524
2026-04-08,17027.400390625,16927.412717648407,14884.399792779863
2026-04-09,17005.5,16928.91928482691,14818.27686716486
2026-04-10,17059.0,16930.438862775096,14845.93642393654
2026-04-13,17083.0,16931.96967200449,14834.138759548665
2026-04-14,17079.19921875,16933.51296666037,14825.976152249963
2026-04-15,17129.0,16935.067693382927,14791.503754144329
2026-04-16,17146.099609375,16936.630780486335,14791.898527974265
2026-04-17,17123.0,16938.206054736263,14806.931073552541
2026-04-20,17133.0,16939.791334633865,14784.749603314389
2026-04-21,17123.80078125,16941.387676483748,14808.748464443283
2026-04-22,17133.099609375,16942.99406588492,14819.855133184605
2026-04-23,17199.5,16944.60991884118,14792.619348304344
2026-04-24,17329.0,16946.23739096513,14843.27106204433
2026-04-27,17246.0,16947.877441819244,14841.319645440588
2026-04-28,17216.0,16949.529797444007,14854.760282054449
2026-04-29,17244.0,16951.19398430757,14879.825241893115
2026-04-30,17334.19921875,16952.868911516416,14867.453709999076
2026-05-01,17311.0,16954.556353887467,14871.774414098283
2026-05-04,17288.5,16956.25522072764,14871.111403847091
2026-05-05,17346.19921875,16957.966195436355,14906.360477066855
2026-05-06,17389.80078125,16959.688491271714,14873.472315742241
2026-05-07,17296.900390625,16961.420895788135,14820.748532392063
2026-05-08,17294.900390625,16963.165056855974,14844.287553990423
2026-05-11,17358.0,16964.917670576724,14849.412280083532
2026-05-12,17413.0,16966.67829638629,14865.575526235047
2026-05-13,17549.0,16968.470112504736,14882.537234621417
2026-05-14,17500.0,16970.324746886046,14877.103658871183
2026-05-15,17530.599609375,16972.234561021593,14876.223131971661
2026-05-18,17586.0,16974.203791156568,14929.779387356753
2026-05-19,17701.0,16976.235402060676,14947.749059527945
2026-05-20,17777.0,16978.334697460665,15004.367522884148
2026-05-21,17658.400390625,16980.50609988921,14966.939880269963
2026-05-22,17692.0,16982.75189415305,15010.940654916081
2026-05-25,17692.0,16985.07511128368,14997.917469266524
2026-05-26,17762.0,16987.478698007122,15011.5513052196
2026-05-27,17699.69921875,16989.96744179111,15023.625130086386
2026-05-28,17804.0,16992.545436165437,15021.78332174272
2026-05-29,17840.0,16995.213411780325,15010.276212941593
