Date,actual,pure_trend,zscore_exogenous
2023-06-01,14984.0,14982.944497505276,14979.609778779246
2023-06-02,14907.0,15001.607823272481,14989.91125461416
2023-06-05,14983.0,14980.557017435298,14960.589181880627
2023-06-06,14849.5,14995.878972727678,14965.641292487575
2023-06-07,14872.0,15026.698877422294,14987.589416763367
2023-06-08,14889.0,15026.867293044406,14979.568476975428
2023-06-09,14836.0,15051.989498547218,14992.533988510122
2023-06-12,14833.0,15040.94805170264,14973.911888581359
2023-06-13,14871.5,15041.300944859722,14966.3196859186
2023-06-14,14869.0,15065.882553206073,14982.631759659178
2023-06-15,14909.0,15062.894809871732,14971.149892410136
2023-06-16,14897.0,15082.12319575923,14981.980450762869
2023-06-19,14928.0,15066.810533186153,14958.578775080297
2023-06-20,15008.0,15074.188281145909,14955.130092187961
2023-06-21,15016.0,15083.111527817673,14957.24617519141
2023-06-22,14943.0,15080.204538183096,14944.469448139002
2023-06-23,14935.0,15084.290223358874,14938.879044434494
2023-06-26,14987.0,15079.507374732731,14926.711992813855
2023-06-27,15039.0,15088.133001222895,14928.529014409074
2023-06-28,14982.5,15095.118125351799,14928.18372026282
2023-06-29,14981.0,15091.047842236521,14915.71093730906
2023-06-30,15064.0,15103.358141534058,14919.755470022144
2023-07-03,14986.0,15113.080458514261,14922.646226870396
2023-07-04,15056.0,15117.812357661496,14920.134202145497
2023-07-05,15010.0,15124.632752652818,14919.808476313972
2023-07-06,15077.0,15126.026298910137,14915.490527292544
2023-07-07,15189.2998046875,15137.286987854379,14923.353596473773
2023-07-10,15128.0,15138.047000585551,14919.88944426387
2023-07-11,15216.0,15138.381990852638,14915.492567036508
2023-07-12,15156.7998046875,15141.298542329376,14914.797067324625
2023-07-13,14928.0,15137.065450699822,14903.916341205908
2023-07-14,14954.0,15152.357314723437,14913.316292813026
2023-07-17,14951.0,15151.944362462782,14908.558642067477
2023-07-18,14982.5,15149.7525671518,14900.027110248711
2023-07-19,14986.0,15155.579250977169,14900.424168993104
2023-07-20,14992.0,15151.19965870973,14891.489893595735
2023-07-21,15051.5,15160.516453729093,14896.045488359889
2023-07-24,15018.0,15161.386768398728,14892.271622231365
2023-07-25,15021.5,15160.975794338436,14886.933357467442
2023-07-26,15032.0,15166.829074085688,14887.791930397076
2023-07-27,15007.0,15169.94817133795,14885.002727364328
2023-07-28,15095.0,15174.522303942957,14887.068305676727
2023-07-31,15088.0,15175.514519619403,14881.807768173847
2023-08-01,15104.0,15176.516763739068,14878.084481566008
2023-08-02,15131.0,15181.102232753126,14879.069070973837
2023-08-03,15220.0,15182.997009331975,14882.853511339441
2023-08-04,15161.0,15186.471054960399,14886.075543329234
2023-08-07,15163.0,15188.664272641407,14892.20422437634
2023-08-08,15232.0,15189.42047606283,14891.78483237306
2023-08-09,15207.2001953125,15192.961966824529,14896.886020629188
2023-08-10,15207.0,15192.645139441582,14897.948188125798
2023-08-11,15259.0,15196.204338187747,14902.585535358417
2023-08-14,15317.0,15197.679023466299,14902.942872139636
2023-08-15,15347.0,15199.73398200907,14904.308485973655
2023-08-16,15311.5,15204.514346215768,14913.89779672527
2023-08-17,15362.0,15203.706530657848,14917.007020612135
2023-08-18,15362.5,15207.531127616454,14928.880197343846
2023-08-21,15278.0,15210.553402558558,14936.117476682217
2023-08-22,15318.900390625,15212.880491256003,14942.71005787911
2023-08-23,15317.0,15217.352454027396,14952.324855303905
2023-08-24,15294.099609375,15217.897535027092,14954.631386546385
2023-08-25,15239.0,15221.725769719564,14966.217135835479
2023-08-28,15288.0,15225.426429618516,14970.943750121476
2023-08-29,15255.5,15227.319078667355,14973.5216178725
2023-08-30,15196.5,15230.65956174032,14976.631672615007
2023-08-31,15216.0,15231.922685587797,14976.245814720434
2023-09-01,15231.0,15235.16219093537,14978.260109756708
2023-09-04,15233.0,15238.636084578045,14978.005778620214
2023-09-05,15227.0,15240.104070262729,14976.161755912535
2023-09-06,15298.0,15242.851587642688,14978.78742535101
2023-09-07,15336.0,15244.817591047431,14980.981547509153
2023-09-08,15342.0,15247.583687291928,14984.400958321188
2023-09-11,15318.0,15250.906675907218,14985.383837577278
2023-09-12,15339.099609375,15252.839381663029,14985.724176263746
2023-09-13,15350.2001953125,15256.269759668874,14989.29291823639
2023-09-14,15353.0,15258.448760420606,14988.455866723274
2023-09-15,15395.0,15261.913451025825,14988.258962047455
2023-09-18,15346.0,15264.740379571489,14991.027505288712
2023-09-19,15377.0,15266.614262384577,14991.937238246945
2023-09-20,15384.5,15270.32371239099,14995.766094156308
2023-09-21,15361.0,15272.496939874642,15001.384559418622
2023-09-22,15400.5,15275.563935542275,15016.504630906938
2023-09-25,15368.0,15278.338935580945,15026.323954940412
2023-09-26,15405.0,15280.349962626227,15036.041488934883
2023-09-27,15493.0,15283.752105237838,15055.343267713175
2023-09-28,15569.0,15285.886948913,15068.322415766559
2023-09-29,15474.0,15288.353212320635,15082.523926340084
2023-10-02,15448.0,15291.218964583077,15097.579218643576
2023-10-03,15516.0,15293.4325638647,15112.651742292708
2023-10-04,15622.0,15296.682725346538,15137.474647084577
2023-10-05,15591.0,15299.156252864928,15152.845056355789
2023-10-06,15631.0,15301.586325162514,15171.781827521643
2023-10-09,15603.0,15304.688153271636,15186.61626778318
2023-10-10,15691.400390625,15307.246588769563,15202.491515549213
2023-10-11,15718.5,15310.495533845504,15217.143536545847
2023-10-12,15693.0,15313.281894985363,15227.924069975463
2023-10-13,15739.0,15316.046245699985,15243.161866802158
2023-10-16,15676.0,15319.254231793224,15264.214497404326
2023-10-17,15675.0,15322.013486297014,15275.274167706322
2023-10-18,15728.2001953125,15325.253810969954,15293.480340373655
2023-10-19,15807.0,15327.941052437889,15311.434070259078
2023-10-20,15856.0,15330.882671414478,15336.990328740232
2023-10-23,15868.0,15334.094352227174,15359.02967145055
2023-10-24,15874.0,15336.788081428065,15377.178391202138
2023-10-25,15868.0,15339.952018289028,15395.174338203551
2023-10-26,15877.5,15342.704265137289,15414.425921617105
2023-10-27,15920.0,15345.675246944767,15435.709203742439
2023-10-30,15903.5,15348.871234055592,15456.642453799435
2023-10-31,15843.0,15351.63932606241,15472.088141088347
2023-11-01,15748.7001953125,15354.879440948336,15486.470883703441
2023-11-02,15900.0,15357.908893384825,15496.389036157443
2023-11-03,15838.0,15360.95112044733,15505.649055935794
2023-11-06,15582.099609375,15364.26751330754,15512.981531016092
2023-11-07,15570.0,15367.132146161879,15517.73920289213
2023-11-08,15643.599609375,15370.347650862852,15523.374921466107
2023-11-09,15616.0,15373.516529581135,15526.914000648898
2023-11-10,15713.7001953125,15376.504359376682,15534.343876247976
2023-11-13,15683.0,15379.726646622068,15537.624749348539
2023-11-14,15667.0,15382.61095468608,15540.788070696408
2023-11-15,15281.0,15385.727066589057,15542.858563293614
2023-11-16,15487.7998046875,15388.775157565115,15544.446270927727
2023-11-17,15475.0,15391.676910999777,15546.871825175409
2023-11-20,15399.400390625,15394.715427167182,15547.649339267684
2023-11-21,15382.099609375,15397.54511457967,15546.170656396063
2023-11-22,15501.2998046875,15400.620741540153,15545.023899932614
2023-11-23,15612.7998046875,15403.564167905733,15541.626243799963
2023-11-24,15495.0,15406.407572188184,15538.316002609148
2023-11-27,15560.0,15409.362340033664,15533.743379975569
2023-11-28,15466.5,15412.147620999216,15528.588309837327
2023-11-29,15259.0,15415.10067685282,15523.33526798185
2023-11-30,15407.0,15417.932981710219,15517.390017733682
2023-12-01,15549.2998046875,15420.67021485334,15511.747840969261
2023-12-04,15437.400390625,15423.539315454134,15505.376428897533
2023-12-05,15519.900390625,15426.231066841216,15500.431727713594
2023-12-06,15457.0,15428.995631385571,15494.215384917816
2023-12-07,15480.0,15431.689697883154,15488.367463303457
2023-12-08,15500.0,15434.262602324738,15483.209984034533
2023-12-11,15560.2001953125,15436.96550989891,15476.493191883772
2023-12-12,15647.0,15439.497436001415,15470.764499060127
2023-12-13,15569.0,15442.04737381104,15463.707202522448
2023-12-14,15275.0,15444.570864448764,15456.693133678706
2023-12-15,15468.0,15446.962515231977,15451.236736282533
2023-12-18,15282.7998046875,15449.453640122647,15445.024202388988
2023-12-19,15454.400390625,15451.777343210619,15439.328333673262
2023-12-20,15455.0,15454.133728954235,15433.239364709836
2023-12-21,15518.0,15456.482330281113,15430.281494305636
2023-12-22,15440.0,15458.727883977446,15426.386101171352
2023-12-25,15409.2001953125,15461.024371772397,15420.724716237024
2023-12-26,15460.0,15463.197900319148,15415.793820067229
2023-12-27,15400.0,15465.364447611706,15410.681519157994
2023-12-28,15373.0,15467.513440856039,15405.022242009689
2023-12-29,15425.0,15469.582787591042,15399.875075545982
2024-01-01,15383.099609375,15471.675686607157,15394.775577152766
2024-01-02,15383.0,15473.670965117428,15389.816516872275
2024-01-03,15498.0,15475.696024429077,15386.840309187539
2024-01-04,15555.0,15477.698786114248,15385.880015161094
2024-01-05,15511.0,15479.626788238495,15384.851417046322
2024-01-08,15477.5,15481.56494039346,15381.740151313958
2024-01-09,15495.5,15483.423373462634,15378.659554894191
2024-01-10,15534.5,15485.275041452724,15375.081201250625
2024-01-11,15555.0,15487.135892791279,15372.082156162824
2024-01-12,15556.5,15488.911599064144,15368.542743535532
2024-01-15,15503.2001953125,15490.722040416475,15365.309255775193
2024-01-16,15546.0,15492.471281159806,15362.461405254406
2024-01-17,15625.0,15494.210165389271,15362.404720764109
2024-01-18,15624.0,15495.949765657273,15363.940393376439
2024-01-19,15613.099609375,15497.61138553535,15363.239626271874
2024-01-22,15601.0,15499.294923539475,15360.696737421147
2024-01-23,15655.5,15500.951183434261,15358.718674687141
2024-01-24,15715.0,15502.582100690634,15355.704292233875
2024-01-25,15714.5,15504.184291686288,15354.963292004624
2024-01-26,15808.0,15505.717740440148,15354.580024666404
2024-01-29,15767.599609375,15507.29446910191,15353.486766948326
2024-01-30,15828.0,15508.850699141434,15353.49408231568
2024-01-31,15785.0,15510.395636360221,15352.902726017854
2024-02-01,15769.0,15511.941120000118,15355.63634910325
2024-02-02,15726.0,15513.453228603128,15356.108088096948
2024-02-05,15727.2001953125,15514.995150716308,15356.60238002361
2024-02-06,15711.5,15516.512928871656,15356.877901055745
2024-02-07,15733.0,15518.035158819754,15356.026408164702
2024-02-08,15647.0,15519.564355023016,15355.755673568397
2024-02-09,15660.2998046875,15521.069049008629,15355.375420162738
2024-02-12,15598.0,15522.588202987963,15355.237310169989
2024-02-13,15579.5,15524.102217863128,15357.586317046751
2024-02-14,15661.5,15525.60601695396,15363.819158078642
2024-02-15,15553.099609375,15527.11574927678,15365.629689391766
2024-02-16,15672.0,15528.610912891088,15367.517664636756
2024-02-19,15628.599609375,15530.120168311312,15370.311046233048
2024-02-20,15634.0,15531.621888475758,15372.957490941119
2024-02-21,15661.0,15533.104614828753,15378.874530132181
2024-02-22,15642.0,15534.614472041238,15384.002231862138
2024-02-23,15588.0,15536.08694101751,15387.082749829127
2024-02-26,15586.099609375,15537.564183567982,15388.964834813938
2024-02-27,15638.5,15539.035532196664,15391.7342428455
2024-02-28,15653.0,15540.494586969327,15393.696284965132
2024-02-29,15712.2001953125,15541.969385034072,15397.458359688582
2024-03-01,15704.0,15543.433748387171,15398.888757086483
2024-03-04,15691.900390625,15544.905828116896,15399.195691989675
2024-03-05,15766.0,15546.360625023986,15402.65551702092
2024-03-06,15751.5,15547.821506340353,15411.96749933592
2024-03-07,15668.0,15549.294690075705,15419.470803567216
2024-03-08,15621.0,15550.755479343778,15426.601659461947
2024-03-11,15536.2998046875,15552.227969168849,15435.756988304182
2024-03-12,15518.0,15553.70331744991,15447.75110896204
2024-03-13,15546.0,15555.205073969166,15450.315439715743
2024-03-14,15574.0,15556.696094622097,15455.341730522268
2024-03-15,15630.0,15558.188446940127,15464.745462747142
2024-03-18,15639.2998046875,15559.69365901344,15472.464454922263
2024-03-19,15743.0,15561.215476153147,15480.196121328689
2024-03-20,15718.0,15562.760731477443,15484.423591557228
2024-03-21,15687.0,15564.338810480438,15484.366845266195
2024-03-22,15723.5,15565.946175887946,15484.791532327636
2024-03-25,15802.599609375,15567.578306913432,15485.74869069987
2024-03-26,15784.0,15569.245377422765,15487.765654444425
2024-03-27,15828.0,15570.946529135552,15489.763664876555
2024-03-28,15877.0,15572.692963254032,15487.81399355457
2024-03-29,15877.0,15574.467644342702,15488.689750066442
2024-04-01,15848.0,15576.293260201193,15489.324801820258
2024-04-02,15945.7998046875,15578.176388030297,15495.282094030124
2024-04-03,15955.0,15580.118798988893,15505.389873828417
2024-04-04,15936.0,15582.117572285417,15511.710854125038
2024-04-05,15904.5,15584.144624230079,15533.333359317832
2024-04-08,15881.0,15586.231283050634,15545.696108569065
2024-04-09,15918.0,15588.359214976974,15557.29578289374
2024-04-10,15892.2998046875,15590.55649359754,15568.254677463618
2024-04-11,15998.2001953125,15592.828609876471,15583.974827370454
2024-04-12,16007.0,15595.142873576813,15594.332722777088
2024-04-15,16111.0,15597.528648021385,15618.124911399716
2024-04-16,16075.0,15599.99232980136,15642.557867387368
2024-04-17,16312.2001953125,15602.54876716864,15660.990092918553
2024-04-18,16246.0,15605.181214636725,15679.668744034241
2024-04-19,16220.0,15607.88448520022,15697.694181621306
2024-04-22,16210.2998046875,15610.655014264214,15717.8964523148
2024-04-23,16246.0,15613.516326588802,15731.559637511751
2024-04-24,16140.2001953125,15616.455552898287,15742.044093037635
2024-04-25,16220.0,15619.483256559055,15760.684567795392
2024-04-26,16202.0,15622.573994802256,15775.348203478632
2024-04-29,16203.0,15625.744719335231,15788.070165755444
2024-04-30,16246.0,15629.00573552431,15799.225246180866
2024-05-01,16273.0,15632.331682104914,15814.640197741852
2024-05-02,16190.400390625,15635.744082501338,15827.301759434935
2024-05-03,16097.0,15639.212909029307,15836.668835389602
2024-05-06,16077.0,15642.740052005358,15842.387924917024
2024-05-07,16034.0,15646.338679451479,15847.858547165455
2024-05-08,16073.0,15649.995035791015,15852.079428139356
2024-05-09,16074.0,15653.717244516594,15854.365282665392
2024-05-10,16030.0,15657.493158279676,15855.042439224266
2024-05-13,16038.0,15661.319624788443,15855.999993471627
2024-05-14,16121.0,15665.189051753325,15859.681283182787
2024-05-15,16102.0,15669.099452679644,15860.579859029549
2024-05-16,15914.0,15673.056152549616,15857.57783096296
2024-05-17,15930.7998046875,15677.03983646068,15854.385665669659
2024-05-20,15958.0,15681.05156204837,15848.723552115183
2024-05-21,16031.0,15685.088114798717,15843.894211891544
2024-05-22,16005.0,15689.139955584094,15837.799999607972
2024-05-23,16040.7001953125,15693.215473508897,15834.36698200323
2024-05-24,16095.0,15697.293061880131,15831.243533374769
2024-05-27,16038.0,15701.368959141199,15824.62115958461
2024-05-28,16071.0,15705.446526990027,15819.029418351827
2024-05-29,16117.0,15709.511415110353,15816.763487205668
2024-05-30,16232.099609375,15713.5736643085,15819.113120554943
2024-05-31,16228.0,15717.618665578279,15820.502586239858
2024-06-03,16243.0,15721.638991296697,15815.018847183854
2024-06-04,16203.0,15725.639810018025,15813.151836359137
2024-06-05,16276.0,15729.607579749894,15810.732307587452
2024-06-06,16315.0,15733.55375227427,15805.76975565736
2024-06-07,16241.7001953125,15737.461587323669,15801.463603123302
2024-06-10,16270.0,15741.330918692664,15794.586092688352
2024-06-11,16312.0,15745.1618776225,15790.630108242807
2024-06-12,16305.400390625,15748.947176922316,15786.672155826782
2024-06-13,16230.0,15752.691801821156,15779.653065124166
2024-06-14,16286.0,15756.383805689824,15773.467049261717
2024-06-17,16479.900390625,15760.02392001712,15768.707002197682
2024-06-18,16479.0,15763.613374994131,15763.855911338638
2024-06-19,16379.0,15767.143057151043,15757.115197296771
2024-06-20,16380.900390625,15770.616904459032,15752.22612474871
2024-06-21,16491.900390625,15774.029720079985,15751.316908457768
2024-06-24,16443.0,15777.380455503562,15747.774271238322
2024-06-25,16394.099609375,15780.670370849677,15746.055062378415
2024-06-26,16401.0,15783.892873361008,15742.330093858238
2024-06-27,16434.0,15787.054339587074,15738.532642073014
2024-06-28,16374.400390625,15790.149711047488,15733.884694810362
2024-07-01,16343.0,15793.17872021084,15729.52214799525
2024-07-02,16390.0,15796.144234736645,15725.298583054024
2024-07-03,16391.0,15799.03733635097,15719.876346561397
2024-07-04,16340.0,15801.867027422008,15714.357655434476
2024-07-05,16328.5,15804.629500914356,15709.839263923544
2024-07-08,16245.0,15807.323411643547,15706.205670099731
2024-07-09,16277.2001953125,15809.953713222523,15702.240204988015
2024-07-10,16277.0,15812.512777446009,15698.485511105268
2024-07-11,16198.0,15815.007736912414,15695.893971331045
2024-07-12,16104.0,15817.436380510155,15694.772193237788
2024-07-15,16108.0,15819.797747579481,15691.28358252426
2024-07-16,16195.0,15822.094709778889,15691.178850390626
2024-07-17,16173.0,15824.324354789022,15690.486780430314
2024-07-18,16138.0,15826.491735261381,15694.97143149955
2024-07-19,16185.0,15828.595451244828,15703.799642857432
2024-07-22,16206.0,15830.635675258667,15712.362414477615
2024-07-23,16220.2001953125,15832.615192932959,15715.559119139856
2024-07-24,16222.0,15834.532039924601,15719.963332488103
2024-07-25,16246.0,15836.390420721531,15735.836299126328
2024-07-26,16337.7998046875,15838.190146574381,15747.869122968375
2024-07-29,16283.0,15839.93139902903,15754.083693176322
2024-07-30,16301.7001953125,15841.61803206292,15763.248916094833
2024-07-31,16328.5,15843.247405976465,15774.880059007397
2024-08-01,16255.0,15844.824042861721,15782.270254426468
2024-08-02,16281.0,15846.347606752177,15797.420424956932
2024-08-05,16012.0,15847.851469813439,15819.315834094632
2024-08-06,16208.0,15849.349694167584,15853.51889344602
2024-08-07,16152.2998046875,15850.83361708042,15862.672644235741
2024-08-08,16023.0,15852.30800709544,15883.322330969771
2024-08-09,15979.0,15853.77280202086,15895.402396277179
2024-08-12,15918.0,15855.230868582148,15906.580720980015
2024-08-13,15949.099609375,15856.685810958525,15919.770113655957
2024-08-14,15749.0,15858.13460103751,15926.857504361686
2024-08-15,15619.5,15859.580456804288,15935.622242671468
2024-08-16,15755.0,15861.024031225006,15942.744446656327
2024-08-19,15683.0,15862.467870723329,15949.405521035376
2024-08-20,15523.0,15863.91464657669,15957.114349364716
2024-08-21,15442.0,15865.362200752264,15963.864087972877
2024-08-22,15484.0,15866.810930585301,15971.510055344002
2024-08-23,15728.5,15868.260662595823,15979.836326268723
2024-08-26,15377.2001953125,15869.715127292991,15986.486208603299
2024-08-27,15462.599609375,15871.176199920428,15995.652895627545
2024-08-28,15467.099609375,15872.642179329783,15999.573004152664
2024-08-29,15440.0,15874.11467114787,16008.976824949821
2024-08-30,15444.7998046875,15875.594358530408,16014.617268223217
2024-09-02,15525.0,15877.083358326658,16020.473612125385
2024-09-03,15520.099609375,15878.582976896983,16032.15121729318
2024-09-04,15532.900390625,15880.091067908532,16047.151142134433
2024-09-05,15444.400390625,15881.60913579755,16061.989207599096
2024-09-06,15417.0,15883.135512941644,16073.351182180091
2024-09-09,15405.0,15884.670272674755,16088.025628738409
2024-09-10,15456.7998046875,15886.215351104722,16099.466351044584
2024-09-11,15489.0,15887.769059020471,16109.438280506862
2024-09-12,15437.0,15889.332258303291,16118.28750168693
2024-09-13,15418.7001953125,15890.90301165615,16125.610442452733
2024-09-16,15393.0,15892.481423184236,16131.662619296947
2024-09-17,15385.0,15894.069048675081,16140.410940698932
2024-09-18,15345.0,15895.664464901372,16147.917137054916
2024-09-19,15300.2001953125,15897.267993785714,16155.382892446974
2024-09-20,15197.599609375,15898.879268036648,16158.301768346797
2024-09-23,15154.0,15900.498321580695,16161.953407168132
2024-09-24,15174.099609375,15902.12758297737,16166.069906882823
2024-09-25,15121.099609375,15903.766233142967,16169.62413565637
2024-09-26,15201.5,15905.414054647748,16172.51790395778
2024-09-27,15070.0,15907.070671634081,16174.478661048754
2024-09-30,15118.0,15908.735897062128,16178.656711961556
2024-10-01,15170.599609375,15910.410625602612,16182.489674351575
2024-10-02,15260.599609375,15912.094167436764,16191.902352911868
2024-10-03,15324.0,15913.78647712968,16198.47596226768
2024-10-04,15457.0,15915.48696396584,16206.910264664195
2024-10-07,15650.0,15917.19547589796,16212.202896069353
2024-10-08,15744.0,15918.911607744838,16222.823222033065
2024-10-09,15682.400390625,15920.672407543425,16229.048728971427
2024-10-10,15664.599609375,15922.47970640893,16235.685059785754
2024-10-11,15670.900390625,15924.333695877694,16242.223731161814
2024-10-14,15562.0,15926.236906143582,16247.420340741628
2024-10-15,15573.0,15928.192491190966,16252.554708208865
2024-10-16,15578.599609375,15930.205447760736,16259.264352411421
2024-10-17,15583.900390625,15932.277571151644,16263.291283394487
2024-10-18,15493.0,15934.411326380785,16267.31332230685
2024-10-21,15467.0,15936.608914441924,16269.224524154335
2024-10-22,15556.0,15938.873192769133,16272.722318921165
2024-10-23,15586.0,15941.208799589564,16276.018770602579
2024-10-24,15663.0,15943.617154011326,16281.169984657687
2024-10-25,15621.5,15946.100595943777,16285.058341041817
2024-10-28,15688.099609375,15948.657761930983,16290.14640700012
2024-10-29,15747.0,15951.289642125557,16294.681574716738
2024-10-30,15768.0,15954.00141270671,16298.832680303853
2024-10-31,15695.5,15956.792806729552,16304.72613001879
2024-11-01,15713.0,15959.664757935494,16314.635404738212
2024-11-04,15842.0,15962.616914373024,16321.090958331803
2024-11-05,15790.0,15965.649616908722,16328.58872964763
2024-11-06,15665.0,15968.765353560451,16333.296354051829
2024-11-07,15818.2001953125,15971.962092387592,16330.952889698396
2024-11-08,15558.0,15975.238848206996,16328.660245627758
2024-11-11,15647.2001953125,15978.59347930829,16325.341557924914
2024-11-12,15765.0,15982.022241629427,16322.25024743436
2024-11-13,15788.900390625,15985.52409788264,16318.639270188683
2024-11-14,15847.2001953125,15989.09572131925,16313.319275379125
2024-11-15,15933.2998046875,15992.73417549031,16309.46520503249
2024-11-18,15891.2998046875,15996.435118130268,16308.360922905269
2024-11-19,15806.099609375,16000.192637869603,16305.553792664015
2024-11-20,15817.099609375,16004.003949809592,16303.738231919986
2024-11-21,15913.0,16007.86391867564,16302.95301861161
2024-11-22,15816.900390625,16011.768063987538,16301.771018982816
2024-11-25,15940.0,16015.710791030997,16297.79641895039
2024-11-26,15901.2001953125,16019.686769396092,16293.565746192977
2024-11-27,15930.0,16023.69182581709,16288.74665800658
2024-11-28,15863.5,16027.72201420849,16283.695619003045
2024-11-29,15878.0,16031.772460127435,16279.333138582919
2024-12-02,15829.0,16035.837884416065,16273.290213262717
2024-12-03,15910.0,16039.912929297341,16267.566835196365
2024-12-04,15940.0,16043.993648850992,16261.469285638854
2024-12-05,15906.599609375,16048.075211968673,16254.692209624889
2024-12-06,15839.7998046875,16052.153645636694,16248.611103413692
2024-12-09,15825.7998046875,16056.224337857884,16241.102705989357
2024-12-10,15864.0,16060.282483930885,16235.530398024412
2024-12-11,15908.0,16064.324845582116,16229.859707597267
2024-12-12,15963.0,16068.345982871779,16222.148400021913
2024-12-13,15967.400390625,16072.341465314934,16216.829517781036
2024-12-16,16025.7998046875,16076.307840756364,16210.611074031656
2024-12-17,15955.0,16080.240834560265,16207.107907950258
2024-12-18,15926.2001953125,16084.137557719152,16206.546591710588
2024-12-19,16145.2998046875,16087.994556487845,16231.739218467577
2024-12-20,15981.2998046875,16091.808746053197,16237.47680893524
2024-12-23,16159.2998046875,16095.577341476388,16237.319259839318
2024-12-24,16217.599609375,16099.297283034657,16237.13733765745
2024-12-25,15970.7998046875,16102.966563524655,16232.036459091543
2024-12-26,15069.400390625,16106.582774366974,16230.293031170646
2024-12-27,16189.0,16110.143976354502,16227.348350444132
2024-12-30,16178.0,16113.648419707379,16226.829190941953
2024-12-31,16085.599609375,16117.094297771833,16229.473455675283
2025-01-02,16230.5,16120.47986785697,16230.686512344268
2025-01-03,16201.099609375,16123.80361128231,16235.511015683272
2025-01-06,16178.7998046875,16127.064400260424,16234.181263806384
2025-01-07,16179.099609375,16130.26126191632,16233.24330487875
2025-01-08,16157.7001953125,16133.392981008423,16235.940261418207
2025-01-09,16187.599609375,16136.458799879692,16237.496274818594
2025-01-10,16237.0,16139.457833060385,16243.16885894881
2025-01-13,16268.0,16142.389561088417,16250.718902688986
2025-01-14,16295.2001953125,16145.25369773268,16256.894894307208
2025-01-15,16320.0,16148.049659873794,16263.02721967189
2025-01-16,16360.7998046875,16150.77752367598,16262.369242050188
2025-01-17,16368.7998046875,16153.437123626336,16267.077555503016
2025-01-20,16367.099609375,16156.028542489426,16267.243903959188
2025-01-21,16245.0,16158.552094868248,16267.991098586142
2025-01-22,16330.7998046875,16161.007846280156,16266.564878562272
2025-01-23,16232.7998046875,16163.39632930393,16263.516339811616
2025-01-24,16230.900390625,16165.717971119517,16263.356842034917
2025-01-27,16164.900390625,16167.973268280257,16261.3842462484
2025-01-28,16155.599609375,16170.162989250213,16267.218002745809
2025-01-29,15881.2001953125,16172.287653841078,16267.178799810783
2025-01-30,16238.0,16174.348067855008,16266.587128481991
2025-01-31,16274.5,16176.345015083445,16267.248956516252
2025-02-03,16341.2998046875,16178.279222744035,16268.580961498312
2025-02-04,16320.0,16180.151645532178,16275.726075905837
2025-02-05,16299.099609375,16181.963195209602,16277.243527520788
2025-02-06,16298.099609375,16183.7149167727,16276.06590836006
2025-02-07,16327.0,16185.407806045347,16277.209307715775
2025-02-10,16314.7001953125,16187.04290488458,16281.355860714868
2025-02-11,16330.099609375,16188.621399318046,16282.377811406877
2025-02-12,16343.2998046875,16190.14440606729,16283.474577341787
2025-02-13,16375.0,16191.624630942564,16283.395461560724
2025-02-14,16219.0,16193.104856084914,16281.901717369925
2025-02-17,16173.0,16194.57029986521,16280.525360198668
2025-02-18,16220.0,16196.024939751946,16280.245844685865
2025-02-19,16317.0,16197.469488026296,16280.514028260077
2025-02-20,16346.400390625,16198.906061281772,16279.421038718603
2025-02-21,16245.099609375,16200.338990261265,16279.844825109543
2025-02-24,16278.0,16201.766549968725,16286.3230619739
2025-02-25,16279.2998046875,16203.190803951962,16293.266809285586
2025-02-26,16314.0,16204.612443435288,16301.394163487506
2025-02-27,16367.400390625,16206.033375497134,16307.39693758606
2025-02-28,16553.69921875,16207.457388906932,16320.432158945317
2025-03-03,16522.0,16208.882927676344,16327.288313694393
2025-03-04,16451.19921875,16210.311160548084,16345.199418973618
2025-03-05,16379.0,16211.739771231874,16361.105202057688
2025-03-06,16268.900390625,16213.171324151908,16373.496367587255
2025-03-07,16322.099609375,16214.61085193901,16394.826171169265
2025-03-10,16292.599609375,16216.05568326211,16409.39923146909
2025-03-11,16324.0,16217.507862147526,16437.146333704273
2025-03-12,16433.900390625,16218.967271123074,16457.456230931344
2025-03-13,16305.599609375,16220.435752504005,16474.482795024778
2025-03-14,16259.2998046875,16221.916501703367,16494.380495411984
2025-03-17,16321.0,16223.406940046574,16507.468095456865
2025-03-18,16370.0,16224.908533411173,16522.850276717316
2025-03-19,16514.5,16226.420089629211,16539.255314537237
2025-03-20,16330.2998046875,16227.940433211446,16550.77248315317
2025-03-21,16428.5,16229.472304331954,16564.830299212554
2025-03-24,16519.0,16231.014201192611,16575.735232035964
2025-03-25,16575.80078125,16232.56703923997,16586.10318354809
2025-03-26,16621.0,16234.129272453456,16595.466598392493
2025-03-27,16629.0,16235.699417046606,16606.100360107783
2025-03-28,16560.900390625,16237.280210306146,16617.38492837589
2025-03-31,16575.0,16238.869816809784,16631.868787154253
2025-04-01,16652.0,16240.469047170065,16647.865635296905
2025-04-02,16731.400390625,16242.076928834947,16660.515509870056
2025-04-03,16739.0,16243.693554258612,16672.523915645324
2025-04-04,16739.80078125,16245.320726356049,16700.158723838696
2025-04-07,16738.0,16246.958989994866,16731.256562812054
2025-04-08,16855.69921875,16248.607842693558,16756.750293637062
2025-04-09,17051.900390625,16250.266839593445,16784.742827215086
2025-04-10,16805.5,16251.935510775762,16793.671238966206
2025-04-11,16833.80078125,16253.615012031318,16820.24934904055
2025-04-14,16788.0,16255.304513264122,16834.106644130778
2025-04-15,16780.0,16257.004446711859,16847.44032884648
2025-04-16,16813.5,16258.713941630778,16861.167594977294
2025-04-17,16794.599609375,16260.432478031513,16874.011499818313
2025-04-21,16794.599609375,16262.16067571127,16887.768885089168
2025-04-22,16814.900390625,16263.916735481127,16903.223348688196
2025-04-23,16858.099609375,16265.728320129012,16914.437257959977
2025-04-24,16846.0,16267.588493931462,16925.0826656916
2025-04-25,16778.5,16269.500597799484,16931.46809829541
2025-04-28,16823.0,16271.468152991103,16941.44083283058
2025-04-29,16795.0,16273.494931264324,16950.448482137166
2025-04-30,16711.900390625,16275.585666413928,16957.95577133393
2025-05-01,16545.900390625,16277.741684807163,16966.444977071154
2025-05-02,16606.0,16279.965735306376,16971.56197236312
2025-05-05,16460.0,16282.261043201102,16979.02437753547
2025-05-06,16421.5,16284.631155068611,16985.152050579418
2025-05-07,16432.0,16287.080253056925,16991.455081087566
2025-05-08,16492.599609375,16289.609468448023,16996.34719434124
2025-05-09,16538.30078125,16292.219671492858,16997.141653868206
2025-05-12,16543.0,16294.910240431871,17000.20343604888
2025-05-13,16688.80078125,16297.684770995606,16998.35033027045
2025-05-14,16599.400390625,16300.546682795608,16996.998505486452
2025-05-15,16558.19921875,16303.49508051964,16996.629844535404
2025-05-16,16511.80078125,16306.53056088628,16991.495092514284
2025-05-19,16487.0,16309.65301576009,16988.84031021116
2025-05-20,16428.0,16312.863664691642,16986.00974446039
2025-05-21,16403.0,16316.163170007894,16982.897157945437
2025-05-22,16347.599609375,16319.548777663293,16981.148079830164
2025-05-23,16356.900390625,16323.018868552155,16976.239802983706
2025-05-26,16211.0,16326.570108627982,16976.58422488366
2025-05-27,16243.5,16330.199096546261,16975.34435887929
2025-05-28,16279.0,16333.904041747091,16971.39041966871
2025-05-29,16286.0,16337.680672011998,16969.53639596294
2025-05-30,16293.0,16341.524903189664,16965.751918426657
2025-06-02,16322.0,16345.430931831273,16962.0737935655
2025-06-03,16288.5,16349.393342071313,16958.587582573313
2025-06-04,16332.400390625,16353.408408900521,16953.298707695994
2025-06-05,16291.5,16357.470120102698,16949.30742709804
2025-06-06,16246.400390625,16361.572955197911,16944.487323958263
2025-06-09,16309.0,16365.710804742146,16939.031953017926
2025-06-10,16278.7998046875,16369.878278706894,16933.40269326507
2025-06-11,16247.7998046875,16374.071148334411,16926.75986488122
2025-06-12,15778.0,16378.284531138996,16921.446944662024
2025-06-13,16164.5,16382.512579293969,16915.420672557953
2025-06-16,16282.599609375,16386.74965396766,16914.15338950026
2025-06-17,15801.0,16390.990520376716,16909.25657483438
2025-06-18,16275.0,16395.230789111243,16907.364047904382
2025-06-19,15598.5,16399.46551650524,16904.646860111676
2025-06-20,16390.0,16403.69020115766,16901.279630017332
2025-06-23,16431.0,16407.899810963565,16899.67025068465
2025-06-24,16370.0,16412.089960730897,16896.035576764298
2025-06-25,16290.0,16416.25640861665,16890.035315655376
2025-06-26,16290.0,16420.393529066405,16885.306920991432
2025-06-27,16222.7998046875,16424.49736514678,16879.428693950846
2025-06-30,16229.0,16428.564105002253,16873.855271071232
2025-07-01,16230.0,16432.589686307667,16868.438099890656
2025-07-02,16236.400390625,16436.57117204013,16862.55278428998
2025-07-03,16235.0,16440.505004331408,16857.03407629028
2025-07-04,16203.7001953125,16444.388253973677,16851.091009948
2025-07-07,16178.0,16448.21814177486,16845.548042785205
2025-07-08,16318.900390625,16451.9919756588,16841.71608566156
2025-07-09,16261.0,16455.70781319494,16836.320686841133
2025-07-10,16235.0,16459.36339908358,16830.831815046662
2025-07-11,16209.099609375,16462.956966483413,16825.49956268634
2025-07-14,16222.0,16466.486881606557,16821.794726863012
2025-07-15,16256.2001953125,16469.951331200686,16818.63402870435
2025-07-16,16252.099609375,16473.348769314343,16815.372239252138
2025-07-17,16271.2001953125,16476.67801214449,16811.72971181425
2025-07-18,16329.7001953125,16479.93808469206,16807.454081975313
2025-07-21,16321.0,16483.128067622816,16804.124119012948
2025-07-22,16329.5,16486.246946920415,16800.897428009303
2025-07-23,16245.2998046875,16489.29408939693,16797.219567297747
2025-07-24,16266.099609375,16492.268869052677,16792.794732288858
2025-07-25,16307.0,16495.17101164102,16788.317338169505
2025-07-28,16353.0,16498.000262329453,16784.240260808063
2025-07-29,16398.80078125,16500.7563627666,16780.46906225877
2025-07-30,16367.900390625,16503.439528420455,16777.216346686128
2025-07-31,16426.80078125,16506.049785835206,16773.512703787626
2025-08-01,16483.0,16508.587472368956,16771.17281493597
2025-08-04,16483.0,16511.052982535828,16772.322517409175
2025-08-05,16362.0,16513.446642052648,16770.111631992848
2025-08-06,16377.5,16515.769168183404,16769.10784963782
2025-08-07,16334.7001953125,16518.02112459701,16767.08132336811
2025-08-08,16300.0,16520.203248946247,16765.426819251607
2025-08-11,16249.0,16522.316401093398,16763.10379693997
2025-08-12,16298.0,16524.36127200359,16765.42346953872
2025-08-13,16248.2001953125,16526.33884684468,16763.915456653023
2025-08-14,16109.0,16528.24999269941,16763.398776219816
2025-08-15,16169.0,16530.095616833587,16763.24790737045
2025-08-18,16196.0,16531.876838456854,16762.50673364333
2025-08-19,16205.400390625,16533.59470164075,16761.219312316964
2025-08-20,16275.2001953125,16535.25035225767,16760.452936626436
2025-08-21,16263.599609375,16536.844911402903,16758.083198794662
2025-08-22,16339.7001953125,16538.379563736722,16757.88638166774
2025-08-25,16227.0,16539.859190814455,16752.219773207304
2025-08-26,16267.0,16541.341416985706,16749.926005694226
2025-08-27,16299.2001953125,16542.806367355966,16745.82392856874
2025-08-28,16314.0,16544.258940579057,16742.91911863145
2025-08-29,16344.2998046875,16545.699971132468,16738.458423459087
2025-09-01,16409.0,16547.130990342957,16737.122421512482
2025-09-02,16405.19921875,16548.558087642225,16735.01677220397
2025-09-03,16443.900390625,16549.978605545803,16737.48085284009
2025-09-04,16463.0,16551.394954979176,16736.14798012973
2025-09-05,16452.099609375,16552.807905917092,16732.846855310763
2025-09-08,16392.0,16554.218889787182,16730.222146268567
2025-09-09,16446.099609375,16555.633224573434,16727.849657774426
2025-09-10,16449.900390625,16557.048503121157,16724.985301061886
2025-09-11,16439.0,16558.466792593295,16723.045752288923
2025-09-12,16413.599609375,16559.88484952337,16718.38907439081
2025-09-15,16401.0,16561.30468990078,16714.418364771394
2025-09-16,16364.599609375,16562.733439898868,16714.183665926357
2025-09-17,16398.099609375,16564.167092719465,16715.21955197715
2025-09-18,16418.599609375,16565.608437053685,16712.599483727823
2025-09-19,16569.099609375,16567.057068107413,16710.924119084542
2025-09-22,16637.0,16568.514482284165,16708.010525189286
2025-09-23,16582.0,16569.985475688987,16708.801225365252
2025-09-24,16633.0,16571.466293879697,16710.83612225943
2025-09-25,16695.099609375,16572.95906038843,16710.205312217386
2025-09-26,16759.099609375,16574.46268738966,16712.835044592925
2025-09-29,16723.0,16575.97495448698,16709.207621044072
2025-09-30,16628.0,16577.49986667819,16711.59896297818
2025-10-01,16683.0,16579.03516806071,16713.5895606865
2025-10-02,16644.099609375,16580.582315729258,16714.893261837708
2025-10-03,16601.5,16582.13984951465,16717.943206384658
2025-10-06,16558.0,16583.705114116725,16719.668893203623
2025-10-07,16596.5,16585.282192796574,16721.622441328374
2025-10-08,16587.0,16586.86841807434,16727.850298362013
2025-10-09,16556.0,16588.46509845907,16728.27071452025
2025-10-10,16577.69921875,16590.071009154864,16731.241101262025
2025-10-13,16598.0,16591.685921640943,16754.605514379193
2025-10-14,16548.0,16593.312011441205,16757.676477996345
2025-10-15,16585.900390625,16594.950047687715,16775.81306953466
2025-10-16,16575.0,16596.59947486089,16785.806717152576
2025-10-17,16561.900390625,16598.25987101757,16812.611392600495
2025-10-20,16566.0,16599.930349741127,16817.902465476433
2025-10-21,16542.0,16601.612672510295,16823.499189091013
2025-10-22,16598.900390625,16603.305580650245,16831.481378774595
2025-10-23,16596.599609375,16605.009853271386,16840.305823224142
2025-10-24,16593.80078125,16606.72451226859,16846.274422298502
2025-10-27,16597.80078125,16608.448621638272,16848.1570549909
2025-10-28,16158.2001953125,16610.183691427126,16848.84697776073
2025-10-29,16561.779296875,16611.926155936555,16854.863226362428
2025-10-30,16562.0,16613.688214738067,16858.46026800329
2025-10-31,16150.0,16615.51325220796,16865.485543752664
2025-11-03,16630.0,16617.388066993768,16872.70550320774
2025-11-04,16640.900390625,16619.319345183885,16877.58836824285
2025-11-05,16707.0,16621.308723941736,16892.401127482044
2025-11-06,16669.0,16623.36036068311,16899.592660445414
2025-11-07,16694.099609375,16625.4807827364,16917.61415291524
2025-11-10,16653.0,16627.669632080015,16929.426781623748
2025-11-11,16690.0,16629.931761015676,16936.109488842958
2025-11-12,16694.900390625,16632.26894583523,16947.041909611482
2025-11-13,16729.0,16634.685086967755,16956.59439639949
2025-11-14,16719.0,16637.185873890845,16975.81594757737
2025-11-17,16679.5,16639.771090936087,16989.450287882257
2025-11-18,16738.900390625,16642.442855824662,17010.122036394605
2025-11-19,16727.69921875,16645.19955060144,17035.433446862095
2025-11-20,16686.69921875,16648.04423424619,17051.935905610855
2025-11-21,16731.0,16650.98244005902,17079.968330122825
2025-11-24,16639.0,16654.011254776153,17094.936317145486
2025-11-25,16645.0,16657.132514497887,17106.899955546363
2025-11-26,16633.5,16660.34508457957,17117.693166846104
2025-11-27,16614.69921875,16663.649954925688,17122.961586919166
2025-11-28,16603.900390625,16667.049295607485,17134.66917309942
2025-12-01,16635.0,16670.53827384589,17140.11023809753
2025-12-02,16609.0,16674.116590766112,17149.949398258286
2025-12-03,16609.900390625,16677.779915060695,17156.789567979646
2025-12-04,16594.0,16681.523767506253,17161.140354047107
2025-12-05,16654.400390625,16685.347224842295,17167.94856579928
2025-12-08,16683.0,16689.244341819896,17171.019652914776
2025-12-09,16686.0,16693.21188183898,17176.91885851284
2025-12-10,16662.0,16697.24321105275,17183.32941125545
2025-12-11,16639.0,16701.331367889623,17184.006628104842
2025-12-12,16649.0,16705.47374185538,17186.950461706765
2025-12-15,16623.099609375,16709.662521868784,17190.375799787053
2025-12-16,16645.80078125,16713.89279347545,17194.286840925914
2025-12-17,16644.599609375,16718.157521927325,17197.87942324653
2025-12-18,16657.0,16722.450452988876,17202.177481369603
2025-12-19,16685.19921875,16726.76769781666,17205.540065270125
2025-12-22,16678.5,16731.10399176076,17201.51387804722
2025-12-23,16756.400390625,16735.453404986023,17196.97406012124
2025-12-24,16735.0,16739.80990305927,17193.482927603425
2025-12-26,16753.099609375,16744.167563429713,17186.40496496567
2025-12-29,16741.099609375,16748.522564755065,17181.605060142465
2025-12-30,16770.0,16752.86913991486,17176.88087262948
2025-12-31,16709.0,16757.203158207434,17173.004074168643
2026-01-02,16668.0,16761.5191625859,17171.49332649344
2026-01-05,16683.0,16765.812227952323,17166.113031048233
2026-01-06,16727.19921875,16770.07908938959,17163.645678471214
2026-01-07,16742.0,16774.31281531584,17159.19969034161
2026-01-08,16753.0,16778.50962974301,17157.380456614417
2026-01-09,16805.69921875,16782.665637002287,17156.045082034514
2026-01-12,16826.69921875,16786.776189591576,17150.770456744114
2026-01-13,16859.400390625,16790.83892153489,17148.697566373346
2026-01-14,16840.80078125,16794.849653037436,17147.86744227743
2026-01-15,16845.099609375,16798.805726793635,17148.44155333347
2026-01-16,16878.900390625,16802.704386912555,17146.965364164444
2026-01-19,16876.599609375,16806.542546117656,17144.691968727406
2026-01-20,16939.0,16810.318860851043,17143.221119215308
2026-01-21,16960.099609375,16814.030598472666,17152.893536431948
2026-01-22,16897.0,16817.676227990396,17149.9400948893
2026-01-23,16820.0,16821.254249989983,17147.041248883088
2026-01-26,16770.0,16824.76268391379,17144.762449178703
2026-01-27,16734.0,16828.2001749753,17143.41258829916
2026-01-28,16674.69921875,16831.565333757568,17142.911628082842
2026-01-29,16722.80078125,16834.857355121905,17141.54175029648
2026-01-30,16778.30078125,16838.07547106194,17142.68228990765
2026-02-02,16758.400390625,16841.218448188032,17144.22566434302
2026-02-03,16758.400390625,16844.285956315358,17143.098373515844
2026-02-04,16759.0,16847.277147775476,17148.7161631491
2026-02-05,16800.0,16850.191918110144,17153.419778666816
2026-02-06,16879.900390625,16853.030173235515,17166.792069998515
2026-02-09,16843.5,16855.791413219584,17170.800390272667
2026-02-10,16796.0,16858.476261933753,17170.849808742776
2026-02-11,16778.0,16861.084564739664,17176.380057576833
2026-02-12,16793.900390625,16863.61686909297,17178.166177394345
2026-02-13,16809.0,16866.073712382433,17190.78244149131
2026-02-16,16826.099609375,16868.455266687943,17197.39163093162
2026-02-17,16806.599609375,16870.762606765908,17205.003468776962
2026-02-18,16840.0,16872.996203864335,17213.8559439666
2026-02-19,16915.30078125,16875.156924620682,17218.92488196595
2026-02-20,16887.19921875,16877.24582715268,17229.465802498067
2026-02-23,16843.400390625,16879.26346724698,17233.716158988198
2026-02-24,16804.30078125,16881.211110743025,17244.23814335148
2026-02-25,16816.80078125,16883.089604494464,17250.32257525385
2026-02-26,16749.80078125,16884.89988056981,17252.93084930681
2026-02-27,16749.0,16886.643224464235,17262.70457947215
2026-03-02,16795.0,16888.32061036269,17271.33669154619
2026-03-03,16863.0,16889.933394388383,17282.99855804323
2026-03-04,16898.099609375,16891.48266660591,17299.73862807652
2026-03-05,16865.0,16892.969663501088,17306.77448390175
2026-03-06,16913.099609375,16894.45092153495,17326.505733084883
2026-03-09,16923.69921875,16895.916388913476,17350.155638814114
2026-03-10,16886.0,16897.367685728732,17363.107149151685
2026-03-11,16852.0,16898.80617038734,17380.377296753188
2026-03-12,16884.0,16900.233035971996,17393.57524351083
2026-03-13,16908.0,16901.65483228179,17417.203324176542
2026-03-16,16952.099609375,16903.069564311118,17435.508175567076
2026-03-17,16953.099609375,16904.479350599846,17448.908004210898
2026-03-18,16971.30078125,16905.885081968405,17463.385631247314
2026-03-19,17041.69921875,16907.28790874606,17479.855690420798
2026-03-20,16915.900390625,16908.69354616407,17497.242989355
2026-03-23,16959.30078125,16910.10016458084,17517.989555275097
2026-03-24,16865.099609375,16911.509768977012,17535.02414143838
2026-03-25,16797.30078125,16912.919378164737,17555.004341452444
2026-03-26,16749.599609375,16914.329916945408,17568.008314103274
2026-03-27,16925.0,16915.749035695928,17591.46768465462
2026-03-30,16958.0,16917.1736131731,17616.243216238054
2026-03-31,16975.400390625,16918.605832233414,17636.857966611315
2026-04-01,16936.400390625,16920.04567922723,17651.72948544335
2026-04-02,16924.099609375,16921.494190805115,17665.572965492425
2026-04-03,16959.0,16922.95661166369,17682.631088216116
2026-04-06,16988.0,16924.429794405998,17698.18403059708
2026-04-07,17015.30078125,16925.91535975981,17711.389911880276
2026-04-08,17027.400390625,16927.412717648407,17728.31179270543
2026-04-09,17005.5,16928.91928482691,17733.866157834535
2026-04-10,17059.0,16930.438862775096,17741.803630204355
2026-04-13,17083.0,16931.96967200449,17749.261131648975
2026-04-14,17079.19921875,16933.51296666037,17754.073048733753
2026-04-15,17129.0,16935.067693382927,17759.15323903563
2026-04-16,17146.099609375,16936.630780486335,17759.719747476065
2026-04-17,17123.0,16938.206054736263,17762.542716461885
2026-04-20,17133.0,16939.791334633865,17765.07100825761
2026-04-21,17123.80078125,16941.387676483748,17767.98279426762
2026-04-22,17133.099609375,16942.99406588492,17771.769406035128
2026-04-23,17199.5,16944.60991884118,17771.231575725044
2026-04-24,17329.0,16946.23739096513,17773.80769811747
2026-04-27,17246.0,16947.877441819244,17774.75743688228
2026-04-28,17216.0,16949.529797444007,17774.519939762697
2026-04-29,17244.0,16951.19398430757,17774.29732314671
2026-04-30,17334.19921875,16952.868911516416,17772.866232025463
2026-05-01,17311.0,16954.556353887467,17768.679322656102
2026-05-04,17288.5,16956.25522072764,17766.089792492694
2026-05-05,17346.19921875,16957.966195436355,17764.774090515162
2026-05-06,17389.80078125,16959.688491271714,17761.27546977725
2026-05-07,17296.900390625,16961.420895788135,17755.16757267486
2026-05-08,17294.900390625,16963.165056855974,17750.547350061104
2026-05-11,17358.0,16964.917670576724,17745.915432554095
2026-05-12,17413.0,16966.67829638629,17742.83865198608
2026-05-13,17549.0,16968.470112504736,17739.26587380678
2026-05-14,17500.0,16970.324746886046,17734.30235317312
2026-05-15,17530.599609375,16972.234561021593,17728.521682239494
2026-05-18,17586.0,16974.203791156568,17726.103684842175
2026-05-19,17701.0,16976.235402060676,17721.307057879905
2026-05-20,17777.0,16978.334697460665,17718.769419372493
2026-05-21,17658.400390625,16980.50609988921,17715.657269038395
2026-05-22,17692.0,16982.75189415305,17709.71143219818
2026-05-25,17692.0,16985.07511128368,17704.30739625424
2026-05-26,17762.0,16987.478698007122,17698.455372398872
2026-05-27,17699.69921875,16989.96744179111,17693.704291856222
2026-05-28,17804.0,16992.545436165437,17686.87187164142
2026-05-29,17840.0,16995.213411780325,17678.197766342368
