Date,actual,pure_trend,gated_trend
2023-06-01,14984.0,14982.944497505276,14982.944497505276
2023-06-02,14907.0,15001.607823272481,15001.607823272481
2023-06-05,14983.0,14980.557017435298,14997.395296972487
2023-06-06,14849.5,14995.878972727678,14999.361966422952
2023-06-07,14872.0,15026.698877422294,15006.21818848382
2023-06-08,14889.0,15026.867293044406,15007.979107309677
2023-06-09,14836.0,15051.989498547218,15013.175195683982
2023-06-12,14833.0,15040.94805170264,15012.540494412418
2023-06-13,14871.5,15041.300944859722,15009.296502085877
2023-06-14,14869.0,15065.882553206073,15013.884813583116
2023-06-15,14909.0,15062.894809871732,15014.614348882498
2023-06-16,14897.0,15082.12319575923,15018.045340310451
2023-06-19,14928.0,15066.810533186153,15016.328286580869
2023-06-20,15008.0,15074.188281145909,15016.773136712382
2023-06-21,15016.0,15083.111527817673,15018.14020738678
2023-06-22,14943.0,15080.204538183096,15017.91986684847
2023-06-23,14935.0,15084.290223358874,15018.094414986013
2023-06-26,14987.0,15079.507374732731,15018.316264335792
2023-06-27,15039.0,15088.133001222895,15019.443171402861
2023-06-28,14982.5,15095.118125351799,15020.654017187293
2023-06-29,14981.0,15091.047842236521,15020.3641829272
2023-06-30,15064.0,15103.358141534058,15021.933792955795
2023-07-03,14986.0,15113.080458514261,15025.314853874432
2023-07-04,15056.0,15117.812357661496,15026.351547768656
2023-07-05,15010.0,15124.632752652818,15027.337335758477
2023-07-06,15077.0,15126.026298910137,15028.103761664326
2023-07-07,15189.2998046875,15137.286987854379,15035.143112850865
2023-07-10,15128.0,15138.047000585551,15036.108905618179
2023-07-11,15216.0,15138.381990852638,15036.07490251391
2023-07-12,15156.7998046875,15141.298542329376,15036.141063312303
2023-07-13,14928.0,15137.065450699822,15035.7649901056
2023-07-14,14954.0,15152.357314723437,15037.911104029532
2023-07-17,14951.0,15151.944362462782,15039.091124313369
2023-07-18,14982.5,15149.7525671518,15038.855899608312
2023-07-19,14986.0,15155.579250977169,15039.612145495672
2023-07-20,14992.0,15151.19965870973,15039.700942327761
2023-07-21,15051.5,15160.516453729093,15040.658209942414
2023-07-24,15018.0,15161.386768398728,15041.506245607521
2023-07-25,15021.5,15160.975794338436,15041.864478246345
2023-07-26,15032.0,15166.829074085688,15042.57214244745
2023-07-27,15007.0,15169.94817133795,15043.680732313063
2023-07-28,15095.0,15174.522303942957,15044.116692919211
2023-07-31,15088.0,15175.514519619403,15044.588884587232
2023-08-01,15104.0,15176.516763739068,15045.089571283826
2023-08-02,15131.0,15181.102232753126,15045.848725297412
2023-08-03,15220.0,15182.997009331975,15049.835511550726
2023-08-04,15161.0,15186.471054960399,15050.91199713145
2023-08-07,15163.0,15188.664272641407,15054.191305291766
2023-08-08,15232.0,15189.42047606283,15055.56919082826
2023-08-09,15207.2001953125,15192.961966824529,15057.670585742962
2023-08-10,15207.0,15192.645139441582,15060.68329970895
2023-08-11,15259.0,15196.204338187747,15062.72218729031
2023-08-14,15317.0,15197.679023466299,15063.375401745028
2023-08-15,15347.0,15199.73398200907,15064.201895456416
2023-08-16,15311.5,15204.514346215768,15068.279482142436
2023-08-17,15362.0,15203.706530657848,15070.270805505541
2023-08-18,15362.5,15207.531127616454,15073.08554174862
2023-08-21,15278.0,15210.553402558558,15076.73855845617
2023-08-22,15318.900390625,15212.880491256003,15079.336198107783
2023-08-23,15317.0,15217.352454027396,15082.59554678017
2023-08-24,15294.099609375,15217.897535027092,15085.820025158693
2023-08-25,15239.0,15221.725769719564,15088.648112005467
2023-08-28,15288.0,15225.426429618516,15092.603252122699
2023-08-29,15255.5,15227.319078667355,15095.47228913089
2023-08-30,15196.5,15230.65956174032,15096.15363964073
2023-08-31,15216.0,15231.922685587797,15097.049043945131
2023-09-01,15231.0,15235.16219093537,15097.913758123275
2023-09-04,15233.0,15238.636084578045,15098.806907542446
2023-09-05,15227.0,15240.104070262729,15099.614820636354
2023-09-06,15298.0,15242.851587642688,15100.3927518773
2023-09-07,15336.0,15244.817591047431,15101.205088082823
2023-09-08,15342.0,15247.583687291928,15101.97737897659
2023-09-11,15318.0,15250.906675907218,15102.760906460622
2023-09-12,15339.099609375,15252.839381663029,15103.494270746753
2023-09-13,15350.2001953125,15256.269759668874,15104.247307334686
2023-09-14,15353.0,15258.448760420606,15105.014809420514
2023-09-15,15395.0,15261.913451025825,15105.775291873782
2023-09-18,15346.0,15264.740379571489,15106.586926944925
2023-09-19,15377.0,15266.614262384577,15107.3169005087
2023-09-20,15384.5,15270.32371239099,15108.044547912174
2023-09-21,15361.0,15272.496939874642,15111.713758486354
2023-09-22,15400.5,15275.563935542275,15114.474464106615
2023-09-25,15368.0,15278.338935580945,15117.315081447878
2023-09-26,15405.0,15280.349962626227,15120.170996668036
2023-09-27,15493.0,15283.752105237838,15123.270286050585
2023-09-28,15569.0,15285.886948913,15126.952842772333
2023-09-29,15474.0,15288.353212320635,15130.409607965954
2023-10-02,15448.0,15291.218964583077,15134.26917048651
2023-10-03,15516.0,15293.4325638647,15138.335610680455
2023-10-04,15622.0,15296.682725346538,15142.587734546994
2023-10-05,15591.0,15299.156252864928,15147.379554168252
2023-10-06,15631.0,15301.586325162514,15151.820831318202
2023-10-09,15603.0,15304.688153271636,15156.656318000916
2023-10-10,15691.400390625,15307.246588769563,15161.552914974069
2023-10-11,15718.5,15310.495533845504,15166.485238767606
2023-10-12,15693.0,15313.281894985363,15171.964638292251
2023-10-13,15739.0,15316.046245699985,15177.229220614654
2023-10-16,15676.0,15319.254231793224,15182.708697835933
2023-10-17,15675.0,15322.013486297014,15188.371941664465
2023-10-18,15728.2001953125,15325.253810969954,15194.095604066584
2023-10-19,15807.0,15327.941052437889,15199.923960618393
2023-10-20,15856.0,15330.882671414478,15205.610030047033
2023-10-23,15868.0,15334.094352227174,15211.474505774864
2023-10-24,15874.0,15336.788081428065,15217.264176685725
2023-10-25,15868.0,15339.952018289028,15222.965445024804
2023-10-26,15877.5,15342.704265137289,15228.834341936215
2023-10-27,15920.0,15345.675246944767,15234.577462922682
2023-10-30,15903.5,15348.871234055592,15240.400002994873
2023-10-31,15843.0,15351.63932606241,15246.151016096637
2023-11-01,15748.7001953125,15354.879440948336,15251.722605288884
2023-11-02,15900.0,15357.908893384825,15257.557578759042
2023-11-03,15838.0,15360.95112044733,15263.24020967117
2023-11-06,15582.099609375,15364.26751330754,15264.381481407923
2023-11-07,15570.0,15367.132146161879,15265.756000596835
2023-11-08,15643.599609375,15370.347650862852,15267.083795968196
2023-11-09,15616.0,15373.516529581135,15268.38666980621
2023-11-10,15713.7001953125,15376.504359376682,15274.641885674358
2023-11-13,15683.0,15379.726646622068,15275.474342468862
2023-11-14,15667.0,15382.61095468608,15276.55923065303
2023-11-15,15281.0,15385.727066589057,15277.618584539705
2023-11-16,15487.7998046875,15388.775157565115,15278.643633369025
2023-11-17,15475.0,15391.676910999777,15279.697211056531
2023-11-20,15399.400390625,15394.715427167182,15280.547307296418
2023-11-21,15382.099609375,15397.54511457967,15281.374080397276
2023-11-22,15501.2998046875,15400.620741540153,15282.164474768297
2023-11-23,15612.7998046875,15403.564167905733,15282.980124879678
2023-11-24,15495.0,15406.407572188184,15283.820214555479
2023-11-27,15560.0,15409.362340033664,15284.447909086062
2023-11-28,15466.5,15412.147620999216,15285.065090574391
2023-11-29,15259.0,15415.10067685282,15285.57810061351
2023-11-30,15407.0,15417.932981710219,15286.093780102989
2023-12-01,15549.2998046875,15420.67021485334,15286.68362992965
2023-12-04,15437.400390625,15423.539315454134,15287.091587860039
2023-12-05,15519.900390625,15426.231066841216,15287.4978532317
2023-12-06,15457.0,15428.995631385571,15287.885824567935
2023-12-07,15480.0,15431.689697883154,15288.273567996224
2023-12-08,15500.0,15434.262602324738,15288.753212472462
2023-12-11,15560.2001953125,15436.96550989891,15289.148265457585
2023-12-12,15647.0,15439.497436001415,15289.551846354181
2023-12-13,15569.0,15442.04737381104,15289.941985570182
2023-12-14,15275.0,15444.570864448764,15290.27077861604
2023-12-15,15468.0,15446.962515231977,15290.706617574413
2023-12-18,15282.7998046875,15449.453640122647,15291.115891285554
2023-12-19,15454.400390625,15451.777343210619,15291.519416876194
2023-12-20,15455.0,15454.133728954235,15291.917729940655
2023-12-21,15518.0,15456.482330281113,15292.262803494075
2023-12-22,15440.0,15458.727883977446,15292.67214255261
2023-12-25,15409.2001953125,15461.024371772397,15293.063590873695
2023-12-26,15460.0,15463.197900319148,15293.411627021256
2023-12-27,15400.0,15465.364447611706,15293.757139587617
2023-12-28,15373.0,15467.513440856039,15294.09888229077
2023-12-29,15425.0,15469.582787591042,15294.449289176204
2024-01-01,15383.099609375,15471.675686607157,15294.839124593313
2024-01-02,15383.0,15473.670965117428,15295.18001772867
2024-01-03,15498.0,15475.696024429077,15295.530328278915
2024-01-04,15555.0,15477.698786114248,15295.87884397267
2024-01-05,15511.0,15479.626788238495,15296.236226389208
2024-01-08,15477.5,15481.56494039346,15296.589244763754
2024-01-09,15495.5,15483.423373462634,15296.977733727688
2024-01-10,15534.5,15485.275041452724,15297.39056751383
2024-01-11,15555.0,15487.135892791279,15297.798667661562
2024-01-12,15556.5,15488.911599064144,15298.215937214802
2024-01-15,15503.2001953125,15490.722040416475,15298.597534043387
2024-01-16,15546.0,15492.471281159806,15298.988559665033
2024-01-17,15625.0,15494.210165389271,15299.41587112222
2024-01-18,15624.0,15495.949765657273,15299.83464868947
2024-01-19,15613.099609375,15497.61138553535,15300.257324968585
2024-01-22,15601.0,15499.294923539475,15300.681265665819
2024-01-23,15655.5,15500.951183434261,15301.10943481294
2024-01-24,15715.0,15502.582100690634,15301.542431127209
2024-01-25,15714.5,15504.184291686288,15301.968193134073
2024-01-26,15808.0,15505.717740440148,15302.392602411192
2024-01-29,15767.599609375,15507.29446910191,15302.834132480659
2024-01-30,15828.0,15508.850699141434,15303.275897362526
2024-01-31,15785.0,15510.395636360221,15303.720662068818
2024-02-01,15769.0,15511.941120000118,15304.164602012814
2024-02-02,15726.0,15513.453228603128,15304.592145996114
2024-02-05,15727.2001953125,15514.995150716308,15305.040201966545
2024-02-06,15711.5,15516.512928871656,15305.486661322402
2024-02-07,15733.0,15518.035158819754,15305.937381072854
2024-02-08,15647.0,15519.564355023016,15306.387337190175
2024-02-09,15660.2998046875,15521.069049008629,15306.836462822821
2024-02-12,15598.0,15522.588202987963,15307.28467139871
2024-02-13,15579.5,15524.102217863128,15307.734003740583
2024-02-14,15661.5,15525.60601695396,15309.98347149805
2024-02-15,15553.099609375,15527.11574927678,15310.308986424856
2024-02-16,15672.0,15528.610912891088,15310.745079600922
2024-02-19,15628.599609375,15530.120168311312,15311.195544208316
2024-02-20,15634.0,15531.621888475758,15311.645200191613
2024-02-21,15661.0,15533.104614828753,15314.036578564062
2024-02-22,15642.0,15534.614472041238,15315.61715726939
2024-02-23,15588.0,15536.08694101751,15315.964940559144
2024-02-26,15586.099609375,15537.564183567982,15316.40326202825
2024-02-27,15638.5,15539.035532196664,15316.850139347029
2024-02-28,15653.0,15540.494586969327,15317.352530251674
2024-02-29,15712.2001953125,15541.969385034072,15317.811775940681
2024-03-01,15704.0,15543.433748387171,15318.278547120159
2024-03-04,15691.900390625,15544.905828116896,15318.767382000198
2024-03-05,15766.0,15546.360625023986,15319.301074837811
2024-03-06,15751.5,15547.821506340353,15319.938759992154
2024-03-07,15668.0,15549.294690075705,15320.562533184146
2024-03-08,15621.0,15550.755479343778,15321.197943829753
2024-03-11,15536.2998046875,15552.227969168849,15321.829726439546
2024-03-12,15518.0,15553.70331744991,15325.068290933801
2024-03-13,15546.0,15555.205073969166,15325.771232143725
2024-03-14,15574.0,15556.696094622097,15326.596590442638
2024-03-15,15630.0,15558.188446940127,15327.443137200855
2024-03-18,15639.2998046875,15559.69365901344,15328.300438439937
2024-03-19,15743.0,15561.215476153147,15329.191740134343
2024-03-20,15718.0,15562.760731477443,15330.08710391975
2024-03-21,15687.0,15564.338810480438,15330.975055666535
2024-03-22,15723.5,15565.946175887946,15331.853979795767
2024-03-25,15802.599609375,15567.578306913432,15332.73443690629
2024-03-26,15784.0,15569.245377422765,15333.612896659835
2024-03-27,15828.0,15570.946529135552,15334.488729090606
2024-03-28,15877.0,15572.692963254032,15335.376783763037
2024-03-29,15877.0,15574.467644342702,15336.228024693168
2024-04-01,15848.0,15576.293260201193,15337.091307568639
2024-04-02,15945.7998046875,15578.176388030297,15337.9936085918
2024-04-03,15955.0,15580.118798988893,15338.860018447207
2024-04-04,15936.0,15582.117572285417,15339.75536150301
2024-04-05,15904.5,15584.144624230079,15344.08621695398
2024-04-08,15881.0,15586.231283050634,15347.976849269371
2024-04-09,15918.0,15588.359214976974,15352.47653242885
2024-04-10,15892.2998046875,15590.55649359754,15353.429278822747
2024-04-11,15998.2001953125,15592.828609876471,15359.301738867944
2024-04-12,16007.0,15595.142873576813,15360.387844344074
2024-04-15,16111.0,15597.528648021385,15366.700409170846
2024-04-16,16075.0,15599.99232980136,15372.423207369191
2024-04-17,16312.2001953125,15602.54876716864,15378.252222621744
2024-04-18,16246.0,15605.181214636725,15384.81533440108
2024-04-19,16220.0,15607.88448520022,15391.361181842627
2024-04-22,16210.2998046875,15610.655014264214,15398.506291687963
2024-04-23,16246.0,15613.516326588802,15405.860799318156
2024-04-24,16140.2001953125,15616.455552898287,15412.878773951643
2024-04-25,16220.0,15619.483256559055,15420.32358845793
2024-04-26,16202.0,15622.573994802256,15427.63435498604
2024-04-29,16203.0,15625.744719335231,15435.623944154237
2024-04-30,16246.0,15629.00573552431,15437.168491903836
2024-05-01,16273.0,15632.331682104914,15446.359181139365
2024-05-02,16190.400390625,15635.744082501338,15453.753549517465
2024-05-03,16097.0,15639.212909029307,15455.182154496617
2024-05-06,16077.0,15642.740052005358,15457.017022554253
2024-05-07,16034.0,15646.338679451479,15458.682536750746
2024-05-08,16073.0,15649.995035791015,15460.350448523603
2024-05-09,16074.0,15653.717244516594,15461.945524218392
2024-05-10,16030.0,15657.493158279676,15463.31123462794
2024-05-13,16038.0,15661.319624788443,15464.704742011576
2024-05-14,16121.0,15665.189051753325,15465.971024718085
2024-05-15,16102.0,15669.099452679644,15467.1955160911
2024-05-16,15914.0,15673.056152549616,15468.36446366742
2024-05-17,15930.7998046875,15677.03983646068,15469.43644460544
2024-05-20,15958.0,15681.05156204837,15470.429675127012
2024-05-21,16031.0,15685.088114798717,15471.261796589586
2024-05-22,16005.0,15689.139955584094,15472.202094477196
2024-05-23,16040.7001953125,15693.215473508897,15473.144181574406
2024-05-24,16095.0,15697.293061880131,15473.868199622626
2024-05-27,16038.0,15701.368959141199,15474.605149048743
2024-05-28,16071.0,15705.446526990027,15475.22199507
2024-05-29,16117.0,15709.511415110353,15475.887662196024
2024-05-30,16232.099609375,15713.5736643085,15476.453255915892
2024-05-31,16228.0,15717.618665578279,15476.949404448438
2024-06-03,16243.0,15721.638991296697,15477.449046915866
2024-06-04,16203.0,15725.639810018025,15477.8759357358
2024-06-05,16276.0,15729.607579749894,15478.300137606095
2024-06-06,16315.0,15733.55375227427,15478.762117518516
2024-06-07,16241.7001953125,15737.461587323669,15479.186779328835
2024-06-10,16270.0,15741.330918692664,15479.634322203025
2024-06-11,16312.0,15745.1618776225,15479.980062846475
2024-06-12,16305.400390625,15748.947176922316,15480.355596563333
2024-06-13,16230.0,15752.691801821156,15480.812528289649
2024-06-14,16286.0,15756.383805689824,15481.24439781568
2024-06-17,16479.900390625,15760.02392001712,15481.68184237176
2024-06-18,16479.0,15763.613374994131,15482.112957264562
2024-06-19,16379.0,15767.143057151043,15482.459452180514
2024-06-20,16380.900390625,15770.616904459032,15482.889995793583
2024-06-21,16491.900390625,15774.029720079985,15483.290307482723
2024-06-24,16443.0,15777.380455503562,15483.636238385612
2024-06-25,16394.099609375,15780.670370849677,15483.98088751526
2024-06-26,16401.0,15783.892873361008,15484.319983452137
2024-06-27,16434.0,15787.054339587074,15484.666744276698
2024-06-28,16374.400390625,15790.149711047488,15485.000563406333
2024-07-01,16343.0,15793.17872021084,15485.33657751914
2024-07-02,16390.0,15796.144234736645,15485.662283541289
2024-07-03,16391.0,15799.03733635097,15486.045006593753
2024-07-04,16340.0,15801.867027422008,15486.399890344452
2024-07-05,16328.5,15804.629500914356,15486.7330021793
2024-07-08,16245.0,15807.323411643547,15487.111319920088
2024-07-09,16277.2001953125,15809.953713222523,15487.524389072161
2024-07-10,16277.0,15812.512777446009,15487.9329653088
2024-07-11,16198.0,15815.007736912414,15488.346417391213
2024-07-12,16104.0,15817.436380510155,15488.760337363938
2024-07-15,16108.0,15819.797747579481,15489.17563848758
2024-07-16,16195.0,15822.094709778889,15489.592998289949
2024-07-17,16173.0,15824.324354789022,15490.010990104984
2024-07-18,16138.0,15826.491735261381,15490.432154283057
2024-07-19,16185.0,15828.595451244828,15492.540209126797
2024-07-22,16206.0,15830.635675258667,15494.070000740323
2024-07-23,16220.2001953125,15832.615192932959,15494.420977136433
2024-07-24,16222.0,15834.532039924601,15494.836081056308
2024-07-25,16246.0,15836.390420721531,15497.00817266945
2024-07-26,16337.7998046875,15838.190146574381,15498.832733824458
2024-07-29,16283.0,15839.93139902903,15500.636610396312
2024-07-30,16301.7001953125,15841.61803206292,15502.39485556081
2024-07-31,16328.5,15843.247405976465,15504.195156967478
2024-08-01,16255.0,15844.824042861721,15506.161526181057
2024-08-02,16281.0,15846.347606752177,15508.182786381372
2024-08-05,16012.0,15847.851469813439,15510.163393668074
2024-08-06,16208.0,15849.349694167584,15512.096709115644
2024-08-07,16152.2998046875,15850.83361708042,15513.975290566796
2024-08-08,16023.0,15852.30800709544,15516.003683820163
2024-08-09,15979.0,15853.77280202086,15518.22658861405
2024-08-12,15918.0,15855.230868582148,15520.381661327467
2024-08-13,15949.099609375,15856.685810958525,15522.349327069625
2024-08-14,15749.0,15858.13460103751,15524.370317055236
2024-08-15,15619.5,15859.580456804288,15526.59729403199
2024-08-16,15755.0,15861.024031225006,15528.948492340598
2024-08-19,15683.0,15862.467870723329,15529.460201099639
2024-08-20,15523.0,15863.91464657669,15530.103117078517
2024-08-21,15442.0,15865.362200752264,15533.547189765553
2024-08-22,15484.0,15866.810930585301,15536.586061509608
2024-08-23,15728.5,15868.260662595823,15540.077990292184
2024-08-26,15377.2001953125,15869.715127292991,15543.82907924502
2024-08-27,15462.599609375,15871.176199920428,15547.976722239146
2024-08-28,15467.099609375,15872.642179329783,15552.640102676276
2024-08-29,15440.0,15874.11467114787,15557.573615468758
2024-08-30,15444.7998046875,15875.594358530408,15562.987339635973
2024-09-02,15525.0,15877.083358326658,15568.634020485126
2024-09-03,15520.099609375,15878.582976896983,15574.552748198425
2024-09-04,15532.900390625,15880.091067908532,15580.825039669598
2024-09-05,15444.400390625,15881.60913579755,15587.37082404442
2024-09-06,15417.0,15883.135512941644,15594.154976361631
2024-09-09,15405.0,15884.670272674755,15600.783574944951
2024-09-10,15456.7998046875,15886.215351104722,15607.486295968725
2024-09-11,15489.0,15887.769059020471,15614.446888787737
2024-09-12,15437.0,15889.332258303291,15621.330593379062
2024-09-13,15418.7001953125,15890.90301165615,15628.375732854047
2024-09-16,15393.0,15892.481423184236,15635.237849205896
2024-09-17,15385.0,15894.069048675081,15642.164553678942
2024-09-18,15345.0,15895.664464901372,15649.22321387384
2024-09-19,15300.2001953125,15897.267993785714,15656.125881262167
2024-09-20,15197.599609375,15898.879268036648,15663.164562564456
2024-09-23,15154.0,15900.498321580695,15669.990108508111
2024-09-24,15174.099609375,15902.12758297737,15676.603899810347
2024-09-25,15121.099609375,15903.766233142967,15683.305642597672
2024-09-26,15201.5,15905.414054647748,15689.884316880542
2024-09-27,15070.0,15907.070671634081,15696.446988526008
2024-09-30,15118.0,15908.735897062128,15702.758837849065
2024-10-01,15170.599609375,15910.410625602612,15708.837879053252
2024-10-02,15260.599609375,15912.094167436764,15714.89015371467
2024-10-03,15324.0,15913.78647712968,15720.739180875735
2024-10-04,15457.0,15915.48696396584,15726.491658851271
2024-10-07,15650.0,15917.19547589796,15731.999767676954
2024-10-08,15744.0,15918.911607744838,15737.260679728111
2024-10-09,15682.400390625,15920.672407543425,15742.437593454739
2024-10-10,15664.599609375,15922.47970640893,15747.533612560946
2024-10-11,15670.900390625,15924.333695877694,15752.455819699695
2024-10-14,15562.0,15926.236906143582,15757.193739291743
2024-10-15,15573.0,15928.192491190966,15761.770096775857
2024-10-16,15578.599609375,15930.205447760736,15766.257658742546
2024-10-17,15583.900390625,15932.277571151644,15770.559617078705
2024-10-18,15493.0,15934.411326380785,15774.78569824759
2024-10-21,15467.0,15936.608914441924,15778.820742979384
2024-10-22,15556.0,15938.873192769133,15782.761969865614
2024-10-23,15586.0,15941.208799589564,15786.662347490786
2024-10-24,15663.0,15943.617154011326,15790.276195817889
2024-10-25,15621.5,15946.100595943777,15793.772906538168
2024-10-28,15688.099609375,15948.657761930983,15797.12952184638
2024-10-29,15747.0,15951.289642125557,15800.292803105971
2024-10-30,15768.0,15954.00141270671,15803.361118459701
2024-10-31,15695.5,15956.792806729552,15806.249686706384
2024-11-01,15713.0,15959.664757935494,15809.022179779575
2024-11-04,15842.0,15962.616914373024,15811.65527437767
2024-11-05,15790.0,15965.649616908722,15814.125757771828
2024-11-06,15665.0,15968.765353560451,15816.504009238199
2024-11-07,15818.2001953125,15971.962092387592,15818.726033945684
2024-11-08,15558.0,15975.238848206996,15820.83859763144
2024-11-11,15647.2001953125,15978.59347930829,15821.24322879023
2024-11-12,15765.0,15982.022241629427,15821.722935103762
2024-11-13,15788.900390625,15985.52409788264,15822.172839297722
2024-11-14,15847.2001953125,15989.09572131925,15822.582548999695
2024-11-15,15933.2998046875,15992.73417549031,15822.95804465983
2024-11-18,15891.2998046875,15996.435118130268,15824.575532378803
2024-11-19,15806.099609375,16000.192637869603,15825.704998290274
2024-11-20,15817.099609375,16004.003949809592,15826.884180626585
2024-11-21,15913.0,16007.86391867564,15828.005958114503
2024-11-22,15816.900390625,16011.768063987538,15829.111449493083
2024-11-25,15940.0,16015.710791030997,15830.189940020115
2024-11-26,15901.2001953125,16019.686769396092,15830.391878824887
2024-11-27,15930.0,16023.69182581709,15830.655053900911
2024-11-28,15863.5,16027.72201420849,15830.937393233256
2024-11-29,15878.0,16031.772460127435,15831.223761801617
2024-12-02,15829.0,16035.837884416065,15831.492965948017
2024-12-03,15910.0,16039.912929297341,15831.73855077719
2024-12-04,15940.0,16043.993648850992,15831.988995290747
2024-12-05,15906.599609375,16048.075211968673,15832.220916009017
2024-12-06,15839.7998046875,16052.153645636694,15832.448223825753
2024-12-09,15825.7998046875,16056.224337857884,15832.68536611355
2024-12-10,15864.0,16060.282483930885,15832.906435794603
2024-12-11,15908.0,16064.324845582116,15833.137746176248
2024-12-12,15963.0,16068.345982871779,15833.373832322866
2024-12-13,15967.400390625,16072.341465314934,15833.639803067106
2024-12-16,16025.7998046875,16076.307840756364,15833.925571418307
2024-12-17,15955.0,16080.240834560265,15834.190068186805
2024-12-18,15926.2001953125,16084.137557719152,15835.537125025669
2024-12-19,16145.2998046875,16087.994556487845,15836.520384428288
2024-12-20,15981.2998046875,16091.808746053197,15837.593081705936
2024-12-23,16159.2998046875,16095.577341476388,15838.687408876118
2024-12-24,16217.599609375,16099.297283034657,15839.73452906669
2024-12-25,15970.7998046875,16102.966563524655,15839.972257197085
2024-12-26,15069.400390625,16106.582774366974,15840.264852693017
2024-12-27,16189.0,16110.143976354502,15840.557269872348
2024-12-30,16178.0,16113.648419707379,15842.120792767126
2024-12-31,16085.599609375,16117.094297771833,15843.170822482614
2025-01-02,16230.5,16120.47986785697,15844.35708685837
2025-01-03,16201.099609375,16123.80361128231,15845.52774497966
2025-01-06,16178.7998046875,16127.064400260424,15846.74022091539
2025-01-07,16179.099609375,16130.26126191632,15848.063562345747
2025-01-08,16157.7001953125,16133.392981008423,15849.36453037453
2025-01-09,16187.599609375,16136.458799879692,15850.734593679523
2025-01-10,16237.0,16139.457833060385,15852.08386223602
2025-01-13,16268.0,16142.389561088417,15853.480891648222
2025-01-14,16295.2001953125,16145.25369773268,15855.050618885438
2025-01-15,16320.0,16148.049659873794,15856.63409917648
2025-01-16,16360.7998046875,16150.77752367598,15858.239398946598
2025-01-17,16368.7998046875,16153.437123626336,15859.74836315199
2025-01-20,16367.099609375,16156.028542489426,15861.301966878736
2025-01-21,16245.0,16158.552094868248,15863.007461823288
2025-01-22,16330.7998046875,16161.007846280156,15864.51331555245
2025-01-23,16232.7998046875,16163.39632930393,15866.061862513556
2025-01-24,16230.900390625,16165.717971119517,15867.62707095875
2025-01-27,16164.900390625,16167.973268280257,15867.94503781338
2025-01-28,16155.599609375,16170.162989250213,15870.09234378031
2025-01-29,15881.2001953125,16172.287653841078,15871.626373709922
2025-01-30,16238.0,16174.348067855008,15873.344418023713
2025-01-31,16274.5,16176.345015083445,15875.042511230517
2025-02-03,16341.2998046875,16178.279222744035,15876.571434505342
2025-02-04,16320.0,16180.151645532178,15878.419802045999
2025-02-05,16299.099609375,16181.963195209602,15880.148535849929
2025-02-06,16298.099609375,16183.7149167727,15881.933628310375
2025-02-07,16327.0,16185.407806045347,15883.86516792071
2025-02-10,16314.7001953125,16187.04290488458,15885.770556930638
2025-02-11,16330.099609375,16188.621399318046,15888.06713059623
2025-02-12,16343.2998046875,16190.14440606729,15890.393419772534
2025-02-13,16375.0,16191.624630942564,15893.02760368631
2025-02-14,16219.0,16193.104856084914,15895.716487604426
2025-02-17,16173.0,16194.57029986521,15896.268572260053
2025-02-18,16220.0,16196.024939751946,15897.018270596594
2025-02-19,16317.0,16197.469488026296,15900.848506897792
2025-02-20,16346.400390625,16198.906061281772,15904.014934471514
2025-02-21,16245.099609375,16200.338990261265,15907.458364027321
2025-02-24,16278.0,16201.766549968725,15910.810849489839
2025-02-25,16279.2998046875,16203.190803951962,15914.649051414353
2025-02-26,16314.0,16204.612443435288,15918.819294168588
2025-02-27,16367.400390625,16206.033375497134,15923.111662016556
2025-02-28,16553.69921875,16207.457388906932,15927.720821986486
2025-03-03,16522.0,16208.882927676344,15932.20676197158
2025-03-04,16451.19921875,16210.311160548084,15937.053981762789
2025-03-05,16379.0,16211.739771231874,15942.151632253252
2025-03-06,16268.900390625,16213.171324151908,15947.438975822904
2025-03-07,16322.099609375,16214.61085193901,15953.02845367303
2025-03-10,16292.599609375,16216.05568326211,15958.126433086638
2025-03-11,16324.0,16217.507862147526,15963.5201074449
2025-03-12,16433.900390625,16218.967271123074,15969.218040443418
2025-03-13,16305.599609375,16220.435752504005,15974.804052228965
2025-03-14,16259.2998046875,16221.916501703367,15980.502210776709
2025-03-17,16321.0,16223.406940046574,15985.935043466228
2025-03-18,16370.0,16224.908533411173,15991.497507556482
2025-03-19,16514.5,16226.420089629211,15997.31285963412
2025-03-20,16330.2998046875,16227.940433211446,16002.94679907722
2025-03-21,16428.5,16229.472304331954,16008.76724995948
2025-03-24,16519.0,16231.014201192611,16014.363876939562
2025-03-25,16575.80078125,16232.56703923997,16019.840489422466
2025-03-26,16621.0,16234.129272453456,16025.387822355438
2025-03-27,16629.0,16235.699417046606,16030.833925567771
2025-03-28,16560.900390625,16237.280210306146,16036.412571518375
2025-03-31,16575.0,16238.869816809784,16041.710332082239
2025-04-01,16652.0,16240.469047170065,16046.899548916123
2025-04-02,16731.400390625,16242.076928834947,16052.107136391716
2025-04-03,16739.0,16243.693554258612,16057.120737360665
2025-04-04,16739.80078125,16245.320726356049,16062.166541018947
2025-04-07,16738.0,16246.958989994866,16066.926456388293
2025-04-08,16855.69921875,16248.607842693558,16071.535255129036
2025-04-09,17051.900390625,16250.266839593445,16076.09962201399
2025-04-10,16805.5,16251.935510775762,16080.618776644616
2025-04-11,16833.80078125,16253.615012031318,16085.075262103655
2025-04-14,16788.0,16255.304513264122,16089.31118379987
2025-04-15,16780.0,16257.004446711859,16093.42801571955
2025-04-16,16813.5,16258.713941630778,16097.479730871553
2025-04-17,16794.599609375,16260.432478031513,16101.376330581812
2025-04-21,16794.599609375,16262.16067571127,16105.25860946965
2025-04-22,16814.900390625,16263.916735481127,16108.945699883527
2025-04-23,16858.099609375,16265.728320129012,16112.553480978297
2025-04-24,16846.0,16267.588493931462,16116.177661930396
2025-04-25,16778.5,16269.500597799484,16119.512922131587
2025-04-28,16823.0,16271.468152991103,16122.790731790661
2025-04-29,16795.0,16273.494931264324,16125.936441806722
2025-04-30,16711.900390625,16275.585666413928,16128.91764264846
2025-05-01,16545.900390625,16277.741684807163,16131.845876124373
2025-05-02,16606.0,16279.965735306376,16134.603776846694
2025-05-05,16460.0,16282.261043201102,16137.30325477988
2025-05-06,16421.5,16284.631155068611,16139.855570965086
2025-05-07,16432.0,16287.080253056925,16142.281187913633
2025-05-08,16492.599609375,16289.609468448023,16144.6425135532
2025-05-09,16538.30078125,16292.219671492858,16146.849645693499
2025-05-12,16543.0,16294.910240431871,16148.995145131095
2025-05-13,16688.80078125,16297.684770995606,16151.043313729018
2025-05-14,16599.400390625,16300.546682795608,16152.990718002466
2025-05-15,16558.19921875,16303.49508051964,16154.82633742342
2025-05-16,16511.80078125,16306.53056088628,16156.538404447687
2025-05-19,16487.0,16309.65301576009,16158.19865428052
2025-05-20,16428.0,16312.863664691642,16159.76394883127
2025-05-21,16403.0,16316.163170007894,16161.223869897432
2025-05-22,16347.599609375,16319.548777663293,16162.613994853069
2025-05-23,16356.900390625,16323.018868552155,16163.875662258379
2025-05-26,16211.0,16326.570108627982,16165.15231725903
2025-05-27,16243.5,16330.199096546261,16166.398914689702
2025-05-28,16279.0,16333.904041747091,16167.59804582962
2025-05-29,16286.0,16337.680672011998,16168.81155537092
2025-05-30,16293.0,16341.524903189664,16169.973228927365
2025-06-02,16322.0,16345.430931831273,16171.150101761119
2025-06-03,16288.5,16349.393342071313,16172.31466957356
2025-06-04,16332.400390625,16353.408408900521,16173.450225194041
2025-06-05,16291.5,16357.470120102698,16174.607020842652
2025-06-06,16246.400390625,16361.572955197911,16175.734124060717
2025-06-09,16309.0,16365.710804742146,16176.882562816418
2025-06-10,16278.7998046875,16369.878278706894,16178.037549301258
2025-06-11,16247.7998046875,16374.071148334411,16179.18130389711
2025-06-12,15778.0,16378.284531138996,16180.347072534098
2025-06-13,16164.5,16382.512579293969,16181.500558834323
2025-06-16,16282.599609375,16386.74965396766,16182.663789050497
2025-06-17,15801.0,16390.990520376716,16183.837244135593
2025-06-18,16275.0,16395.230789111243,16185.01689111974
2025-06-19,15598.5,16399.46551650524,16186.219444954737
2025-06-20,16390.0,16403.69020115766,16187.417867458636
2025-06-23,16431.0,16407.899810963565,16188.639509831433
2025-06-24,16370.0,16412.089960730897,16189.878787372745
2025-06-25,16290.0,16416.25640861665,16191.127541743273
2025-06-26,16290.0,16420.393529066405,16192.404099021767
2025-06-27,16222.7998046875,16424.49736514678,16193.675769413587
2025-06-30,16229.0,16428.564105002253,16194.972970362438
2025-07-01,16230.0,16432.589686307667,16196.295147216453
2025-07-02,16236.400390625,16436.57117204013,16197.624027291395
2025-07-03,16235.0,16440.505004331408,16198.983571296212
2025-07-04,16203.7001953125,16444.388253973677,16200.339770227163
2025-07-07,16178.0,16448.21814177486,16201.71785956074
2025-07-08,16318.900390625,16451.9919756588,16203.116348689451
2025-07-09,16261.0,16455.70781319494,16204.521716446641
2025-07-10,16235.0,16459.36339908358,16205.952211030244
2025-07-11,16209.099609375,16462.956966483413,16207.38528267848
2025-07-14,16222.0,16466.486881606557,16208.835385271888
2025-07-15,16256.2001953125,16469.951331200686,16210.308822502286
2025-07-16,16252.099609375,16473.348769314343,16211.790023104964
2025-07-17,16271.2001953125,16476.67801214449,16213.292441435247
2025-07-18,16329.7001953125,16479.93808469206,16214.807203723183
2025-07-21,16321.0,16483.128067622816,16216.339707842524
2025-07-22,16329.5,16486.246946920415,16217.89084125571
2025-07-23,16245.2998046875,16489.29408939693,16219.452527322954
2025-07-24,16266.099609375,16492.268869052677,16221.035271797786
2025-07-25,16307.0,16495.17101164102,16222.6283452641
2025-07-28,16353.0,16498.000262329453,16222.950344071838
2025-07-29,16398.80078125,16500.7563627666,16225.02754476056
2025-07-30,16367.900390625,16503.439528420455,16226.568810409954
2025-07-31,16426.80078125,16506.049785835206,16228.214634974638
2025-08-01,16483.0,16508.587472368956,16229.85962037972
2025-08-04,16483.0,16511.052982535828,16231.399758283209
2025-08-05,16362.0,16513.446642052648,16233.15068512602
2025-08-06,16377.5,16515.769168183404,16234.793985298795
2025-08-07,16334.7001953125,16518.02112459701,16236.489667363101
2025-08-08,16300.0,16520.203248946247,16238.196629259628
2025-08-11,16249.0,16522.316401093398,16239.901617322266
2025-08-12,16298.0,16524.36127200359,16241.85237457983
2025-08-13,16248.2001953125,16526.33884684468,16242.23950493263
2025-08-14,16109.0,16528.24999269941,16242.751188368704
2025-08-15,16169.0,16530.095616833587,16243.258388906223
2025-08-18,16196.0,16531.876838456854,16245.62309667775
2025-08-19,16205.400390625,16533.59470164075,16246.034572639393
2025-08-20,16275.2001953125,16535.25035225767,16248.43791822758
2025-08-21,16263.599609375,16536.844911402903,16250.431192127755
2025-08-22,16339.7001953125,16538.379563736722,16252.559573209044
2025-08-25,16227.0,16539.859190814455,16253.021302623927
2025-08-26,16267.0,16541.341416985706,16253.586354717456
2025-08-27,16299.2001953125,16542.806367355966,16254.161597477894
2025-08-28,16314.0,16544.258940579057,16254.72360577275
2025-08-29,16344.2998046875,16545.699971132468,16255.28948805142
2025-09-01,16409.0,16547.130990342957,16258.033977719195
2025-09-02,16405.19921875,16548.558087642225,16260.159469543087
2025-09-03,16443.900390625,16549.978605545803,16262.45634060844
2025-09-04,16463.0,16551.394954979176,16264.701693309635
2025-09-05,16452.099609375,16552.807905917092,16267.208626817566
2025-09-08,16392.0,16554.218889787182,16269.837335886037
2025-09-09,16446.099609375,16555.633224573434,16272.317259041896
2025-09-10,16449.900390625,16557.048503121157,16275.05695746808
2025-09-11,16439.0,16558.466792593295,16277.931985031626
2025-09-12,16413.599609375,16559.88484952337,16278.544677513692
2025-09-15,16401.0,16561.30468990078,16279.316150253437
2025-09-16,16364.599609375,16562.733439898868,16283.03910478736
2025-09-17,16398.099609375,16564.167092719465,16286.145725546103
2025-09-18,16418.599609375,16565.608437053685,16289.218907240003
2025-09-19,16569.099609375,16567.057068107413,16292.125158229546
2025-09-22,16637.0,16568.514482284165,16295.425017071606
2025-09-23,16582.0,16569.985475688987,16298.913286829127
2025-09-24,16633.0,16571.466293879697,16302.451198823102
2025-09-25,16695.099609375,16572.95906038843,16306.073551703836
2025-09-26,16759.099609375,16574.46268738966,16309.65705309068
2025-09-29,16723.0,16575.97495448698,16313.636454020716
2025-09-30,16628.0,16577.49986667819,16317.69649483033
2025-10-01,16683.0,16579.03516806071,16321.972057408811
2025-10-02,16644.099609375,16580.582315729258,16326.255673000142
2025-10-03,16601.5,16582.13984951465,16330.220540792981
2025-10-06,16558.0,16583.705114116725,16334.400164162314
2025-10-07,16596.5,16585.282192796574,16338.97977212689
2025-10-08,16587.0,16586.86841807434,16343.39685140102
2025-10-09,16556.0,16588.46509845907,16347.981133795894
2025-10-10,16577.69921875,16590.071009154864,16352.244327514316
2025-10-13,16598.0,16591.685921640943,16356.807352881002
2025-10-14,16548.0,16593.312011441205,16361.464583595145
2025-10-15,16585.900390625,16594.950047687715,16366.05801388464
2025-10-16,16575.0,16596.59947486089,16370.852379030808
2025-10-17,16561.900390625,16598.25987101757,16375.556973532939
2025-10-20,16566.0,16599.930349741127,16380.239965741532
2025-10-21,16542.0,16601.612672510295,16385.003962016144
2025-10-22,16598.900390625,16603.305580650245,16389.749337478093
2025-10-23,16596.599609375,16605.009853271386,16394.645768311584
2025-10-24,16593.80078125,16606.72451226859,16399.296756715426
2025-10-27,16597.80078125,16608.448621638272,16403.907785002535
2025-10-28,16158.2001953125,16610.183691427126,16408.65110204686
2025-10-29,16561.779296875,16611.926155936555,16413.365642349527
2025-10-30,16562.0,16613.688214738067,16418.090597269085
2025-10-31,16150.0,16615.51325220796,16422.63599140934
2025-11-03,16630.0,16617.388066993768,16427.098708441976
2025-11-04,16640.900390625,16619.319345183885,16431.474966084792
2025-11-05,16707.0,16621.308723941736,16435.906047288805
2025-11-06,16669.0,16623.36036068311,16440.29747397472
2025-11-07,16694.099609375,16625.4807827364,16444.521409217356
2025-11-10,16653.0,16627.669632080015,16448.652912856414
2025-11-11,16690.0,16629.931761015676,16452.780710179668
2025-11-12,16694.900390625,16632.26894583523,16456.801586700163
2025-11-13,16729.0,16634.685086967755,16460.842227495184
2025-11-14,16719.0,16637.185873890845,16464.686780888987
2025-11-17,16679.5,16639.771090936087,16468.56721618936
2025-11-18,16738.900390625,16642.442855824662,16472.467601061842
2025-11-19,16727.69921875,16645.19955060144,16476.127316436527
2025-11-20,16686.69921875,16648.04423424619,16479.74353789041
2025-11-21,16731.0,16650.98244005902,16483.247232993646
2025-11-24,16639.0,16654.011254776153,16486.624403158705
2025-11-25,16645.0,16657.132514497887,16489.966983552265
2025-11-26,16633.5,16660.34508457957,16493.187414899647
2025-11-27,16614.69921875,16663.649954925688,16496.357261362926
2025-11-28,16603.900390625,16667.049295607485,16499.403871799324
2025-12-01,16635.0,16670.53827384589,16502.3465320957
2025-12-02,16609.0,16674.116590766112,16505.230534072187
2025-12-03,16609.900390625,16677.779915060695,16507.98980877437
2025-12-04,16594.0,16681.523767506253,16510.69460465251
2025-12-05,16654.400390625,16685.347224842295,16513.321893314922
2025-12-08,16683.0,16689.244341819896,16515.876148953215
2025-12-09,16686.0,16693.21188183898,16518.31430477106
2025-12-10,16662.0,16697.24321105275,16520.65049578157
2025-12-11,16639.0,16701.331367889623,16522.940718826983
2025-12-12,16649.0,16705.47374185538,16523.38111521634
2025-12-15,16623.099609375,16709.662521868784,16526.057746300503
2025-12-16,16645.80078125,16713.89279347545,16527.95177048919
2025-12-17,16644.599609375,16718.157521927325,16529.84685669357
2025-12-18,16657.0,16722.450452988876,16531.694462584812
2025-12-19,16685.19921875,16726.76769781666,16533.28235288244
2025-12-22,16678.5,16731.10399176076,16533.634032073223
2025-12-23,16756.400390625,16735.453404986023,16534.03669080443
2025-12-24,16735.0,16739.80990305927,16534.420718773814
2025-12-26,16753.099609375,16744.167563429713,16534.80280425898
2025-12-29,16741.099609375,16748.522564755065,16535.148271655766
2025-12-30,16770.0,16752.86913991486,16535.498225642987
2025-12-31,16709.0,16757.203158207434,16535.835328987247
2026-01-02,16668.0,16761.5191625859,16536.190766213225
2026-01-05,16683.0,16765.812227952323,16536.523075173
2026-01-06,16727.19921875,16770.07908938959,16536.810928200375
2026-01-07,16742.0,16774.31281531584,16537.125385669024
2026-01-08,16753.0,16778.50962974301,16538.62425647147
2026-01-09,16805.69921875,16782.665637002287,16539.70485952772
2026-01-12,16826.69921875,16786.776189591576,16539.949990334575
2026-01-13,16859.400390625,16790.83892153489,16541.41685642301
2026-01-14,16840.80078125,16794.849653037436,16542.536456730755
2026-01-15,16845.099609375,16798.805726793635,16543.780907035223
2026-01-16,16878.900390625,16802.704386912555,16544.965416365445
2026-01-19,16876.599609375,16806.542546117656,16546.189509878473
2026-01-20,16939.0,16810.318860851043,16547.37766381301
2026-01-21,16960.099609375,16814.030598472666,16548.536617935308
2026-01-22,16897.0,16817.676227990396,16549.831016393076
2026-01-23,16820.0,16821.254249989983,16551.068874411678
2026-01-26,16770.0,16824.76268391379,16552.39972797186
2026-01-27,16734.0,16828.2001749753,16553.677816476593
2026-01-28,16674.69921875,16831.565333757568,16554.991730109126
2026-01-29,16722.80078125,16834.857355121905,16556.525760085493
2026-01-30,16778.30078125,16838.07547106194,16557.908181274557
2026-02-02,16758.400390625,16841.218448188032,16559.283518612476
2026-02-03,16758.400390625,16844.285956315358,16560.87368163861
2026-02-04,16759.0,16847.277147775476,16562.298212051945
2026-02-05,16800.0,16850.191918110144,16564.01863003403
2026-02-06,16879.900390625,16853.030173235515,16565.573476856945
2026-02-09,16843.5,16855.791413219584,16567.16396137058
2026-02-10,16796.0,16858.476261933753,16568.85681241146
2026-02-11,16778.0,16861.084564739664,16570.409017009104
2026-02-12,16793.900390625,16863.61686909297,16572.04336984313
2026-02-13,16809.0,16866.073712382433,16573.696269930635
2026-02-16,16826.099609375,16868.455266687943,16575.304517324195
2026-02-17,16806.599609375,16870.762606765908,16576.966788082238
2026-02-18,16840.0,16872.996203864335,16578.609376216482
2026-02-19,16915.30078125,16875.156924620682,16580.33361648641
2026-02-20,16887.19921875,16877.24582715268,16581.994764919196
2026-02-23,16843.400390625,16879.26346724698,16583.656924821953
2026-02-24,16804.30078125,16881.211110743025,16585.37163227816
2026-02-25,16816.80078125,16883.089604494464,16587.051020067516
2026-02-26,16749.80078125,16884.89988056981,16588.875086507618
2026-02-27,16749.0,16886.643224464235,16590.716146791572
2026-03-02,16795.0,16888.32061036269,16592.54099382098
2026-03-03,16863.0,16889.933394388383,16594.37002480709
2026-03-04,16898.099609375,16891.48266660591,16596.218842444025
2026-03-05,16865.0,16892.969663501088,16598.112350376785
2026-03-06,16913.099609375,16894.45092153495,16600.051418540592
2026-03-09,16923.69921875,16895.916388913476,16602.072954348794
2026-03-10,16886.0,16897.367685728732,16604.238475250077
2026-03-11,16852.0,16898.80617038734,16606.405136481062
2026-03-12,16884.0,16900.233035971996,16608.759206560437
2026-03-13,16908.0,16901.65483228179,16611.14947578703
2026-03-16,16952.099609375,16903.069564311118,16613.627170799013
2026-03-17,16953.099609375,16904.479350599846,16616.3172546457
2026-03-18,16971.30078125,16905.885081968405,16619.066818426876
2026-03-19,17041.69921875,16907.28790874606,16621.971730739333
2026-03-20,16915.900390625,16908.69354616407,16625.02021430362
2026-03-23,16959.30078125,16910.10016458084,16628.185721556096
2026-03-24,16865.099609375,16911.509768977012,16631.525141304348
2026-03-25,16797.30078125,16912.919378164737,16634.986881129447
2026-03-26,16749.599609375,16914.329916945408,16638.61175344181
2026-03-27,16925.0,16915.749035695928,16642.37631453901
2026-03-30,16958.0,16917.1736131731,16646.264211939142
2026-03-31,16975.400390625,16918.605832233414,16650.310651304422
2026-04-01,16936.400390625,16920.04567922723,16654.461366954438
2026-04-02,16924.099609375,16921.494190805115,16658.738608285235
2026-04-03,16959.0,16922.95661166369,16663.12787348276
2026-04-06,16988.0,16924.429794405998,16667.639057168064
2026-04-07,17015.30078125,16925.91535975981,16672.250852774956
2026-04-08,17027.400390625,16927.412717648407,16676.93027392988
2026-04-09,17005.5,16928.91928482691,16681.70471810553
2026-04-10,17059.0,16930.438862775096,16686.539943672724
2026-04-13,17083.0,16931.96967200449,16691.42292529148
2026-04-14,17079.19921875,16933.51296666037,16696.37797677911
2026-04-15,17129.0,16935.067693382927,16701.344046335962
2026-04-16,17146.099609375,16936.630780486335,16706.35126933371
2026-04-17,17123.0,16938.206054736263,16711.378604464557
2026-04-20,17133.0,16939.791334633865,16716.393494507116
2026-04-21,17123.80078125,16941.387676483748,16721.426235265084
2026-04-22,17133.099609375,16942.99406588492,16726.42686035348
2026-04-23,17199.5,16944.60991884118,16731.413885485876
2026-04-24,17329.0,16946.23739096513,16736.373090766952
2026-04-27,17246.0,16947.877441819244,16741.288281244095
2026-04-28,17216.0,16949.529797444007,16746.173195348798
2026-04-29,17244.0,16951.19398430757,16751.000637413505
2026-04-30,17334.19921875,16952.868911516416,16755.771993884093
2026-05-01,17311.0,16954.556353887467,16760.490764489394
2026-05-04,17288.5,16956.25522072764,16765.1320361455
2026-05-05,17346.19921875,16957.966195436355,16769.717022607827
2026-05-06,17389.80078125,16959.688491271714,16774.229993851794
2026-05-07,17296.900390625,16961.420895788135,16778.66956394782
2026-05-08,17294.900390625,16963.165056855974,16783.033027526908
2026-05-11,17358.0,16964.917670576724,16787.31276738878
2026-05-12,17413.0,16966.67829638629,16791.51724458289
2026-05-13,17549.0,16968.470112504736,16795.62835529675
2026-05-14,17500.0,16970.324746886046,16799.657403020883
2026-05-15,17530.599609375,16972.234561021593,16803.59866083537
2026-05-18,17586.0,16974.203791156568,16807.44428852745
2026-05-19,17701.0,16976.235402060676,16811.209963481477
2026-05-20,17777.0,16978.334697460665,16814.874061960287
2026-05-21,17658.400390625,16980.50609988921,16818.444982101206
2026-05-22,17692.0,16982.75189415305,16821.926164650275
2026-05-25,17692.0,16985.07511128368,16825.30517450522
2026-05-26,17762.0,16987.478698007122,16828.59915064438
2026-05-27,17699.69921875,16989.96744179111,16831.791355399226
2026-05-28,17804.0,16992.545436165437,16834.88892277997
2026-05-29,17840.0,16995.213411780325,16837.894341979154
