Date,actual,pure_trend,gated_exogenous
2023-06-01,14984.0,14982.872256283354,14981.38030013832
2023-06-02,14907.0,15001.507247492069,14983.76097852811
2023-06-05,14983.0,14980.509962161233,14986.142035229475
2023-06-06,14849.5,14995.764890927088,14988.523470302534
2023-06-07,14872.0,15026.488667317668,14990.905283807413
2023-06-08,14889.0,15026.646097277235,14993.287475804249
2023-06-09,14836.0,15051.678919347285,14995.670046353187
2023-06-12,14833.0,15040.648969931874,14998.052995514383
2023-06-13,14871.5,15040.972939962205,15000.436323348
2023-06-14,14869.0,15065.476509448865,15002.820029914215
2023-06-15,14909.0,15062.502072133495,15005.20411527321
2023-06-16,14897.0,15081.653311873548,15007.588579485182
2023-06-19,14928.0,15066.39410335448,15009.97342261033
2023-06-20,15008.0,15073.705614267345,15012.35864470887
2023-06-21,15016.0,15082.594671970914,15014.744245841022
2023-06-22,14943.0,15079.679718294658,15017.13022606702
2023-06-23,14935.0,15083.746772555422,15019.516585447105
2023-06-26,14987.0,15078.980268631089,15021.903324041527
2023-06-27,15039.0,15087.553146095257,15024.290441910547
2023-06-28,14982.5,15094.513372825697,15026.677939114436
2023-06-29,14981.0,15090.452057333787,15029.065815713473
2023-06-30,15064.0,15102.706553673323,15031.454071767947
2023-07-03,14986.0,15112.397126551068,15033.842707338157
2023-07-04,15056.0,15117.106329192535,15036.231722484414
2023-07-05,15010.0,15123.910787474031,15038.621117267032
2023-07-06,15077.0,15125.289759201267,15041.010891746342
2023-07-07,15189.2998046875,15136.502225426755,15043.40104598268
2023-07-10,15128.0,15137.26852562763,15045.791580036393
2023-07-11,15216.0,15137.594661583069,15048.182493967837
2023-07-12,15156.7998046875,15140.498303194781,15050.573787837378
2023-07-13,14928.0,15136.276941741478,15052.965461705393
2023-07-14,14954.0,15151.495441188854,15055.357515632266
2023-07-17,14951.0,15151.10383487384,15057.749949678391
2023-07-18,14982.5,15148.914397023289,15060.142763904176
2023-07-19,14986.0,15154.708462852588,15062.535958370032
2023-07-20,14992.0,15150.350661315826,15064.929533136383
2023-07-21,15051.5,15159.611499147071,15067.323488263663
2023-07-24,15018.0,15160.490506668077,15069.717823812312
2023-07-25,15021.5,15160.079398833808,15072.112539842787
2023-07-26,15032.0,15165.90239603067,15074.507636415547
2023-07-27,15007.0,15169.00790368055,15076.903113591065
2023-07-28,15095.0,15173.550342039112,15079.29897142982
2023-07-31,15088.0,15174.546257591976,15081.695209992306
2023-08-01,15104.0,15175.535252072721,15084.09182933902
2023-08-02,15131.0,15180.096035802155,15086.488829530475
2023-08-03,15220.0,15181.978684398826,15088.886210627192
2023-08-04,15161.0,15185.43320140647,15091.283972689696
2023-08-07,15163.0,15187.622344194346,15093.682115778529
2023-08-08,15232.0,15188.369629637094,15096.080639954238
2023-08-09,15207.2001953125,15191.890487773424,15098.479545277383
2023-08-10,15207.0,15191.582987839416,15100.87883180853
2023-08-11,15259.0,15195.12138599084,15103.278499608257
2023-08-14,15317.0,15196.597852930152,15105.678548737153
2023-08-15,15347.0,15198.644412701386,15108.078979255812
2023-08-16,15311.5,15203.39798086413,15110.47979122484
2023-08-17,15362.0,15202.602625197507,15112.880984704854
2023-08-18,15362.5,15206.403058013271,15115.28255975648
2023-08-21,15278.0,15209.416975310076,15117.684516440355
2023-08-22,15318.900390625,15211.733735402997,15120.08685481712
2023-08-23,15317.0,15216.184525584942,15122.489574947433
2023-08-24,15294.099609375,15216.740928009549,15124.892676891955
2023-08-25,15239.0,15220.544615480723,15127.296160711361
2023-08-28,15288.0,15224.23370739571,15129.700026466335
2023-08-29,15255.5,15226.120696991087,15132.104274217569
2023-08-30,15196.5,15229.446737745058,15134.508904025766
2023-08-31,15216.0,15230.71153330011,15136.91391595164
2023-09-01,15231.0,15233.932370910425,15139.319310055911
2023-09-04,15233.0,15237.397298873419,15141.725086399312
2023-09-05,15227.0,15238.865896923582,15144.131245042583
2023-09-06,15298.0,15241.603351997559,15146.537786046476
2023-09-07,15336.0,15243.567462087842,15148.94470947175
2023-09-08,15342.0,15246.323501433997,15151.35201537918
2023-09-11,15318.0,15249.638003783148,15153.75970382954
2023-09-12,15339.099609375,15251.570929148615,15156.167774883623
2023-09-13,15350.2001953125,15254.988790172392,15158.576228602227
2023-09-14,15353.0,15257.168527699472,15160.985065046161
2023-09-15,15395.0,15260.624330145709,15163.394284276244
2023-09-18,15346.0,15263.450285335326,15165.803886353304
2023-09-19,15377.0,15265.328834310598,15168.213871338177
2023-09-20,15384.5,15269.025917612487,15170.624239291714
2023-09-21,15361.0,15271.20613769991,15173.03499027477
2023-09-22,15400.5,15274.268997599485,15175.446124348211
2023-09-25,15368.0,15277.042944531544,15177.857641572917
2023-09-26,15405.0,15279.059449578028,15180.269542009772
2023-09-27,15493.0,15282.45256858516,15182.681825719672
2023-09-28,15569.0,15284.595640124708,15185.094492763523
2023-09-29,15474.0,15287.06598873277,15187.507543202239
2023-10-02,15448.0,15289.934177732066,15189.920977096746
2023-10-03,15516.0,15292.161204441312,15192.334794507979
2023-10-04,15622.0,15295.413724521792,15194.748995496882
2023-10-05,15591.0,15297.902210859938,15197.16358012441
2023-10-06,15631.0,15300.345000287913,15199.578548451525
2023-10-09,15603.0,15303.455807279397,15201.9939005392
2023-10-10,15691.400390625,15306.033808544194,15204.40963644842
2023-10-11,15718.5,15309.291389540453,15206.825756240176
2023-10-12,15693.0,15312.097303243982,15209.242259975472
2023-10-13,15739.0,15314.877169102809,15211.65914771532
2023-10-16,15676.0,15318.096485264328,15214.07641952074
2023-10-17,15675.0,15320.871792906904,15216.494075452765
2023-10-18,15728.2001953125,15324.123424451534,15218.912115572437
2023-10-19,15807.0,15326.829907194842,15221.330539940805
2023-10-20,15856.0,15329.78945928856,15223.74934861893
2023-10-23,15868.0,15333.017694269874,15226.168541667885
2023-10-24,15874.0,15335.734870713919,15228.588119148746
2023-10-25,15868.0,15338.918255760153,15231.008081122605
2023-10-26,15877.5,15341.690403603498,15233.428427650562
2023-10-27,15920.0,15344.681188155366,15235.849158793724
2023-10-30,15903.5,15347.894144350785,15238.270274613213
2023-10-31,15843.0,15350.686305297955,15240.691775170155
2023-11-01,15748.7001953125,15353.937488776264,15243.113660525689
2023-11-02,15900.0,15356.982841848003,15245.535930740962
2023-11-03,15838.0,15360.041668547876,15247.958585877133
2023-11-06,15582.099609375,15363.371818143922,15250.381625995371
2023-11-07,15570.0,15366.258851864977,15252.80505115685
2023-11-08,15643.599609375,15369.49153453546,15255.22886142276
2023-11-09,15616.0,15372.675850333924,15257.653056854295
2023-11-10,15713.7001953125,15375.685859659368,15260.077637512662
2023-11-13,15683.0,15378.922340362742,15262.502603459077
2023-11-14,15667.0,15381.82531617124,15264.927954754767
2023-11-15,15281.0,15384.95517895268,15267.353691460965
2023-11-16,15487.7998046875,15388.020427115043,15269.77981363892
2023-11-17,15475.0,15390.943054802088,15272.206321349882
2023-11-20,15399.400390625,15393.998362099395,15274.633214655121
2023-11-21,15382.099609375,15396.845613090665,15277.060493615909
2023-11-22,15501.2998046875,15399.925299730034,15279.48815829353
2023-11-23,15612.7998046875,15402.879489088431,15281.916208749279
2023-11-24,15495.0,15405.736703842476,15284.344645044457
2023-11-27,15560.0,15408.70455526792,15286.77346724038
2023-11-28,15466.5,15411.503899409838,15289.202675398372
2023-11-29,15259.0,15414.466773730872,15291.632269579763
2023-11-30,15407.0,15417.310642586936,15294.062249845896
2023-12-01,15549.2998046875,15420.06411048685,15296.492616258125
2023-12-04,15437.400390625,15422.94091352466,15298.923368877813
2023-12-05,15519.900390625,15425.641818260401,15301.35450776633
2023-12-06,15457.0,15428.417602030875,15303.786032985057
2023-12-07,15480.0,15431.122103447711,15306.217944595388
2023-12-08,15500.0,15433.70606093448,15308.650242658723
2023-12-11,15560.2001953125,15436.416910448608,15311.082927236472
2023-12-12,15647.0,15438.957863200074,15313.515998390056
2023-12-13,15569.0,15441.51654934184,15315.949456180906
2023-12-14,15275.0,15444.04858903705,15318.383300670463
2023-12-15,15468.0,15446.45188652456,15320.817531920175
2023-12-18,15282.7998046875,15448.951949467792,15323.252149991502
2023-12-19,15454.400390625,15451.292402491657,15325.687154945914
2023-12-20,15455.0,15453.656720605926,15328.12254684489
2023-12-21,15518.0,15456.011269790508,15330.55832574992
2023-12-22,15440.0,15458.2672609924,15332.994491722502
2023-12-25,15409.2001953125,15460.571820879724,15335.431044824145
2023-12-26,15460.0,15462.755360423209,15337.867985116367
2023-12-27,15400.0,15464.932722646729,15340.305312660697
2023-12-28,15373.0,15467.090931108958,15342.743027518673
2023-12-29,15425.0,15469.170744994637,15345.18112975184
2024-01-01,15383.099609375,15471.271423372073,15347.619619421757
2024-01-02,15383.0,15473.27301916241,15350.058496589993
2024-01-03,15498.0,15475.29583733556,15352.497761318122
2024-01-04,15555.0,15477.296152299146,15354.937413667732
2024-01-05,15511.0,15479.222140965774,15357.377453700423
2024-01-08,15477.5,15481.160050367132,15359.817881477797
2024-01-09,15495.5,15483.016295737823,15362.25869706147
2024-01-10,15534.5,15484.865835999532,15364.699900513071
2024-01-11,15555.0,15486.719884970571,15367.141491894234
2024-01-12,15556.5,15488.490109103843,15369.583471266606
2024-01-15,15503.2001953125,15490.29192809955,15372.02583869184
2024-01-16,15546.0,15492.03261861189,15374.468594231603
2024-01-17,15625.0,15493.761928290867,15376.911737947568
2024-01-18,15624.0,15495.491776233193,15379.355269901422
2024-01-19,15613.099609375,15497.145310081722,15381.799190154858
2024-01-22,15601.0,15498.819216828986,15384.243498769581
2024-01-23,15655.5,15500.461194802538,15386.688195807306
2024-01-24,15715.0,15502.079423589725,15389.133281329756
2024-01-25,15714.5,15503.674555882695,15391.578755398665
2024-01-26,15808.0,15505.210169024864,15394.024618075775
2024-01-29,15767.599609375,15506.786484291828,15396.470869422841
2024-01-30,15828.0,15508.341127580323,15398.917509501627
2024-01-31,15785.0,15509.885818801216,15401.364538373906
2024-02-01,15769.0,15511.432269934334,15403.81195610146
2024-02-02,15726.0,15512.947336691015,15406.25976274608
2024-02-05,15727.2001953125,15514.48991687538,15408.70795836957
2024-02-06,15711.5,15516.0100865681,15411.156543033743
2024-02-07,15733.0,15517.532736056542,15413.60551680042
2024-02-08,15647.0,15519.063119082859,15416.054879731435
2024-02-09,15660.2998046875,15520.570292178965,15418.504631888627
2024-02-12,15598.0,15522.093855138395,15420.95477333385
2024-02-13,15579.5,15523.609904448365,15423.405304128963
2024-02-14,15661.5,15525.11705383893,15425.856224335837
2024-02-15,15553.099609375,15526.631849795429,15428.307534016356
2024-02-16,15672.0,15528.131137555058,15430.75923323241
2024-02-19,15628.599609375,15529.645652364738,15433.211322045898
2024-02-20,15634.0,15531.151923365042,15435.663800518732
2024-02-21,15661.0,15532.642448993678,15438.116668712833
2024-02-22,15642.0,15534.15693891087,15440.569926690132
2024-02-23,15588.0,15535.63964652324,15443.023574512566
2024-02-26,15586.099609375,15537.128690927939,15445.477612242088
2024-02-27,15638.5,15538.611411536616,15447.932039940655
2024-02-28,15653.0,15540.083152769825,15450.386857670239
2024-02-29,15712.2001953125,15541.568877529424,15452.842065492818
2024-03-01,15704.0,15543.04332048774,15455.297663470383
2024-03-04,15691.900390625,15544.525319996676,15457.75365166493
2024-03-05,15766.0,15545.993420486144,15460.210030138473
2024-03-06,15751.5,15547.464684192688,15462.666798953027
2024-03-07,15668.0,15548.946775251054,15465.123958170621
2024-03-08,15621.0,15550.417011840987,15467.581507853296
2024-03-11,15536.2998046875,15551.897459884904,15470.039448063098
2024-03-12,15518.0,15553.379633679375,15472.497778862087
2024-03-13,15546.0,15554.881232786764,15474.95650031233
2024-03-14,15574.0,15556.37733416472,15477.415612475905
2024-03-15,15630.0,15557.87264690264,15479.875115414901
2024-03-18,15639.2998046875,15559.380090011056,15482.335009191416
2024-03-19,15743.0,15560.906184050931,15484.795293867557
2024-03-20,15718.0,15562.45383796786,15487.25596950544
2024-03-21,15687.0,15564.033347125835,15489.717036167194
2024-03-22,15723.5,15565.639126726765,15492.178493914957
2024-03-25,15802.599609375,15567.271476430718,15494.640342810875
2024-03-26,15784.0,15568.937528834293,15497.102582917105
2024-03-27,15828.0,15570.635771459833,15499.565214295813
2024-03-28,15877.0,15572.377626759768,15502.028237009179
2024-03-29,15877.0,15574.148021261537,15504.491651119386
2024-04-01,15848.0,15575.966368933276,15506.955456688633
2024-04-02,15945.7998046875,15577.8379506292,15509.419653779125
2024-04-03,15955.0,15579.763699331244,15511.88424245308
2024-04-04,15936.0,15581.744324049161,15514.349222772722
2024-04-05,15904.5,15583.756598897085,15516.81459480029
2024-04-08,15881.0,15585.825383783333,15519.280358598025
2024-04-09,15918.0,15587.9375431676,15521.746514228189
2024-04-10,15892.2998046875,15590.113075395517,15524.213061753044
2024-04-11,15998.2001953125,15592.358664444859,15526.680001234865
2024-04-12,16007.0,15594.648624088495,15529.14733273594
2024-04-15,16111.0,15597.005980878004,15531.615056318564
2024-04-16,16075.0,15599.436319423517,15534.08317204504
2024-04-17,16312.2001953125,15601.950507898866,15536.551679977687
2024-04-18,16246.0,15604.538293129337,15539.020580178827
2024-04-19,16220.0,15607.194356997024,15541.489872710796
2024-04-22,16210.2998046875,15609.91659738447,15543.959557635939
2024-04-23,16246.0,15612.72296921269,15546.429635016611
2024-04-24,16140.2001953125,15615.603335802767,15548.900104915178
2024-04-25,16220.0,15618.567055064967,15551.370967394012
2024-04-26,16202.0,15621.59361591939,15553.842222515499
2024-04-29,16203.0,15624.695692768122,15556.313870342034
2024-04-30,16246.0,15627.881458369227,15558.785910936022
2024-05-01,16273.0,15631.130943216931,15561.258344359874
2024-05-02,16190.400390625,15634.460963188883,15563.731170676017
2024-05-03,16097.0,15637.847695106395,15566.204389946886
2024-05-06,16077.0,15641.292015236255,15568.678002234923
2024-05-07,16034.0,15644.80354955402,15571.152007602583
2024-05-08,16073.0,15648.370966062657,15573.62640611233
2024-05-09,16074.0,15652.000475692676,15576.101197826638
2024-05-10,16030.0,15655.681799035732,15578.57638280799
2024-05-13,16038.0,15659.41197905777,15581.051961118881
2024-05-14,16121.0,15663.184903399786,15583.527932821813
2024-05-15,16102.0,15666.997546508983,15586.004297979302
2024-05-16,15914.0,15670.853825255916,15588.481056653869
2024-05-17,15930.7998046875,15674.738004994399,15590.958208908049
2024-05-20,15958.0,15678.649933235993,15593.435754804384
2024-05-21,16031.0,15682.586659341561,15595.91369440543
2024-05-22,16005.0,15686.53936006359,15598.392027773747
2024-05-23,16040.7001953125,15690.513968971647,15600.870754971911
2024-05-24,16095.0,15694.493213594651,15603.349876062503
2024-05-27,16038.0,15698.473136614286,15605.829391108116
2024-05-28,16071.0,15702.455543920561,15608.309300171355
2024-05-29,16117.0,15706.428309651046,15610.789603314832
2024-05-30,16232.099609375,15710.398500997071,15613.27030060117
2024-05-31,16228.0,15714.354196046717,15615.751392093003
2024-06-03,16243.0,15718.288855678287,15618.232877852972
2024-06-04,16203.0,15722.20571664777,15620.71475794373
2024-06-05,16276.0,15726.093465637618,15623.197032427941
2024-06-06,16315.0,15729.960267200573,15625.679701368277
2024-06-07,16241.7001953125,15733.792843367572,15628.16276482742
2024-06-10,16270.0,15737.59016897679,15630.646222868065
2024-06-11,16312.0,15741.35185453675,15633.130075552912
2024-06-12,16305.400390625,15745.071487047997,15635.614322944675
2024-06-13,16230.0,15748.752461540402,15638.098965106077
2024-06-14,16286.0,15752.385226058264,15640.58400209985
2024-06-17,16479.900390625,15755.969560928039,15643.069433988734
2024-06-18,16479.0,15759.506113805532,15645.555260835485
2024-06-19,16379.0,15762.987348985589,15648.041482702864
2024-06-20,16380.900390625,15766.415915371233,15650.528099653642
2024-06-21,16491.900390625,15769.787477611359,15653.015111750605
2024-06-24,16443.0,15773.100734778562,15655.502519056541
2024-06-25,16394.099609375,15776.356514837027,15657.990321634255
2024-06-26,16401.0,15779.54935435133,15660.47851954656
2024-06-27,16434.0,15782.683876410898,15662.967112856275
2024-06-28,16374.400390625,15785.75609721953,15665.456101626236
2024-07-01,16343.0,15788.765510612498,15667.945485919283
2024-07-02,16390.0,15791.714300430809,15670.435265798269
2024-07-03,16391.0,15794.59548100567,15672.925441326057
2024-07-04,16340.0,15797.41569757569,15675.416012565518
2024-07-05,16328.5,15800.172099265805,15677.906979579533
2024-07-08,16245.0,15802.863521178086,15680.398342430997
2024-07-09,16277.2001953125,15805.493789091943,15682.890101182811
2024-07-10,16277.0,15808.057078643482,15685.382255897886
2024-07-11,16198.0,15810.558730121089,15687.874806639145
2024-07-12,16104.0,15812.997202861061,15690.367753469522
2024-07-15,16108.0,15815.371748348836,15692.861096451956
2024-07-16,16195.0,15817.684699038879,15695.354835649401
2024-07-17,16173.0,15819.933853730372,15697.848971124818
2024-07-18,16138.0,15822.123128192381,15700.343502941181
2024-07-19,16185.0,15824.251686817395,15702.838431161472
2024-07-22,16206.0,15826.319721824317,15705.333755848682
2024-07-23,16220.2001953125,15828.329585529049,15707.829477065814
2024-07-24,16222.0,15830.27990255869,15710.32559487588
2024-07-25,16246.0,15832.174029199516,15712.822109341902
2024-07-26,16337.7998046875,15834.012106631504,15715.319020526911
2024-07-29,16283.0,15835.794408432746,15717.816328493953
2024-07-30,16301.7001953125,15837.524133580611,15720.314033306076
2024-07-31,16328.5,15839.199498966733,15722.812135026346
2024-08-01,16255.0,15840.824128250184,15725.310633717834
2024-08-02,16281.0,15842.398088696415,15727.809529443623
2024-08-05,16012.0,15843.921632230264,15730.308822266803
2024-08-06,16208.0,15845.438247415274,15732.808512250478
2024-08-07,16152.2998046875,15846.943613003325,15735.30859945776
2024-08-08,16023.0,15848.438805689004,15737.809083951772
2024-08-09,15979.0,15849.924623769473,15740.309965795646
2024-08-12,15918.0,15851.40108663971,15742.811245052526
2024-08-13,15949.099609375,15852.874756357,15745.312921785562
2024-08-14,15749.0,15854.342599260295,15747.814996057918
2024-08-15,15619.5,15855.807055031708,15750.317467932766
2024-08-16,15755.0,15857.26897266959,15752.82033747329
2024-08-19,15683.0,15858.728464418673,15755.323604742682
2024-08-20,15523.0,15860.190943532747,15757.827269804144
2024-08-21,15442.0,15861.654021617083,15760.33133272089
2024-08-22,15484.0,15863.119683506513,15762.835793556143
2024-08-23,15728.5,15864.586423850884,15765.340652373136
2024-08-26,15377.2001953125,15866.053816871534,15767.84590923511
2024-08-27,15462.599609375,15867.528137414023,15770.351564205319
2024-08-28,15467.099609375,15869.006933859322,15772.857617347026
2024-08-29,15440.0,15870.49174423604,15775.364068723506
2024-08-30,15444.7998046875,15871.983030945019,15777.870918398039
2024-09-02,15525.0,15873.480618167192,15780.37816643392
2024-09-03,15520.099609375,15874.989187708348,15782.885812894452
2024-09-04,15532.900390625,15876.505868111188,15785.393857842948
2024-09-05,15444.400390625,15878.032106241484,15787.902301342732
2024-09-06,15417.0,15879.567828940339,15790.411143457137
2024-09-09,15405.0,15881.110213651364,15792.920384249506
2024-09-10,15456.7998046875,15882.662658782789,15795.430023783194
2024-09-11,15489.0,15884.223289074136,15797.940062121565
2024-09-12,15437.0,15885.79328518754,15800.45049932799
2024-09-13,15418.7001953125,15887.37230053751,15802.961335465854
2024-09-16,15393.0,15888.957277945945,15805.472570598553
2024-09-17,15385.0,15890.551430282096,15807.984204789487
2024-09-18,15345.0,15892.153027918963,15810.496238102074
2024-09-19,15300.2001953125,15893.76268664684,15813.008670599735
2024-09-20,15197.599609375,15895.38016540626,15815.521502345906
2024-09-23,15154.0,15897.004244060281,15818.03473340403
2024-09-24,15174.099609375,15898.637027904619,15820.548363837563
2024-09-25,15121.099609375,15900.278969611094,15823.062393709968
2024-09-26,15201.5,15901.92992474357,15825.576823084719
2024-09-27,15070.0,15903.589828352078,15828.091652025301
2024-09-30,15118.0,15905.257346437316,15830.60688059521
2024-10-01,15170.599609375,15906.934073042978,15833.12250885795
2024-10-02,15260.599609375,15908.619112095377,15835.638536877035
2024-10-03,15324.0,15910.312765249795,15838.154964715992
2024-10-04,15457.0,15912.01488086892,15840.671792438354
2024-10-07,15650.0,15913.724088396055,15843.189020107666
2024-10-08,15744.0,15915.441887848512,15845.706647787485
2024-10-09,15682.400390625,15917.210598042313,15848.224675541374
2024-10-10,15664.599609375,15919.020559190476,15850.743103432911
2024-10-11,15670.900390625,15920.875793412877,15853.26193152568
2024-10-14,15562.0,15922.777291538006,15855.781159883276
2024-10-15,15573.0,15924.728476216567,15858.300788569306
2024-10-16,15578.599609375,15926.734787335416,15860.820817647385
2024-10-17,15583.900390625,15928.796477273821,15863.34124718114
2024-10-18,15493.0,15930.916963791347,15865.862077234207
2024-10-21,15467.0,15933.097471644003,15868.383307870232
2024-10-22,15556.0,15935.341104263252,15870.904939152872
2024-10-23,15586.0,15937.652779343352,15873.426971145791
2024-10-24,15663.0,15940.032640446814,15875.949403912668
2024-10-25,15621.5,15942.48370170061,15878.472237517188
2024-10-28,15688.099609375,15945.004129438865,15880.995472023047
2024-10-29,15747.0,15947.595229166192,15883.519107493954
2024-10-30,15768.0,15950.262650166982,15886.043143993626
2024-10-31,15695.5,15953.004630283132,15888.567581585789
2024-11-01,15713.0,15955.823184500738,15891.09242033418
2024-11-04,15842.0,15958.717502576643,15893.617660302549
2024-11-05,15790.0,15961.688180509882,15896.14330155465
2024-11-06,15665.0,15964.738101496743,15898.669344154252
2024-11-07,15818.2001953125,15967.864121923243,15901.195788165134
2024-11-08,15558.0,15971.066431871845,15903.722633651083
2024-11-11,15647.2001953125,15974.342413666518,15906.249880675898
2024-11-12,15765.0,15977.688531818229,15908.777529303385
2024-11-13,15788.900390625,15981.104770595197,15911.305579597363
2024-11-14,15847.2001953125,15984.587209754603,15913.834031621662
2024-11-15,15933.2998046875,15988.133882801241,15916.36288544012
2024-11-18,15891.2998046875,15991.740280802826,15918.892141116585
2024-11-19,15806.099609375,15995.400724328665,15921.421798714917
2024-11-20,15817.099609375,15999.113715461699,15923.951858298984
2024-11-21,15913.0,16002.873519773819,15926.482319932666
2024-11-22,15816.900390625,16006.676677159827,15929.013183679852
2024-11-25,15940.0,16010.517621797924,15931.544449604442
2024-11-26,15901.2001953125,16014.391422025763,15934.076117770344
2024-11-27,15930.0,16018.294703958634,15936.60818824148
2024-11-28,15863.5,16022.223496070019,15939.14066108178
2024-11-29,15878.0,16026.173058506118,15941.673536355182
2024-12-02,15829.0,16030.138462103654,15944.206814125637
2024-12-03,15910.0,16034.114539011312,15946.740494457106
2024-12-04,15940.0,16038.09796073705,15949.27457741356
2024-12-05,15906.599609375,16042.083695021085,15951.80906305898
2024-12-06,15839.7998046875,16046.068215783283,15954.343951457355
2024-12-09,15825.7998046875,16050.046942818619,15956.879242672687
2024-12-10,15864.0,16054.015270765827,15959.414936768988
2024-12-11,15908.0,16057.970474318365,15961.95103381028
2024-12-12,15963.0,16061.906616137918,15964.487533860593
2024-12-13,15967.400390625,16065.819996790826,15967.02443698397
2024-12-16,16025.7998046875,16069.70734530591,15969.561743244461
2024-12-17,15955.0,16073.564341563182,15972.099452706132
2024-12-18,15926.2001953125,16077.388598727654,15974.637565433053
2024-12-19,16145.2998046875,16081.176410462309,15977.176081489306
2024-12-20,15981.2998046875,16084.925015752715,15979.715000938984
2024-12-23,16159.2998046875,16088.631681337522,15982.254323846191
2024-12-24,16217.599609375,16092.293248225847,15984.79405027504
2024-12-25,15970.7998046875,16095.908025150307,15987.334180289654
2024-12-26,15069.400390625,16099.473323302318,15989.874713954165
2024-12-27,16189.0,16102.987387951593,15992.415651332718
2024-12-30,16178.0,16106.448490365468,15994.956992489468
2024-12-31,16085.599609375,16109.854669342283,15997.498737488577
2025-01-02,16230.5,16113.204289618972,16000.04088639422
2025-01-03,16201.099609375,16116.495808749716,16002.58343927058
2025-01-06,16178.7998046875,16119.728129504687,16005.126396181855
2025-01-07,16179.099609375,16122.900287232234,16007.669757192247
2025-01-08,16157.7001953125,16126.010913620485,16010.213522365972
2025-01-09,16187.599609375,16129.05937805025,16012.757691767256
2025-01-10,16237.0,16132.0446719833,16015.302265460334
2025-01-13,16268.0,16134.966326140117,16017.84724350945
2025-01-14,16295.2001953125,16137.824035342295,16020.392625978862
2025-01-15,16320.0,16140.617060215503,16022.938412932835
2025-01-16,16360.7998046875,16143.3456105692,16025.484604435647
2025-01-17,16368.7998046875,16146.009327725158,16028.031200551583
2025-01-20,16367.099609375,16148.608314109144,16030.578201344939
2025-01-21,16245.0,16151.142824769124,16033.125606880023
2025-01-22,16330.7998046875,16153.612775858412,16035.67341722115
2025-01-23,16232.7998046875,16156.018780553553,16038.221632432653
2025-01-24,16230.900390625,16158.36109015361,16040.770252578865
2025-01-27,16164.900390625,16160.640167509957,16043.319277724133
2025-01-28,16155.599609375,16162.856757764957,16045.868707932817
2025-01-29,15881.2001953125,16165.011212867796,16048.418543269287
2025-01-30,16238.0,16167.104392957424,16050.968783797918
2025-01-31,16274.5,16169.136952532977,16053.5194295831
2025-02-03,16341.2998046875,16171.109550692065,16056.070480689234
2025-02-04,16320.0,16173.02316442213,16058.621937180726
2025-02-05,16299.099609375,16174.878580429693,16061.173799121998
2025-02-06,16298.099609375,16176.676851479415,16063.726066577477
2025-02-07,16327.0,16178.418883487318,16066.278739611605
2025-02-10,16314.7001953125,16180.105671948444,16068.831818288832
2025-02-11,16330.099609375,16181.73840168764,16071.38530267362
2025-02-12,16343.2998046875,16183.318091204934,16073.939192830436
2025-02-13,16375.0,16184.845995643025,16076.493488823762
2025-02-14,16219.0,16186.340236639606,16079.048190718091
2025-02-17,16173.0,16187.832527200291,16081.603298577924
2025-02-18,16220.0,16189.311878568891,16084.158812467771
2025-02-19,16317.0,16190.78129250911,16086.714732452156
2025-02-20,16346.400390625,16192.241682771511,16089.271058595608
2025-02-21,16245.099609375,16193.695425762118,16091.827790962672
2025-02-24,16278.0,16195.145660565577,16094.3849296179
2025-02-25,16279.2998046875,16196.59146152673,16096.942474625854
2025-02-26,16314.0,16198.034379819097,16099.500426051109
2025-02-27,16367.400390625,16199.475236574915,16102.058783958246
2025-02-28,16553.69921875,16200.916211052085,16104.617548411861
2025-03-03,16522.0,16202.359973969742,16107.176719476558
2025-03-04,16451.19921875,16203.805719525073,16109.736297216949
2025-03-05,16379.0,16205.25379679995,16112.29628169766
2025-03-06,16268.900390625,16206.702623411067,16114.856672983326
2025-03-07,16322.099609375,16208.155267759174,16117.417471138591
2025-03-10,16292.599609375,16209.61514772588,16119.978676228111
2025-03-11,16324.0,16211.08055942295,16122.540288316552
2025-03-12,16433.900390625,16212.552983793295,16125.102307468589
2025-03-13,16305.599609375,16214.032528124311,16127.664733748908
2025-03-14,16259.2998046875,16215.521315017382,16130.227567222206
2025-03-17,16321.0,16217.02136061865,16132.79080795319
2025-03-18,16370.0,16218.530935298397,16135.354456006577
2025-03-19,16514.5,16220.051008186098,16137.918511447093
2025-03-20,16330.2998046875,16221.580342830564,16140.482974339475
2025-03-21,16428.5,16223.118508533662,16143.047844748473
2025-03-24,16519.0,16224.667353911978,16145.613122738843
2025-03-25,16575.80078125,16226.225936917495,16148.178808375356
2025-03-26,16621.0,16227.794743832208,16150.74490172279
2025-03-27,16629.0,16229.372215027273,16153.311402845933
2025-03-28,16560.900390625,16230.957675504395,16155.878311809583
2025-03-31,16575.0,16232.552924072546,16158.445628678553
2025-04-01,16652.0,16234.156736512568,16161.013353517661
2025-04-02,16731.400390625,16235.769541692178,16163.581486391737
2025-04-03,16739.0,16237.39055945693,16166.15002736562
2025-04-04,16739.80078125,16239.020123316252,16168.718976504164
2025-04-07,16738.0,16240.659748265554,16171.288333872228
2025-04-08,16855.69921875,16242.309851854823,16173.858099534684
2025-04-09,17051.900390625,16243.969948656802,16176.428273556414
2025-04-10,16805.5,16245.639550387132,16178.99885600231
2025-04-11,16833.80078125,16247.318523910293,16181.569846937275
2025-04-14,16788.0,16249.007587341546,16184.14124642622
2025-04-15,16780.0,16250.706223933308,16186.713054534068
2025-04-16,16813.5,16252.414625627885,16189.285271325754
2025-04-17,16794.599609375,16254.131964723381,16191.85789686622
2025-04-21,16794.599609375,16255.858043201542,16194.430931220422
2025-04-22,16814.900390625,16257.615895802499,16197.004374453321
2025-04-23,16858.099609375,16259.424693340603,16199.578226629894
2025-04-24,16846.0,16261.279316347744,16202.152487815125
2025-04-25,16778.5,16263.18341403501,16204.727158074009
2025-04-28,16823.0,16265.13886501805,16207.302237471553
2025-04-29,16795.0,16267.150792133496,16209.877726072771
2025-04-30,16711.900390625,16269.222401801311,16212.45362394269
2025-05-01,16545.900390625,16271.35536121436,16215.029931146348
2025-05-02,16606.0,16273.552531458936,16217.60664774879
2025-05-05,16460.0,16275.816019030186,16220.183773815073
2025-05-06,16421.5,16278.150382397671,16222.761309410267
2025-05-07,16432.0,16280.55849646884,16225.339254599447
2025-05-08,16492.599609375,16283.041808952072,16227.917609447702
2025-05-09,16538.30078125,16285.601246651231,16230.496374020133
2025-05-12,16543.0,16288.23633095845,16233.075548381845
2025-05-13,16688.80078125,16290.950802953044,16235.65513259796
2025-05-14,16599.400390625,16293.747094581247,16238.235126733607
2025-05-15,16558.19921875,16296.624867262386,16240.815530853924
2025-05-16,16511.80078125,16299.584995612578,16243.396345024064
2025-05-19,16487.0,16302.627095981854,16245.977569309187
2025-05-20,16428.0,16305.753004599503,16248.559203774463
2025-05-21,16403.0,16308.962629786249,16251.141248485075
2025-05-22,16347.599609375,16312.253911817455,16253.723703506213
2025-05-23,16356.900390625,16315.625670215168,16256.306568903081
2025-05-26,16211.0,16319.074218827238,16258.88984474089
2025-05-27,16243.5,16322.597468045598,16261.473531084863
2025-05-28,16279.0,16326.193267674966,16264.057628000233
2025-05-29,16286.0,16329.858013716499,16266.642135552245
2025-05-30,16293.0,16333.588210819089,16269.227053806151
2025-06-02,16322.0,16337.377991110137,16271.812382827216
2025-06-03,16288.5,16341.2232347223,16274.398122680715
2025-06-04,16332.400390625,16345.120085166158,16276.984273431934
2025-06-05,16291.5,16349.063114741046,16279.570835146165
2025-06-06,16246.400390625,16353.047493923053,16282.157807888718
2025-06-09,16309.0,16357.067230515684,16284.745191724907
2025-06-10,16278.7998046875,16361.117731159966,16287.33298672006
2025-06-11,16247.7998046875,16365.1950227996,16289.92119293951
2025-06-12,15778.0,16369.294210212964,16292.509810448608
2025-06-13,16164.5,16373.410027136473,16295.09883931271
2025-06-16,16282.599609375,16377.536947110457,16297.688279597185
2025-06-17,15801.0,16381.670311227996,16300.278131367411
2025-06-18,16275.0,16385.805730892753,16302.868394688778
2025-06-19,15598.5,16389.93846712002,16305.459069626684
2025-06-20,16390.0,16394.064279054033,16308.05015624654
2025-06-23,16431.0,16398.17819240019,16310.641654613764
2025-06-24,16370.0,16402.276301418508,16313.233564793787
2025-06-25,16290.0,16406.354150750045,16315.825886852052
2025-06-26,16290.0,16410.406441093048,16318.418620854007
2025-06-27,16222.7998046875,16414.42965429407,16321.011766865115
2025-06-30,16229.0,16418.41977017714,16323.605324950848
2025-07-01,16230.0,16422.373236680178,16326.199295176688
2025-07-02,16236.400390625,16426.28696543181,16328.79367760813
2025-07-03,16235.0,16430.15747068121,16331.388472310675
2025-07-04,16203.7001953125,16433.98201887162,16333.983679349836
2025-07-07,16178.0,16437.757601007994,16336.579298791139
2025-07-08,16318.900390625,16441.481759364477,16339.175330700118
2025-07-09,16261.0,16445.152396047408,16341.771775142317
2025-07-10,16235.0,16448.767188605685,16344.368632183292
2025-07-11,16209.099609375,16452.32450050934,16346.965901888609
2025-07-14,16222.0,16455.822492260297,16349.563584323843
2025-07-15,16256.2001953125,16459.25936436073,16352.161679554583
2025-07-16,16252.099609375,16462.633602025686,16354.760187646423
2025-07-17,16271.2001953125,16465.943900241477,16357.359108664972
2025-07-18,16329.7001953125,16469.189337038162,16359.958442675848
2025-07-21,16321.0,16472.368806044233,16362.55818974468
2025-07-22,16329.5,16475.48133641496,16365.158349937103
2025-07-23,16245.2998046875,16478.526231154003,16367.75892331877
2025-07-24,16266.099609375,16481.502778377806,16370.35990995534
2025-07-25,16307.0,16484.41072412314,16372.961309912482
2025-07-28,16353.0,16487.249628161066,16375.563123255875
2025-07-29,16398.80078125,16490.01928235053,16378.165350051213
2025-07-30,16367.900390625,16492.719776377347,16380.767990364195
2025-07-31,16426.80078125,16495.351027801713,16383.371044260533
2025-08-01,16483.0,16497.91336767794,16385.97451180595
2025-08-04,16483.0,16500.406981545708,16388.57839306618
2025-08-05,16362.0,16502.832224688926,16391.18268810696
2025-08-06,16377.5,16505.18969276054,16393.787396994052
2025-08-07,16334.7001953125,16507.479811647245,16396.392519793215
2025-08-08,16300.0,16509.703327444353,16398.998056570224
2025-08-11,16249.0,16511.86090491475,16401.604007390866
2025-08-12,16298.0,16513.953232311764,16404.210372320933
2025-08-13,16248.2001953125,16515.981219179142,16406.817151426232
2025-08-14,16109.0,16517.945592814278,16409.42434477258
2025-08-15,16169.0,16519.847283173134,16412.0319524258
2025-08-18,16196.0,16521.687289208563,16414.639974451737
2025-08-19,16205.400390625,16523.466608900653,16417.248410916232
2025-08-20,16275.2001953125,16525.1863462857,16419.857261885147
2025-08-21,16263.599609375,16526.847517606155,16422.466527424345
2025-08-22,16339.7001953125,16528.451314293594,16425.07620759971
2025-08-25,16227.0,16529.998936840984,16427.68630247713
2025-08-26,16267.0,16531.493357755415,16430.296812122506
2025-08-27,16299.2001953125,16532.991026223724,16432.907736601745
2025-08-28,16314.0,16534.472566513596,16435.51907598077
2025-08-29,16344.2998046875,16535.942820122887,16438.130830325514
2025-09-01,16409.0,16537.402535301775,16440.742999701917
2025-09-02,16405.19921875,16538.85287150881,16443.355584175933
2025-09-03,16443.900390625,16540.29990401499,16445.968583813523
2025-09-04,16463.0,16541.740875476047,16448.58199868066
2025-09-05,16452.099609375,16543.178209597645,16451.19582884333
2025-09-08,16392.0,16544.612600889603,16453.810074367528
2025-09-09,16446.099609375,16546.04517050913,16456.424735319255
2025-09-10,16449.900390625,16547.48122024292,16459.039811764527
2025-09-11,16439.0,16548.918263507883,16461.65530376937
2025-09-12,16413.599609375,16550.358453861863,16464.271211399824
2025-09-15,16401.0,16551.798657401436,16466.887534721933
2025-09-16,16364.599609375,16553.240492580382,16469.50427380175
2025-09-17,16398.099609375,16554.69106978674,16472.121428705348
2025-09-18,16418.599609375,16556.14640392504,16474.738999498804
2025-09-19,16569.099609375,16557.60917320273,16477.356986248207
2025-09-22,16637.0,16559.078978009908,16479.975389019655
2025-09-23,16582.0,16560.557039231273,16482.594207879258
2025-09-24,16633.0,16562.048162440133,16485.21344289314
2025-09-25,16695.099609375,16563.54862359117,16487.833094127425
2025-09-26,16759.099609375,16565.060490542935,16490.45316164826
2025-09-29,16723.0,16566.582804577676,16493.073645521792
2025-09-30,16628.0,16568.113244212553,16495.694545814185
2025-10-01,16683.0,16569.655771751284,16498.315862591615
2025-10-02,16644.099609375,16571.208124148954,16500.93759592026
2025-10-03,16601.5,16572.771744716218,16503.559745866314
2025-10-06,16558.0,16574.345332171913,16506.18231249599
2025-10-07,16596.5,16575.926155984984,16508.805295875492
2025-10-08,16587.0,16577.518272688812,16511.428696071052
2025-10-09,16556.0,16579.119022617702,16514.052513148905
2025-10-10,16577.69921875,16580.72971373968,16516.676747175294
2025-10-13,16598.0,16582.349205497656,16519.301398216478
2025-10-14,16548.0,16583.977167313766,16521.926466338726
2025-10-15,16585.900390625,16585.6157162366,16524.55195160831
2025-10-16,16575.0,16587.265571465356,16527.17785409153
2025-10-17,16561.900390625,16588.926211917445,16529.804173854674
2025-10-20,16566.0,16590.5972922743,16532.430910964056
2025-10-21,16542.0,16592.27785293089,16535.058065485995
2025-10-22,16598.900390625,16593.969648611805,16537.685637486822
2025-10-23,16596.599609375,16595.671430612983,16540.31362703288
2025-10-24,16593.80078125,16597.38396217558,16542.94203419052
2025-10-27,16597.80078125,16599.1063603776,16545.570859026106
2025-10-28,16158.2001953125,16600.83762988587,16548.200101606006
2025-10-29,16561.779296875,16602.57934274189,16550.829761996607
2025-10-30,16562.0,16604.33413583552,16553.459840264302
2025-10-31,16150.0,16606.148895403465,16556.090336475496
2025-11-03,16630.0,16608.011089965454,16558.721250696603
2025-11-04,16640.900390625,16609.92441989095,16561.352582994048
2025-11-05,16707.0,16611.892826532123,16563.98433343427
2025-11-06,16669.0,16613.918435685697,16566.616502083714
2025-11-07,16694.099609375,16616.008198026735,16569.249089008837
2025-11-10,16653.0,16618.162385642307,16571.88209427611
2025-11-11,16690.0,16620.38372898147,16574.515517952004
2025-11-12,16694.900390625,16622.67576118783,16577.149360103012
2025-11-13,16729.0,16625.04063500293,16579.783620795635
2025-11-14,16719.0,16627.484506828863,16582.418300096382
2025-11-17,16679.5,16630.007490896824,16585.053398071774
2025-11-18,16738.900390625,16632.61173210974,16587.68891478834
2025-11-19,16727.69921875,16635.295585437547,16590.324850312627
2025-11-20,16686.69921875,16638.06104032687,16592.961204711184
2025-11-21,16731.0,16640.914331364263,16595.597978050573
2025-11-24,16639.0,16643.8531398879,16598.23517039737
2025-11-25,16645.0,16646.878630669522,16600.872781818158
2025-11-26,16633.5,16649.99055046877,16603.51081237953
2025-11-27,16614.69921875,16653.189032614,16606.149262148094
2025-11-28,16603.900390625,16656.47704172536,16608.788131190464
2025-12-01,16635.0,16659.850631350186,16611.42741957327
2025-12-02,16609.0,16663.308731876125,16614.06712736314
2025-12-03,16609.900390625,16666.84880071535,16616.707254626734
2025-12-04,16594.0,16670.465797083794,16619.3478014307
2025-12-05,16654.400390625,16674.159564424757,16621.98876784171
2025-12-08,16683.0,16677.925191763465,16624.630153926446
2025-12-09,16686.0,16681.759138665027,16627.271959751597
2025-12-10,16662.0,16685.65636238497,16629.914185383863
2025-12-11,16639.0,16689.609738988067,16632.556830889953
2025-12-12,16649.0,16693.617231691547,16635.19989633659
2025-12-15,16623.099609375,16697.67213261356,16637.84338179051
2025-12-16,16645.80078125,16701.76942134276,16640.48728731845
2025-12-17,16644.599609375,16705.903015828837,16643.131612987167
2025-12-18,16657.0,16710.066956298902,16645.776358863426
2025-12-19,16685.19921875,16714.257261478233,16648.421525014
2025-12-22,16678.5,16718.469532418778,16651.067111505676
2025-12-23,16756.400390625,16722.697811786642,16653.71311840525
2025-12-24,16735.0,16726.936750188204,16656.359545779524
2025-12-26,16753.099609375,16731.18040944995,16659.006393695323
2025-12-29,16741.099609375,16735.425100141456,16661.65366221947
2025-12-30,16770.0,16739.665470474745,16664.301351418802
2025-12-31,16709.0,16743.897327037914,16666.949461360175
2026-01-02,16668.0,16748.115781036835,16669.59799211044
2026-01-05,16683.0,16752.315716807454,16672.246943736474
2026-01-06,16727.19921875,16756.49410644477,16674.896316305156
2026-01-07,16742.0,16760.644602475677,16677.546109883377
2026-01-08,16753.0,16764.76299621789,16680.19632453804
2026-01-09,16805.69921875,16768.846047080657,16682.846960336057
2026-01-12,16826.69921875,16772.888869372477,16685.498017344355
2026-01-13,16859.400390625,16776.889110008648,16688.149495629863
2026-01-14,16840.80078125,16780.842936994974,16690.80139525953
2026-01-15,16845.099609375,16784.7472787708,16693.453716300308
2026-01-16,16878.900390625,16788.59964579546,16696.106458819166
2026-01-19,16876.599609375,16792.396760260526,16698.759622883077
2026-01-20,16939.0,16796.137077701183,16701.41320855903
2026-01-21,16960.099609375,16799.81809179562,16704.067215914027
2026-01-22,16897.0,16803.437946990278,16706.721645015074
2026-01-23,16820.0,16806.99515496912,16709.376495929188
2026-01-26,16770.0,16810.487781172033,16712.0317687234
2026-01-27,16734.0,16813.914220626775,16714.68746346475
2026-01-28,16674.69921875,16817.27320226595,16717.34358022029
2026-01-29,16722.80078125,16820.563641749006,16720.000119057087
2026-01-30,16778.30078125,16823.784812940838,16722.65708004221
2026-02-02,16758.400390625,16826.93541259208,16725.314463242736
2026-02-03,16758.400390625,16830.014936787535,16727.972268725767
2026-02-04,16759.0,16833.022605498696,16730.630496558406
2026-02-05,16800.0,16835.95803852346,16733.289146807765
2026-02-06,16879.900390625,16838.821191385436,16735.948219540973
2026-02-09,16843.5,16841.611432506965,16738.607714825164
2026-02-10,16796.0,16844.329194085047,16741.267632727486
2026-02-11,16778.0,16846.974366776987,16743.927973315098
2026-02-12,16793.900390625,16849.547190516594,16746.58873665517
2026-02-13,16809.0,16852.048245183134,16749.249922814877
2026-02-16,16826.099609375,16854.47757107582,16751.911531861413
2026-02-17,16806.599609375,16856.836024738786,16754.573563861977
2026-02-18,16840.0,16859.124134615045,16757.236018883777
2026-02-19,16915.30078125,16861.342495423247,16759.89889699404
2026-02-20,16887.19921875,16863.492165577623,16762.562198259995
2026-02-23,16843.400390625,16865.573630521885,16765.225922748887
2026-02-24,16804.30078125,16867.58794896185,16767.89007052797
2026-02-25,16816.80078125,16869.536025857004,16770.55464166451
2026-02-26,16749.80078125,16871.418625201128,16773.21963622578
2026-02-27,16749.0,16873.236970571543,16775.885054279064
2026-03-02,16795.0,16874.99201430438,16778.550895891665
2026-03-03,16863.0,16876.684948963586,16781.217161130888
2026-03-04,16898.099609375,16878.316901643684,16783.88385006405
2026-03-05,16865.0,16879.888975605452,16786.55096275848
2026-03-06,16913.099609375,16881.40255901003,16789.218499281516
2026-03-09,16923.69921875,16882.899124604166,16791.886459700512
2026-03-10,16886.0,16884.385332361762,16794.554844082828
2026-03-11,16852.0,16885.857422475852,16797.22365249583
2026-03-12,16884.0,16887.317648977874,16799.89288500691
2026-03-13,16908.0,16888.76722564275,16802.562541683452
2026-03-16,16952.099609375,16890.210842438,16805.232622592866
2026-03-17,16953.099609375,16891.648835966786,16807.903127802565
2026-03-18,16971.30078125,16893.08182720639,16810.574057379974
2026-03-19,17041.69921875,16894.511128530416,16813.245411392527
2026-03-20,16915.900390625,16895.937866117507,16815.917189907672
2026-03-23,16959.30078125,16897.36620941395,16818.589392992864
2026-03-24,16865.099609375,16898.796338566193,16821.262020715574
2026-03-25,16797.30078125,16900.22894923229,16823.935073143282
2026-03-26,16749.599609375,16901.662427058378,16826.608550343477
2026-03-27,16925.0,16903.09681077973,16829.282452383657
2026-03-30,16958.0,16904.537837675678,16831.956779331333
2026-03-31,16975.400390625,16905.98514210653,16834.63153125403
2026-04-01,16936.400390625,16907.43927682653,16837.306708219276
2026-04-02,16924.099609375,16908.900838195677,16839.982310294614
2026-04-03,16959.0,16910.37056251394,16842.6583375476
2026-04-06,16988.0,16911.85241268709,16845.3347900458
2026-04-07,17015.30078125,16913.34540734534,16848.011667856787
2026-04-08,17027.400390625,16914.84973659021,16850.68897104815
2026-04-09,17005.5,16916.365469071716,16853.36669968748
2026-04-10,17059.0,16917.890567889615,16856.044853842395
2026-04-13,17083.0,16919.42709424637,16858.723433580504
2026-04-14,17079.19921875,16920.974842812982,16861.40243896944
2026-04-15,17129.0,16922.534084818737,16864.08187007684
2026-04-16,17146.099609375,16924.10440959764,16866.761726970355
2026-04-17,17123.0,16925.683341997967,16869.442009717648
2026-04-20,17133.0,16927.272862356876,16872.122718386392
2026-04-21,17123.80078125,16928.872522535443,16874.803853044268
2026-04-22,17133.099609375,16930.48233794322,16877.485413758972
2026-04-23,17199.5,16932.10190230299,16880.167400598206
2026-04-24,17329.0,16933.7305755127,16882.849813629684
2026-04-27,17246.0,16935.3697405102,16885.532652921134
2026-04-28,17216.0,16937.02070203443,16888.215918540292
2026-04-29,17244.0,16938.68339122107,16890.899610554905
2026-04-30,17334.19921875,16940.357312759555,16893.583729032733
2026-05-01,17311.0,16942.04166040145,16896.26827404154
2026-05-04,17288.5,16943.737404343392,16898.95324564911
2026-05-05,17346.19921875,16945.444239176297,16901.638643923234
2026-05-06,17389.80078125,16947.162327890303,16904.32446893171
2026-05-07,17296.900390625,16948.891270949844,16907.010720742353
2026-05-08,17294.900390625,16950.630019440465,16909.697399422985
2026-05-11,17358.0,16952.379456967334,16912.38450504144
2026-05-12,17413.0,16954.137634534072,16915.07203766556
2026-05-13,17549.0,16955.9085247551,16917.7599973632
2026-05-14,17500.0,16957.743910940415,16920.448384202227
2026-05-15,17530.599609375,16959.62825575382,16923.13719825052
2026-05-18,17586.0,16961.5678420085,16925.82643957596
2026-05-19,17701.0,16963.5650191921,16928.516108246455
2026-05-20,17777.0,16965.622824505874,16931.206204329905
2026-05-21,17658.400390625,16967.748869678875,16933.896727894236
2026-05-22,17692.0,16969.94240410755,16936.587679007374
2026-05-25,17692.0,16972.20786530017,16939.279057737265
2026-05-26,17762.0,16974.547563627417,16941.97086415186
2026-05-27,17699.69921875,16976.964457502574,16944.663098319117
2026-05-28,17804.0,16979.465212943065,16947.355760307015
2026-05-29,17840.0,16982.049226047362,16950.048850183535
